CASE_ID,ACCIDENT_YEAR,PROC_DATE,JURIS,COLLISION_DATE,COLLISION_TIME,OFFICER_ID,REPORTING_DISTRICT,DAY_OF_WEEK,CHP_SHIFT,POPULATION,CNTY_CITY_LOC,SPECIAL_COND,BEAT_TYPE,CHP_BEAT_TYPE,CITY_DIVISION_LAPD,CHP_BEAT_CLASS,BEAT_NUMBER,PRIMARY_RD,SECONDARY_RD,DISTANCE,DIRECTION,INTERSECTION,WEATHER_1,WEATHER_2,STATE_HWY_IND,CALTRANS_COUNTY,CALTRANS_DISTRICT,STATE_ROUTE,ROUTE_SUFFIX,POSTMILE_PREFIX,POSTMILE,LOCATION_TYPE,RAMP_INTERSECTION,SIDE_OF_HWY,TOW_AWAY,COLLISION_SEVERITY,NUMBER_KILLED,NUMBER_INJURED,PARTY_COUNT,PRIMARY_COLL_FACTOR,PCF_CODE_OF_VIOL,PCF_VIOL_CATEGORY,PCF_VIOLATION,PCF_VIOL_SUBSECTION,HIT_AND_RUN,TYPE_OF_COLLISION,MVIW,PED_ACTION,ROAD_SURFACE,ROAD_COND_1,ROAD_COND_2,LIGHTING,CONTROL_DEVICE,CHP_ROAD_TYPE,PEDESTRIAN_ACCIDENT,BICYCLE_ACCIDENT,MOTORCYCLE_ACCIDENT,TRUCK_ACCIDENT,NOT_PRIVATE_PROPERTY,ALCOHOL_INVOLVED,STWD_VEHTYPE_AT_FAULT,CHP_VEHTYPE_AT_FAULT,COUNT_SEVERE_INJ,COUNT_VISIBLE_INJ,COUNT_COMPLAINT_PAIN,COUNT_PED_KILLED,COUNT_PED_INJURED,COUNT_BICYCLIST_KILLED,COUNT_BICYCLIST_INJURED,COUNT_MC_KILLED,COUNT_MC_INJURED,PRIMARY_RAMP,SECONDARY_RAMP,LATITUDE,LONGITUDE,COUNTY,CITY,POINT_X,POINT_Y
6678013,2015,2016-01-29,4203,2015-08-25,1809,3197,,2,5,5,4203,0,0,0,,0,001,"E GUTIERREZ ST","SALSIPUEDES ST",81.00,E,N,A,-,N,,,,,,,,,,N,1,1,0,1,A,-,01,21200,5,N,B,G,A,A,H,-,A,D,0,,Y,,,Y,Y,L,04,0,0,0,0,0,1,0,0,0,"- ","- ",34.422730000000001,-119.68749,"SANTA BARBARA","SANTA BARBARA",-119.68724228000001,34.42238665
6753223,2015,2015-02-19,4203,2015-01-07,1356,0394,4203,3,5,5,4203,0,0,0,,0,004,"CASTILLO ST","MICHELTORENA ST",250.00,S,N,A,-,N,,,,,,,,,,Y,4,0,1,2,A,-,08,22107,,N,B,E,A,A,H,-,A,D,0,,,,,Y,,-,,0,0,1,0,0,0,0,0,0,"- ","- ",34.251750000000001,-119.42444999999999,"SANTA BARBARA","SANTA BARBARA",-119.71213953,34.421506049999998
6753227,2015,2016-04-13,4203,2015-01-05,1728,6969,,1,5,5,4203,0,0,0,,0,006,"CLIFF DR","OCEANO AV",0.00,,Y,A,-,N,,,,,,,,,,Y,3,0,1,2,A,-,09,21801,A,N,D,C,A,A,H,-,D,D,0,,,,,Y,,-,,0,1,0,0,0,0,0,0,0,"- ","- ",34.241500000000002,-119.42189999999999,"SANTA BARBARA","SANTA BARBARA",-119.70553993,34.404290039999999
6753231,2015,2015-02-19,4203,2015-01-03,1725,7568,,6,5,5,4203,0,0,0,,0,003,"SANTA BARBARA ST","PEDREGOSA ST",0.00,,Y,A,-,N,,,,,,,,,,Y,3,0,1,2,A,-,00,21082,A,N,D,C,A,A,H,-,B,A,0,,,,,Y,,-,,0,1,0,0,0,0,0,0,0,"- ","- ",34.432000000000002,-119.7111,"SANTA BARBARA","SANTA BARBARA",-119.71114994,34.432060030000002
6753262,2015,2015-02-23,4203,2015-01-02,1839,6495,,5,5,5,4203,0,0,0,,0,005,"HITCHCOCK WY","CALLE REAL",228.00,N,N,A,-,N,,,,,,,,,,Y,4,0,1,2,A,-,09,21804,A,N,D,C,A,A,H,-,C,D,0,,,,,Y,,-,,0,0,1,0,0,0,0,0,0,"- ","- ",34.433860000000003,-119.74579,"SANTA BARBARA","SANTA BARBARA",-119.74601524000001,34.433424969999997
6753266,2015,2015-03-18,4203,2015-01-02,1722,6495,,5,5,5,4203,0,0,0,,0,005,"S HOPE AV","STATE ST",738.00,S,N,A,-,N,,,,,,,,,,Y,4,0,1,2,A,-,08,22107,,N,D,C,A,A,H,-,B,D,0,,,,,Y,,-,,0,0,1,0,0,0,0,0,0,"- ","- ",34.438339999999997,-119.74672,"SANTA BARBARA","SANTA BARBARA",-119.74671471000001,34.438384040000003
6753270,2015,2015-02-23,4203,2015-01-02,1137,2661,,5,5,5,4203,0,0,0,,0,004,"DE LA VINA ST","VICTORIA ST",0.00,,Y,A,-,N,,,,,,,,,,N,3,0,1,2,A,-,09,21802,A,N,D,G,A,A,H,-,A,A,0,,Y,,,Y,,-,,0,1,0,0,0,0,1,0,0,"- ","- ",34.251899999999999,-119.4229,"SANTA BARBARA","SANTA BARBARA",-119.70800989999999,34.422180099999999
6787226,2015,2015-02-19,4204,2015-01-11,1629,90272,056,7,5,5,4204,0,0,0,,0,003,SMITH,"PARK AV",0.00,,Y,A,-,N,,,,,,,,,,Y,3,0,1,3,A,-,03,22350,,N,D,E,A,A,H,-,A,D,0,,,,,Y,,A,01,0,1,0,0,0,0,0,0,0,"- ","- ",,,"SANTA BARBARA","SANTA MARIA",-120.44263995,34.944530059999998
6787227,2015,2015-02-19,4204,2015-01-11,0450,90241,15,7,5,5,4204,0,0,0,,0,001,THORNBURG,"ALVIN AV",20.00,N,N,A,-,N,,,,,,,,,,N,4,0,1,2,A,-,08,22107,,F,D,G,A,A,H,-,C,A,0,,Y,,,Y,,L,04,0,0,1,0,0,0,1,0,0,"- ","- ",,,"SANTA BARBARA","SANTA MARIA",-120.44026578,34.960534819999999
6787228,2015,2016-09-13,4204,2015-01-11,0959,90342,27,7,5,5,4204,0,0,0,,0,001,BROADWAY,TUNNELL,0.00,,Y,B,-,Y,SB,5,135,-,-,16.080,I,5,S,Y,4,0,1,2,A,-,09,21802,A,N,D,C,A,A,H,-,A,A,0,,,,,Y,,A,01,0,0,1,0,0,0,0,0,0,"- ","- ",,,"SANTA BARBARA","SANTA MARIA",-120.43586861999999,34.957511820000001
6787229,2015,2015-02-19,4204,2015-01-09,1358,90277,49,5,5,5,4204,0,0,0,,0,002,"SUEY RD",JONES,0.00,,Y,A,-,N,,,,,,,,,,N,4,0,1,2,A,-,03,22350,,N,C,C,A,A,H,-,A,A,0,,,,,Y,,A,01,0,0,1,0,0,0,0,0,0,"- ","- ",,,"SANTA BARBARA","SANTA MARIA",-120.40916987,34.945760040000003
6292135,2015,2015-05-15,9755,2015-02-21,2155,17378,,6,2,9,4200,0,1,3,,1,042,"RT 154","ROBLAR AV",0.00,,Y,A,-,Y,SB,5,154,-,R,4.502,I,5,W,Y,1,1,10,2,A,-,01,23152,A,N,A,C,A,A,H,-,D,D,0,,,,,Y,Y,A,01,0,3,7,0,0,0,0,0,0,"- ","- ",34.650599999999997,-120.0954,"SANTA BARBARA",UNINCORPORATED,-120.09531349,34.650552150000003
6292243,2015,2015-06-05,9750,2015-04-16,1805,16714,,4,2,9,4200,0,3,5,,2,020,"RICE RANCH RD","ORCUTT RD",469.00,E,N,A,-,N,,,,,,,,,,Y,1,1,0,2,A,-,01,23152,E,N,E,I,A,A,H,-,A,D,0,,,,,Y,,A,01,0,0,0,0,0,0,0,0,0,"- ","- ",34.857950000000002,-120.43501999999999,"SANTA BARBARA",UNINCORPORATED,-120.43637,34.858600000000003
6292463,2015,2017-04-06,9750,2015-07-08,1930,16714,,3,2,9,4200,0,3,5,,2,030,"RT 101","FRONTAGE RD",106.00,N,N,A,-,Y,SB,5,101,-,-,70.730,R,4,N,Y,1,1,1,3,A,-,08,22107,,N,G,B,E,A,H,-,A,D,1,Y,,,,Y,Y,A,07,0,0,1,0,1,0,0,0,0,TO,"- ",34.741990000000001,-120.26908,"SANTA BARBARA",UNINCORPORATED,-120.26806609,34.740741399999997
6292538,2015,2017-04-04,4200,2015-04-26,0400,3077,14,7,5,4,4214,0,0,0,,0,050,"LOS CARNEROS RD","RT 101",122.00,N,N,B,-,Y,SB,5,101,-,-,23.520,R,4,N,Y,1,1,0,2,A,-,01,23152,E,N,G,B,F,A,H,-,C,D,0,Y,,,,Y,Y,A,01,0,0,0,1,0,0,0,0,0,"- ",NF,,,"SANTA BARBARA",GOLETA,-119.8495558,34.437935699999997
6292768,2015,2016-04-19,4204,2015-12-15,1125,18261,40,2,5,5,4204,0,0,0,,0,002,COOK,"BLOSSER RD",270.00,W,N,A,-,N,,,,,,,,,,N,1,1,0,2,A,-,11,21954,A,N,G,B,-,-,-,-,A,-,0,Y,,,Y,Y,,N,60,0,0,0,1,0,0,0,0,0,"- ","- ",34.9495,-120.4539,"SANTA BARBARA","SANTA MARIA",-120.45467068000001,34.94962512
6292770,2015,2016-04-20,4200,2015-12-07,1855,3116,11,1,5,2,4212,0,0,0,,0,,"RT 246","LA LATA DR",0.00,,Y,A,-,Y,SB,5,246,-,R,25.640,I,5,W,Y,1,1,0,2,A,-,10,21950,A,N,G,B,B,A,H,-,C,A,0,Y,,,,Y,Y,D,22,0,0,0,1,0,0,0,0,0,"- ","- ",,,"SANTA BARBARA",BUELLTON,-120.19997248999999,34.615981910000002
6775179,2015,2015-02-19,4202,2015-01-05,1808,295,LOMPI,1,5,4,4202,0,0,0,,0,,"O ST","COLLEGE AV",0.00,,Y,A,-,N,,,,,,,,,,N,4,0,1,2,A,-,12,22450,,N,D,C,A,A,H,-,C,A,0,,,,,Y,,D,22,0,0,1,0,0,0,0,0,0,"- ","- ",,,"SANTA BARBARA",LOMPOC,-120.46668997,34.647100090000002
6776252,2015,2016-09-08,4200,2015-01-04,1803,3811,6,7,5,2,4206,0,0,0,,0,,"MISSION DR","ALAMO PINTADO",66.00,E,N,A,-,Y,SB,5,246,-,-,30.290,H,-,W,,4,0,1,3,A,-,04,21703,,M,C,C,A,A,H,-,C,A,0,,,,,Y,,-,,0,0,1,0,0,0,0,0,0,"- ","- ",,,"SANTA BARBARA",SOLVANG,-120.12786217999999,34.598921189999999
6781328,2015,2015-02-18,4203,2015-01-03,0941,1497,4203,6,5,5,4203,0,0,0,,0,005,"E CONSTANCE AV","STATE ST",0.00,,Y,A,-,N,,,,,,,,,,N,3,0,1,2,D,-,00,,,N,G,B,B,A,H,-,A,-,0,Y,,,,Y,,-,"- ",0,1,0,0,1,0,0,0,0,"- ","- ",34.261099999999999,-119.432,"SANTA BARBARA","SANTA BARBARA",-119.72232990000001,34.436400089999999
6781329,2015,2015-02-18,4203,2015-01-14,1537,5751,,3,5,5,4203,0,0,0,,0,004,"STATE ST","W MISSION ST",0.00,,Y,A,-,N,,,,,,,,,,N,4,0,1,2,D,-,00,,,F,B,G,A,A,H,-,A,A,0,,Y,,,Y,,-,"- ",0,0,1,0,0,0,1,0,0,"- ","- ",,,"SANTA BARBARA","SANTA BARBARA",-119.71470997,34.430830010000001
6781355,2015,2015-02-18,4203,2015-01-02,1121,2602,4203,5,5,5,4203,0,0,0,,0,006,"DUTTON AV","MICHELTORENA ST",117.00,N,N,A,-,N,,,,,,,,,,N,3,0,1,2,A,-,09,21804,A,N,H,A,A,A,H,-,A,A,0,,,,,Y,,-,,0,1,0,0,0,0,0,0,0,"- ","- ",,,"SANTA BARBARA","SANTA BARBARA",-119.71588247,34.419520849999998
6788675,2015,2016-10-28,9760,2015-01-31,1830,020528,,6,2,9,4200,0,1,2,,2,010,"RT 101","SAN YSIDRO RD",1050.00,S,N,B,-,Y,SB,5,101,-,-,9.820,H,-,N,Y,4,0,1,2,A,-,08,22107,,N,C,C,A,A,H,-,D,D,1,,,,,Y,Y,A,01,0,0,1,0,0,0,0,0,0,"- ","- ",34.421889999999998,-119.62947,"SANTA BARBARA",UNINCORPORATED,-119.62817518999999,34.421459489999997
6788679,2015,2016-10-28,9760,2015-02-02,0755,015658,,1,1,5,4203,0,1,2,,2,011,"RT 101","LAS POSITAS RD",600.00,S,N,A,-,Y,SB,5,101,-,-,16.440,H,-,N,Y,3,0,2,4,A,-,03,22350,,N,C,C,A,A,H,-,A,D,1,,,,,Y,,D,22,0,1,1,0,0,0,0,0,0,"- ","- ",34.426870000000001,-119.72703,"SANTA BARBARA","SANTA BARBARA",-119.73180219,34.42772772
6788692,2015,2015-02-26,4202,2015-01-13,1539,292,,2,5,4,4202,0,0,0,,0,,"CENTRAL AV","V ST",0.00,,Y,A,-,N,,,,,,,,,,Y,4,0,1,3,A,-,00,23153,E,N,D,C,A,A,H,-,A,A,0,,,,,Y,,D,22,0,0,1,0,0,0,0,0,0,"- ","- ",,,"SANTA BARBARA",LOMPOC,-120.4752199,34.660990040000001
6788700,2015,2015-02-26,4202,2015-01-14,1254,230,LOMPO,3,5,4,4202,0,0,0,,0,,"MAPLE AV","E ST",0.00,,Y,A,-,N,,,,,,,,,,Y,4,0,1,2,A,-,09,21802,A,N,D,C,A,A,H,-,A,A,0,,,,,Y,,D,22,0,0,1,0,0,0,0,0,0,"- ","- ",,,"SANTA BARBARA",LOMPOC,-120.45398994999999,34.645400029999998
6788703,2015,2016-10-28,9760,2015-01-14,0900,018490,,3,1,9,4200,0,1,2,,2,011,"RT 101","MISSION ST",1056.00,N,N,A,-,Y,SB,5,101,-,-,16.010,H,-,S,Y,3,0,1,3,A,-,08,22107,,N,C,C,A,A,H,-,A,D,1,,,,,Y,,A,01,0,1,0,0,0,0,0,0,0,"- ","- ",34.426369999999999,-119.72471,"SANTA BARBARA",UNINCORPORATED,-119.72440782,34.426373589999997
6789576,2015,2015-02-18,9750,2015-01-05,1636,012697,,1,2,9,4200,0,2,4,,1,024,"CLARK AV",BROADWAY,4.00,E,N,A,-,N,,,,,,,,,,N,3,0,1,2,A,-,11,21950,B,F,G,B,B,A,H,-,A,A,0,Y,,,,Y,,N,60,0,1,0,0,1,0,0,0,0,"- ","- ",34.865119999999997,-120.44711,"SANTA BARBARA",UNINCORPORATED,-120.44722668,34.865139659999997
6789578,2015,2015-02-18,9750,2015-01-03,1145,016714,,6,1,9,4200,0,3,5,,2,020,"RICE RANCH RD","LORRAINE AV",31.00,E,N,A,-,N,,,,,,,,,,Y,4,0,2,2,A,-,07,21658,A,N,B,C,A,A,H,-,A,D,0,,,,,Y,,A,07,0,0,2,0,0,0,0,0,0,"- ","- ",34.85763,-120.42616,"SANTA BARBARA",UNINCORPORATED,-120.42626670999999,34.85760913
6789953,2015,2015-02-19,4203,2015-01-15,0721,2661,,4,5,5,4203,0,0,0,,0,002,"SHORELINE DR","HARBOR WY",0.00,,Y,A,-,N,,,,,,,,,,N,3,0,1,2,A,-,08,22107,,N,B,G,A,A,H,-,A,A,0,,Y,,,Y,,-,,0,1,0,0,0,0,1,0,0,"- ","- ",34.241300000000003,-119.4141,"SANTA BARBARA","SANTA BARBARA",-119.69491993,34.404220070000001
6789957,2015,2015-02-19,4203,2015-01-14,1757,6983,,3,5,5,4203,0,0,0,,0,004,"STATE ST","VICTORIA ST",147.00,N,N,A,-,N,,,,,,,,,,Y,4,0,1,3,A,-,03,22350,,N,C,C,A,A,H,-,C,A,0,,,,,Y,,-,,0,0,1,0,0,0,0,0,0,"- ","- ",34.252800000000001,-119.4222,"SANTA BARBARA","SANTA BARBARA",-119.70610812,34.424564289999999
6789965,2015,2015-02-19,4203,2015-01-14,0816,2661,,3,5,5,4203,0,0,0,,0,001,"MILPAS ST","HALEY ST",94.00,N,N,A,-,N,,,,,,,,,,Y,4,0,1,3,A,-,03,22350,,N,C,C,A,A,H,-,A,A,0,,,,,Y,,-,,0,0,1,0,0,0,0,0,0,"- ","- ",34.2532,-119.417,"SANTA BARBARA","SANTA BARBARA",-119.68561126,34.42652288
6790110,2015,2016-10-28,9750,2015-01-08,2107,018009,,4,2,5,4204,0,1,2,,2,001,"RT 101","STOWELL RD",1056.00,S,N,A,-,Y,SB,5,101,-,-,87.400,H,-,S,N,2,0,1,2,A,-,11,21954,A,N,G,B,E,A,H,-,C,D,0,Y,,,,Y,,N,60,1,0,0,0,1,0,0,0,0,"- ","- ",34.935099999999998,-120.41785,"SANTA BARBARA","SANTA MARIA",-120.41794336,34.935386719999997
6781356,2015,2015-02-18,4203,2015-01-10,2203,6973,,6,5,5,4203,0,0,0,,0,006,"SAN ANDRES ST","MICHELTORENA ST",15.00,N,N,C,-,N,,,,,,,,,,N,3,0,1,2,A,-,10,21950,A,F,G,B,B,B,H,-,C,A,0,Y,,,,Y,Y,-,,0,1,0,0,1,0,0,0,0,"- ","- ",34.911879999999996,-119.71615,"SANTA BARBARA","SANTA BARBARA",-119.71621709999999,34.418807399999999
6781357,2015,2015-02-18,4203,2015-01-12,0900,7775,40,1,5,5,4203,0,0,0,,0,003,"STATE ST","GUTIERREZ ST",106.00,S,N,A,-,N,,,,,,,,,,N,2,0,1,2,A,-,11,21955,,N,G,B,D,A,H,-,A,D,0,Y,,,,Y,,N,60,1,0,0,0,1,0,0,0,0,"- ","- ",34.245609999999999,-119.41383999999999,"SANTA BARBARA","SANTA BARBARA",-119.69396335,34.41567139
6781358,2015,2015-02-18,4203,2015-01-12,0449,6378,,1,5,5,4203,0,0,0,,0,004,"CASTILLO ST","W PADRE ST",138.00,S,N,A,-,N,,,,,,,,,,Y,3,0,1,3,A,-,08,22107,,N,A,E,A,A,H,-,C,D,0,,,,,Y,,A,01,0,1,0,0,0,0,0,0,0,"- ","- ",,,"SANTA BARBARA","SANTA BARBARA",-119.72019040000001,34.427345760000001
6781359,2015,2015-02-18,4203,2015-01-14,1820,2736,,3,5,5,4203,0,0,0,,0,002,"SHORELINE DR","LOMA ALTA DR",240.00,E,N,A,-,N,,,,,,,,,,N,4,0,1,2,D,-,00,,,F,C,G,A,A,H,-,C,D,0,,Y,,,Y,Y,-,"- ",0,0,1,0,0,0,1,0,0,"- ","- ",34.24098,-119.4152,"SANTA BARBARA","SANTA BARBARA",-119.69694749999999,34.403156340000002
6781589,2015,2016-10-28,9750,2015-01-08,2108,17379,,4,2,5,4204,0,1,2,,2,001,"RT 101","STOWELL RD",1056.00,S,N,A,-,Y,SB,5,101,-,-,87.400,H,-,S,Y,4,0,1,4,A,-,03,22350,,N,C,C,A,A,H,-,D,D,0,,,,,Y,,A,01,0,0,1,0,0,0,0,0,0,"- ","- ",34.935029999999998,-120.41788,"SANTA BARBARA","SANTA MARIA",-120.41794336,34.935386719999997
6781698,2015,2015-03-02,4203,2015-01-20,1832,6067,,2,5,5,4203,0,0,0,,0,005,"STATE ST","HOPE AV",150.00,E,N,A,-,N,,,,,,,,,,N,4,0,1,2,A,I,"- ",,,N,D,G,A,A,H,-,C,D,0,,Y,,,Y,,L,04,0,0,1,0,0,0,1,0,0,"- ","- ",34.262599999999999,-119.4444,"SANTA BARBARA","SANTA BARBARA",-119.74622288,34.440480000000001
6781830,2015,2015-03-02,4203,2015-01-15,1938,2264,S,4,5,5,4203,0,0,0,,0,003,"E HALEY ST","LAGUNA ST",0.00,,Y,A,-,N,,,,,,,,,,Y,3,0,1,2,A,-,09,21800,D,N,D,C,A,A,D,-,E,B,0,,,,,Y,,-,"- ",0,1,0,0,0,0,0,0,0,"- ","- ",34.251629999999999,-119.41285000000001,"SANTA BARBARA","SANTA BARBARA",-119.69099991,34.421060019999999
6781834,2015,2015-02-20,4203,2015-01-17,1904,6377,,6,5,5,4203,0,0,0,,0,001,"ALAMEDA PADRE SERRA","OVERLOOK LN",380.00,W,N,A,-,N,,,,,,,,,,Y,3,0,1,1,A,-,01,23152,E,N,A,I,A,A,H,-,D,D,0,,,,,Y,,-,,0,1,0,0,0,0,0,0,0,"- ","- ",34.2545,-119.40219999999999,"SANTA BARBARA","SANTA BARBARA",-119.67282121,34.429745160000003
6781835,2015,2015-02-20,4203,2015-01-11,1843,6969,,7,5,5,4203,0,0,0,,0,002,"MONTECITO ST","BATH ST",90.00,W,N,B,-,N,,,,,,,,,,N,2,0,1,2,A,-,11,21954,A,F,A,B,D,A,H,-,D,D,0,Y,,,,Y,Y,N,60,1,0,0,0,1,0,0,0,0,"- ","- ",34.253100000000003,-119.42400000000001,"SANTA BARBARA","SANTA BARBARA",-119.69648026,34.411609740000003
6782177,2015,2016-10-03,4202,2015-01-02,1505,22,,5,5,4,4202,0,0,0,,0,,"RT 1","CENTRAL AV",537.00,S,N,A,-,Y,SB,5,1,-,-,21.970,H,-,N,Y,4,0,2,2,A,-,03,22350,,N,C,C,A,A,H,-,A,D,0,,,,,Y,,A,07,0,0,2,0,0,0,0,0,0,"- ","- ",,,"SANTA BARBARA",LOMPOC,-120.45758406,34.659383230000003
6782741,2015,2016-10-03,9750,2015-01-01,0454,017616,,4,3,9,4200,0,1,3,,1,022,"RT 1","GRACIOSA RD",1056.00,N,N,A,-,Y,SB,5,1,-,-,31.970,H,-,N,Y,3,0,1,1,A,-,08,22107,,N,F,A,A,A,H,-,D,D,0,,,,,Y,,A,01,0,1,0,0,0,0,0,0,0,"- ","- ",34.81371,-120.44875999999999,"SANTA BARBARA",UNINCORPORATED,-120.48999711,34.774597679999999
6792329,2015,2016-09-13,4203,2015-01-17,2136,7570,51,6,5,5,4203,0,0,0,,0,005,"FOOTHILL RD","ALAMAR AV",0.00,,Y,A,-,Y,SB,5,192,-,-,2.430,I,5,W,Y,4,0,1,2,D,-,00,,,N,B,C,A,A,H,-,C,A,0,,,,,Y,,-,"- ",0,0,1,0,0,0,0,0,0,"- ","- ",34.446710000000003,-119.72443,"SANTA BARBARA","SANTA BARBARA",-119.72465849,34.446779249999999
6792407,2015,2016-10-28,9760,2015-01-06,0917,12263,,2,1,9,4200,0,1,2,,2,020,"RT 101","PATTERSON AV",2000.00,S,N,A,-,Y,SB,5,101,-,-,20.780,H,-,N,Y,4,0,2,4,A,-,07,21658,A,N,B,C,A,A,H,-,A,D,1,,,,Y,Y,,G,21,0,0,2,0,0,0,0,0,0,"- ","- ",34.441670000000002,-119.80112,"SANTA BARBARA",UNINCORPORATED,-119.80189168,34.44159681
6792415,2015,2015-02-24,9760,2015-01-14,1520,15658,,3,2,9,4200,0,3,5,,2,002,"TURNPIKE RD","CALLE REAL",17.00,S,N,A,-,N,,,,,,,,,,Y,4,0,1,3,A,-,03,22350,,N,C,C,A,A,H,-,A,A,0,,,,,Y,,A,01,0,0,1,0,0,0,0,0,0,"- ","- ",34.443820000000002,-119.78931,"SANTA BARBARA",UNINCORPORATED,-119.78938170000001,34.443813339999998
6792419,2015,2016-10-28,9760,2015-01-14,1538,17603,,3,2,9,4200,0,1,2,,2,010,"RT 101","SOUTH PADARO LN",200.00,S,N,A,-,Y,SB,5,101,-,-,5.250,H,-,S,Y,4,0,1,2,A,-,03,22350,,N,C,C,A,A,H,-,A,D,1,,,,,Y,,A,01,0,0,1,0,0,0,0,0,0,"- ","- ",34.4163,-119.58114999999999,"SANTA BARBARA",UNINCORPORATED,-119.55228479,34.410173669999999
6792450,2015,2016-10-28,9760,2015-01-12,0750,16739,,1,1,9,4200,0,1,2,,2,020,"RT 101","TURNPIKE RD",255.00,S,N,A,-,Y,SB,5,101,-,-,20.010,H,-,S,Y,4,0,1,4,A,-,06,21755,A,N,B,C,A,A,H,-,A,D,1,,,,,Y,,D,22,0,0,1,0,0,0,0,0,0,"- ","- ",34.442270000000001,-119.78849,"SANTA BARBARA",UNINCORPORATED,-119.78844092999999,34.442217390000003
6792458,2015,2016-10-28,9760,2015-01-12,1805,18431,,1,2,5,4203,0,1,2,,2,011,"RT 101","JUNIPER ST",250.00,S,N,A,-,Y,SB,5,101,-,-,16.180,H,-,S,Y,3,0,1,2,A,-,03,22350,,N,C,C,A,A,H,-,B,D,1,,,Y,,Y,,C,02,0,1,0,0,0,0,0,0,1,"- ","- ",34.426630000000003,-119.72653,"SANTA BARBARA","SANTA BARBARA",-119.72729591,34.42680919
6792474,2015,2016-10-28,9760,2015-01-09,1750,19446,,5,2,5,4203,0,1,2,,2,011,"RT 101","CARILLO ST",1584.00,N,N,A,-,Y,SB,5,101,-,-,15.090,H,-,S,Y,4,0,2,4,A,-,03,22350,,N,C,C,A,A,H,-,C,D,1,,,,,Y,,A,07,0,0,2,0,0,0,0,0,0,"- ","- ",34.420699999999997,-119.7136,"SANTA BARBARA","SANTA BARBARA",-119.71156827,34.419005550000001
6792489,2015,2015-02-24,9755,2015-01-10,1400,17884,,6,2,9,4200,0,3,5,,2,050,"SIRIUS AV","BURTON MESA BL",600.00,N,N,B,-,N,,,,,,,,,,N,4,0,1,2,A,-,09,21804,A,N,D,C,A,B,H,-,A,D,0,,,,,Y,,A,01,0,0,1,0,0,0,0,0,0,"- ","- ",34.704000000000001,-120.46924,"SANTA BARBARA",UNINCORPORATED,-120.47008855,34.705311379999998
6792561,2015,2016-10-28,9760,2015-01-09,1647,017603,,5,2,9,4200,0,1,2,,1,030,"RT 101","CALLE REAL",1056.00,S,N,A,-,Y,SB,5,101,-,-,28.340,H,-,S,Y,4,0,1,1,A,-,08,22107,,N,E,I,A,A,H,-,B,D,5,,,,,Y,,A,01,0,0,1,0,0,0,0,0,0,"- ","- ",34.438690000000001,-119.93168,"SANTA BARBARA",UNINCORPORATED,-119.93165739,34.438798900000002
6792562,2015,2016-09-13,9760,2015-01-10,1545,020511,,6,2,9,4200,0,1,3,,1,022,"RT 154","PAINTED CAVE RD",3960.00,E,N,B,C,Y,SB,5,154,-,-,29.010,H,-,E,Y,4,0,1,1,A,-,03,22350,,N,E,I,A,B,H,-,A,D,0,,,,,Y,,A,07,0,0,1,0,0,0,0,0,0,"- ","- ",34.477339999999998,-119.76884,"SANTA BARBARA",UNINCORPORATED,-119.76894347,34.477446880000002
6792563,2015,2016-10-28,9760,2015-01-14,1735,018754,,3,2,5,4203,0,1,2,,2,020,"RT 101","HOPE AV",200.00,S,N,A,-,Y,SB,5,101,-,-,17.400,H,-,N,Y,4,0,1,2,A,-,03,22350,,N,C,C,A,A,H,-,C,D,1,,,,,Y,,A,01,0,0,1,0,0,0,0,0,0,"- ","- ",,,"SANTA BARBARA","SANTA BARBARA",-119.74675757,34.432784429999998
6782742,2015,2016-10-28,9750,2015-01-01,1400,013267,,4,2,9,4200,0,1,2,,2,001,"RT 101","CLARK AV",54.00,N,N,A,-,Y,SB,5,101,-,-,82.190,H,-,N,Y,3,0,1,1,A,-,03,22350,,N,F,A,A,A,H,-,A,D,0,,,,,Y,,A,01,0,1,0,0,0,0,0,0,0,FR,"- ",34.865780000000001,-120.39561,"SANTA BARBARA",UNINCORPORATED,-120.39609096,34.865487629999997
6783427,2015,2015-03-23,4203,2015-03-01,0209,6978,34,7,5,5,4203,0,0,0,,0,004,"DE LA VINA ST","W ISLAY",132.00,N,N,B,C,N,,,,,,,,,,Y,3,0,1,4,A,-,01,23152,A,F,E,E,A,B,H,-,C,D,0,,,,,Y,Y,A,01,0,1,0,0,0,0,0,0,0,"- ","- ",34.426949999999998,-119.71460999999999,"SANTA BARBARA","SANTA BARBARA",-119.71476565,34.427112379999997