CASE_ID,ACCIDENT_YEAR,PROC_DATE,JURIS,COLLISION_DATE,COLLISION_TIME,OFFICER_ID,REPORTING_DISTRICT,DAY_OF_WEEK,CHP_SHIFT,POPULATION,CNTY_CITY_LOC,SPECIAL_COND,BEAT_TYPE,CHP_BEAT_TYPE,CITY_DIVISION_LAPD,CHP_BEAT_CLASS,BEAT_NUMBER,PRIMARY_RD,SECONDARY_RD,DISTANCE,DIRECTION,INTERSECTION,WEATHER_1,WEATHER_2,STATE_HWY_IND,CALTRANS_COUNTY,CALTRANS_DISTRICT,STATE_ROUTE,ROUTE_SUFFIX,POSTMILE_PREFIX,POSTMILE,LOCATION_TYPE,RAMP_INTERSECTION,SIDE_OF_HWY,TOW_AWAY,COLLISION_SEVERITY,NUMBER_KILLED,NUMBER_INJURED,PARTY_COUNT,PRIMARY_COLL_FACTOR,PCF_CODE_OF_VIOL,PCF_VIOL_CATEGORY,PCF_VIOLATION,PCF_VIOL_SUBSECTION,HIT_AND_RUN,TYPE_OF_COLLISION,MVIW,PED_ACTION,ROAD_SURFACE,ROAD_COND_1,ROAD_COND_2,LIGHTING,CONTROL_DEVICE,CHP_ROAD_TYPE,PEDESTRIAN_ACCIDENT,BICYCLE_ACCIDENT,MOTORCYCLE_ACCIDENT,TRUCK_ACCIDENT,NOT_PRIVATE_PROPERTY,ALCOHOL_INVOLVED,STWD_VEHTYPE_AT_FAULT,CHP_VEHTYPE_AT_FAULT,COUNT_SEVERE_INJ,COUNT_VISIBLE_INJ,COUNT_COMPLAINT_PAIN,COUNT_PED_KILLED,COUNT_PED_INJURED,COUNT_BICYCLIST_KILLED,COUNT_BICYCLIST_INJURED,COUNT_MC_KILLED,COUNT_MC_INJURED,PRIMARY_RAMP,SECONDARY_RAMP,LATITUDE,LONGITUDE,COUNTY,CITY,POINT_X,POINT_Y
6784107,2015,2016-09-08,4200,2015-01-07,1951,3811,6,3,5,2,4206,0,0,0,,0,,"MISSION DR","HIGH MEADOW DR",33.00,E,N,A,-,Y,SB,5,246,-,-,30.350,H,-,W,,4,0,1,2,A,-,04,21703,,N,C,C,A,A,H,-,C,D,0,,,,,Y,,A,07,0,0,1,0,0,0,0,0,0,"- ","- ",,,"SANTA BARBARA",SOLVANG,-120.12694654000001,34.59939181
6784111,2015,2015-02-18,4200,2015-01-10,1121,2859,6,6,5,2,4206,0,0,0,,0,,"MISSION DR","4TH PL",0.00,,Y,C,-,N,,,,,,,,,,N,4,0,2,3,A,-,10,21950,A,N,G,B,B,B,H,-,A,A,0,Y,,,,Y,,A,01,0,0,2,0,2,0,0,0,0,"- ","- ",,,"SANTA BARBARA",SOLVANG,-120.14389989,34.596060110000003
6784190,2015,2015-02-20,4203,2015-01-10,2137,3597,,6,5,5,4203,0,0,0,,0,005,"STATE ST","HOPE AV",146.00,W,N,C,-,N,,,,,,,,,,Y,4,0,1,1,A,-,08,22107,,N,E,I,A,B,H,-,C,D,0,,,,,Y,,-,,0,0,1,0,0,0,0,0,0,"- ","- ",34.262549999999997,-119.44529,"SANTA BARBARA","SANTA BARBARA",-119.74720384,34.440483899999997
6784532,2015,2015-02-20,9760,2015-01-07,1555,15658,,3,2,9,4200,0,3,5,,2,002,"MODOC RD","VIA ZORRO",0.00,,Y,A,-,N,,,,,,,,,,Y,4,0,3,4,A,-,03,22350,,N,C,C,A,A,H,-,A,D,0,,,,,Y,,D,22,0,0,3,0,0,0,0,0,0,"- ","- ",34.321750000000002,-119.50435,"SANTA BARBARA",UNINCORPORATED,-119.75937996,34.437020060000002
6784540,2015,2016-10-28,9760,2015-01-08,1410,017674,,4,2,5,4203,0,1,2,,2,020,"RT 101","HOPE AV",300.00,S,N,A,-,Y,SB,5,101,-,-,17.280,H,-,N,N,4,0,2,3,A,-,03,22350,,M,C,C,A,A,H,-,A,D,1,,,,,Y,,D,22,0,0,2,0,0,0,0,0,0,"- ","- ",34.431870000000004,-119.74500999999999,"SANTA BARBARA","SANTA BARBARA",-119.7450607,34.431746560000001
6785323,2015,2016-10-28,9760,2015-01-03,1240,19831,,6,1,5,4203,0,1,2,,2,011,"RT 101","MILPAS ST",369.00,N,N,B,-,Y,SB,5,101,-,-,12.859,R,2,S,Y,4,0,2,3,A,-,03,22350,,N,C,C,A,A,H,-,A,D,1,,,,,Y,,A,01,0,0,2,0,0,0,0,0,0,TO,"- ",34.419980000000002,-119.68638,"SANTA BARBARA","SANTA BARBARA",-119.67900561,34.420157459999999
6785327,2015,2015-02-18,9760,2015-01-08,0737,15658,,4,1,9,4200,0,3,5,,2,005,"EL COLEGIO RD","CAMINO PESCADERO",200.00,E,N,A,-,N,,,,,,,,,,N,3,0,1,2,D,-,00,,,M,B,G,A,A,H,-,A,D,0,,Y,,,Y,,-,"- ",0,1,0,0,0,0,1,0,0,"- ","- ",34.417270000000002,-119.85807,"SANTA BARBARA",UNINCORPORATED,-119.8580274,34.417416899999999
6785331,2015,2016-10-28,9760,2015-01-03,1710,20528,,6,2,5,4203,0,1,2,,2,011,"RT 101","OLIVE MILL RD",350.00,N,N,B,-,Y,SB,5,101,-,-,10.060,H,-,S,N,4,0,1,2,A,-,03,22350,,N,C,C,A,A,H,-,B,D,1,,,,,Y,,A,01,0,0,1,0,0,0,0,0,0,"- ","- ",34.419919999999998,-119.64538,"SANTA BARBARA","SANTA BARBARA",-119.63215827000001,34.422474370000003
6785335,2015,2016-10-28,9760,2015-01-08,1810,20029,,4,2,5,4203,0,1,2,,2,011,"RT 101","MISSION ST",800.00,N,N,A,-,Y,SB,5,101,-,-,15.910,H,-,S,N,4,0,1,2,A,-,03,22350,,N,C,C,A,A,H,-,C,D,1,,,,,Y,,A,08,0,0,1,0,0,0,0,0,0,"- ","- ",34.426729999999999,-119.72732000000001,"SANTA BARBARA","SANTA BARBARA",-119.72273616,34.426011680000002
6718321,2015,2017-04-04,9755,2015-01-13,0749,14934,,2,1,9,4200,0,1,2,,2,004,"RT 101","ALISAL RD",528.00,S,N,A,-,Y,SB,5,101,-,R,51.020,H,-,N,Y,1,1,0,1,A,-,07,21658,A,N,E,I,A,A,H,-,A,D,1,,,,Y,Y,,F,26,0,0,0,0,0,0,0,0,0,"- ","- ",34.527439999999999,-120.19738,"SANTA BARBARA",UNINCORPORATED,-120.19753741,34.527158710000002
6766276,2015,2015-02-09,4203,2015-01-19,1619,5751,,1,5,5,4203,0,0,0,,0,004,"BATH ST","W ORTEGA ST",0.00,,Y,A,-,N,,,,,,,,,,Y,4,0,2,2,A,-,09,21802,A,N,D,C,A,A,H,-,A,D,0,,,,,Y,,-,,0,0,2,0,0,0,0,0,0,"- ","- ",34.415399999999998,-119.70140000000001,"SANTA BARBARA","SANTA BARBARA",-119.70137991,34.415520100000002
6766314,2015,2015-02-05,4204,2015-01-14,2030,18261,52,3,5,5,4204,0,0,0,,0,002,MCCLELLAND,BOONE,18.00,N,N,A,-,N,,,,,,,,,,N,4,0,1,1,C,-,18,,,N,H,I,A,A,H,-,C,A,0,,,,,Y,,-,"- ",0,0,1,0,0,0,0,0,0,"- ","- ",,,"SANTA BARBARA","SANTA MARIA",-120.43432908,34.947189430000002
6801954,2015,2016-10-28,4204,2015-01-25,2159,90026,59,7,5,5,4204,0,0,0,,0,002,"RT 101",STOWELL,630.00,N,N,A,-,Y,SB,5,101,-,-,87.824,R,2,N,Y,3,0,1,1,A,-,01,23152,B,N,E,I,A,A,H,-,D,D,0,,,,,Y,Y,A,01,0,1,0,0,0,0,0,0,0,NO,"- ",,,"SANTA BARBARA","SANTA MARIA",-120.41768405000001,34.941543500000002
6801956,2015,2015-02-18,4204,2015-01-16,1709,90271,SMPD,5,5,5,4204,0,0,0,,0,002,"WESTERN AV",MAIN,1500.00,N,N,A,-,N,,,,,,,,,,N,4,0,1,2,A,-,07,21658,A,N,C,G,A,A,H,-,B,D,0,,Y,,,Y,,L,04,0,0,1,0,0,0,1,0,0,"- ","- ",,,"SANTA BARBARA","SANTA MARIA",-120.44932,34.953270000000003
6801957,2015,2015-02-18,4204,2015-01-16,1616,23471,58,5,5,5,4204,0,0,0,,0,003,MILLER,"CAMINO COLEGIO",0.00,,Y,A,-,N,,,,,,,,,,N,4,0,1,2,A,-,11,21950,B,N,-,B,B,A,H,-,A,A,0,Y,,,,Y,,A,01,0,0,1,0,1,0,0,0,0,"- ","- ",,,"SANTA BARBARA","SANTA MARIA",-120.43152996000001,34.941680069999997
6801961,2015,2015-02-18,4204,2015-01-18,0814,90355,68,7,5,5,4204,0,0,0,,0,003,MILLER,"BATTLES RD",0.00,,Y,A,-,N,,,,,,,,,,Y,4,0,2,2,A,-,12,21453,A,N,D,C,A,A,H,-,A,A,0,,,,,Y,,A,01,0,0,2,0,0,0,0,0,0,"- ","- ",,,"SANTA BARBARA","SANTA MARIA",-120.4317799,34.931440070000001
6801963,2015,2015-02-18,4204,2015-01-16,1715,90338,4204,5,5,5,4204,0,0,0,,0,002,"ALVIN AV","RAILROAD AV",0.00,,Y,A,-,N,,,,,,,,,,Y,4,0,1,3,A,-,03,22350,,N,C,C,A,A,H,-,A,A,0,,,,,Y,,A,01,0,0,1,0,0,0,0,0,0,"- ","- ",,,"SANTA BARBARA","SANTA MARIA",-120.4445899,34.960509999999999
6801964,2015,2015-02-18,4204,2015-01-16,1802,23028,79,5,5,5,4204,0,0,0,,0,003,"BETTERAVIA RD","A ST",0.00,,Y,A,-,N,,,,,,,,,,Y,4,0,1,2,A,-,09,21801,A,N,A,C,A,A,H,-,C,A,0,,,,,Y,,A,01,0,0,1,0,0,0,0,0,0,"- ","- ",,,"SANTA BARBARA","SANTA MARIA",-120.46400991,34.920770040000001
6803005,2015,2015-02-26,4203,2015-01-31,0259,7568,,6,5,5,4203,0,0,0,,0,001,"JIMENO RD","LARGURA PL",320.00,S,N,A,-,N,,,,,,,,,,Y,4,0,1,1,A,-,01,23152,,N,E,I,A,A,H,-,D,D,0,,,,,Y,Y,-,,0,0,1,0,0,0,0,0,0,"- ","- ",34.260710000000003,-119.41537,"SANTA BARBARA","SANTA BARBARA",-119.69845428000001,34.435578929999998
6803006,2015,2016-10-28,4203,2015-01-21,0954,2602,4203,3,5,5,4203,0,0,0,,0,002,"COAST VILLAGE RD","RT 101",0.00,,Y,A,-,Y,SB,5,101,-,-,10.340,R,4,S,N,3,0,1,2,A,-,09,21800,,N,D,G,A,A,H,-,A,A,0,,Y,,,Y,,-,,0,1,0,0,0,0,1,0,0,"- ","- ",34.420999999999999,-119.639,"SANTA BARBARA","SANTA BARBARA",-119.63686263,34.422137290000002
6792564,2015,2016-10-28,9760,2015-01-09,0605,020908,,5,1,3,4205,0,1,2,,2,010,"RT 101","LINDEN AV",57.00,N,N,A,-,Y,SB,5,101,-,-,3.059,H,-,N,Y,3,0,1,1,A,-,08,22107,,N,E,I,A,A,H,-,D,D,1,,,,,Y,,A,01,0,1,0,0,0,0,0,0,0,"- ","- ",34.401290000000003,-119.51663000000001,"SANTA BARBARA",CARPINTERIA,-119.51647242999999,34.401263819999997
6792565,2015,2016-10-28,9760,2015-01-11,1240,019831,,7,1,5,4203,0,1,2,,2,011,"RT 101","MICHELTORENA ST PED OC",113.00,N,N,B,-,Y,SB,5,101,-,R,15.080,H,-,S,Y,4,0,1,2,A,-,03,22350,,N,C,C,A,A,H,-,A,D,1,,,,,Y,,A,01,0,0,1,0,0,0,0,0,0,"- ","- ",34.419199999999996,-119.71163,"SANTA BARBARA","SANTA BARBARA",-119.71165979,34.419073109999999
6792566,2015,2016-10-28,9760,2015-01-18,0235,020029,,7,3,9,4200,0,1,2,,2,011,"RT 101","HOT SPRINGS RD",416.00,N,N,A,-,Y,SB,5,101,-,-,11.510,H,-,N,Y,3,0,1,1,A,-,01,23152,A,N,E,I,A,A,H,-,C,D,1,,,,,Y,Y,A,01,0,1,0,0,0,0,0,0,0,"- ","- ",34.422930000000001,-119.66095,"SANTA BARBARA",UNINCORPORATED,-119.65608358,34.423104000000002
6792567,2015,2016-10-28,9760,2015-01-19,1530,014690,,1,2,5,4203,0,1,2,,2,011,"RT 101","CACIQUE ST",35.00,N,N,A,-,Y,SB,5,101,-,-,12.670,H,-,S,N,4,0,1,2,A,-,03,22350,,N,C,C,A,A,H,-,A,D,1,,,,,Y,,A,01,0,0,1,0,0,0,0,0,0,"- ","- ",34.42062,-119.67552999999999,"SANTA BARBARA","SANTA BARBARA",-119.67580918,34.42033739
6792605,2015,2015-02-25,9760,2015-01-01,1703,18490,,4,2,9,4200,0,3,5,,2,002,"HOLLISTER AV","AUHAY DR",50.00,E,N,A,-,N,,,,,,,,,,Y,4,0,1,2,A,-,03,22350,,N,C,C,A,A,H,-,B,D,0,,,,,Y,,A,01,0,0,1,0,0,0,0,0,0,"- ","- ",34.438200000000002,-119.7818,"SANTA BARBARA",UNINCORPORATED,-119.78161081,34.438098099999998
6795731,2015,2015-03-02,4200,2015-01-22,1425,2859,6,4,5,2,4206,0,0,0,,0,,"MISSION DR","ATTERDAG RD",300.00,E,N,A,-,N,,,,,,,,,,N,3,0,1,2,A,-,17,22517,,N,B,G,A,A,H,-,A,A,0,,Y,,,Y,,I,09,0,1,0,0,0,0,1,0,0,"- ","- ",,,"SANTA BARBARA",SOLVANG,-120.14081379,34.596029999999999
6796739,2015,2016-09-13,9750,2015-01-14,1655,12697,,3,2,9,4200,0,1,3,,1,064,"RT 166","BELL RD",80.00,E,N,A,-,Y,SB,5,166,-,-,62.870,H,-,E,Y,4,0,1,1,A,-,03,22350,,N,A,I,A,A,H,-,A,D,0,,,,Y,Y,,G,27,0,0,1,0,0,0,0,0,0,"- ","- ",34.941249999999997,-119.65164,"SANTA BARBARA",UNINCORPORATED,-119.71317083,34.959658760000003
6796747,2015,2016-09-13,9750,2015-01-14,0630,016170,,3,1,9,4200,0,1,3,,1,011,"RT 166","HANSON ST",1056.00,W,N,A,-,Y,SB,5,166,-,-,6.320,H,-,W,Y,4,0,1,2,A,-,06,21755,,M,B,C,A,A,H,-,D,D,0,,,,,Y,,A,01,0,0,1,0,0,0,0,0,0,"- ","- ",34.953449999999997,-120.46339999999999,"SANTA BARBARA",UNINCORPORATED,-120.46364002999999,34.953425789999997
6797366,2015,2015-02-25,9750,2015-01-17,1240,16714,,6,1,9,4200,0,2,4,,1,024,"CLARK AV","CHERRY AV",963.00,E,N,A,-,N,,,,,,,,,,N,4,0,1,2,A,-,08,22107,,N,H,G,A,A,H,-,A,D,0,,Y,,,Y,,A,01,0,0,1,0,0,0,1,0,0,"- ","- ",34.864960000000004,-120.42372,"SANTA BARBARA",UNINCORPORATED,-120.42386083,34.865030009999998
6797810,2015,2015-02-25,4204,2015-01-25,2025,90268,14,7,5,5,4204,0,0,0,,0,001,DONOVAN,THORNBURG,0.00,,Y,A,-,N,,,,,,,,,,Y,3,0,1,1,A,-,08,22107,,N,E,I,A,A,H,-,A,D,0,,,,,Y,,D,22,0,1,0,0,0,0,0,0,0,"- ","- ",,,"SANTA BARBARA","SANTA MARIA",-120.44011995,34.96773005
6797814,2015,2015-02-25,4204,2015-01-22,0650,18261,69,4,5,5,4204,0,0,0,,0,003,"COLLEGE DR","BETTERAVIA RD",760.00,N,N,A,-,N,,,,,,,,,,Y,2,0,1,2,A,-,08,22107,,N,D,G,A,A,H,-,D,D,0,,Y,,,Y,,D,22,1,0,0,0,0,0,1,0,0,"- ","- ",,,"SANTA BARBARA","SANTA MARIA",-120.42494761,34.925734779999999
6785339,2015,2016-10-28,9760,2015-01-08,2342,20029,,4,3,9,4200,0,1,2,,2,010,"RT 101","CASITAS PASS RD",500.00,N,N,A,-,Y,SB,5,101,-,-,18.110,H,-,S,Y,3,0,1,1,A,-,01,23152,A,N,E,I,A,A,H,-,C,D,1,,,,,Y,Y,A,01,0,1,0,0,0,0,0,0,0,"- ","- ",34.399450000000002,-119.51412000000001,"SANTA BARBARA",UNINCORPORATED,-119.75575293,34.440202249999999
6785343,2015,2017-02-10,9760,2015-01-01,0312,17140,,4,3,5,4203,0,1,2,,2,011,"RT 101","CASTILLO ST",401.00,S,N,A,-,Y,SB,5,101,-,R,15.320,R,2,N,Y,4,0,1,1,A,-,01,23152,A,N,E,I,A,A,H,-,C,D,1,,,,,Y,Y,A,07,0,0,1,0,0,0,0,0,0,TO,"- ",34.422080000000001,-119.71460999999999,"SANTA BARBARA","SANTA BARBARA",-119.71466909,34.421491949999997
6785347,2015,2015-02-18,9760,2015-01-04,1620,19656,,7,2,9,4200,0,3,5,,2,001,"GIBRALTAR RD","EL CIELITO RD",17952.00,N,N,A,-,N,,,,,,,,,,Y,3,0,1,1,A,-,03,22350,,N,F,I,A,A,H,-,A,D,0,,,Y,,Y,,C,02,0,1,0,0,0,0,0,0,1,"- ","- ",34.476199999999999,-119.67954,"SANTA BARBARA",UNINCORPORATED,-119.67742835999999,34.469252740000002
6785351,2015,2016-10-28,9760,2015-01-12,0907,14690,,1,1,5,4203,0,1,2,,2,011,"RT 101","JUNIPERO ST",256.00,S,N,A,-,Y,SB,5,101,-,-,16.180,H,-,S,Y,4,0,1,4,A,-,03,22350,,N,C,C,A,A,H,-,A,D,1,,,,,Y,,A,01,0,0,1,0,0,0,0,0,0,"- ","- ",34.426909999999999,-119.72709999999999,"SANTA BARBARA","SANTA BARBARA",-119.72729591,34.42680919
6786679,2015,2016-09-13,4204,2015-01-11,1245,23656,04,7,5,5,4204,0,0,0,,0,001,BROADWAY,TAYLOR,0.00,,Y,C,-,Y,SB,5,135,-,-,17.280,I,5,N,Y,3,0,3,2,A,-,01,23152,B,N,D,C,A,B,H,-,C,A,0,,,,,Y,Y,A,01,0,1,2,0,0,0,0,0,0,"- ","- ",,,"SANTA BARBARA","SANTA MARIA",-120.43551162,34.974958819999998
6815882,2015,2015-03-05,4204,2015-02-02,1532,90355,52,1,5,5,4204,0,0,0,,0,002,COOK,MCCLELLAND,396.00,E,N,A,-,N,,,,,,,,,,N,4,0,1,3,A,-,03,22350,,N,C,C,A,A,H,-,A,A,0,,,,,Y,,A,01,0,0,1,0,0,0,0,0,0,"- ","- ",,,"SANTA BARBARA","SANTA MARIA",-120.43295917,34.949878740000003
6815886,2015,2015-03-05,4204,2015-02-09,1408,20904,65,1,5,5,4204,0,0,0,,0,003,"BLOSSER RD","BATTLES RD",0.00,,Y,A,-,N,,,,,,,,,,N,4,0,1,2,A,-,03,22350,,N,C,C,A,A,H,-,A,A,0,,,,,Y,,A,01,0,0,1,0,0,0,0,0,0,"- ","- ",,,"SANTA BARBARA","SANTA MARIA",-120.45396992000001,34.931590040000003
6815890,2015,2016-09-13,4204,2015-02-03,1830,90269,68,2,5,5,4204,0,0,0,,0,003,BROADWAY,"ENOS DR",0.00,,Y,A,-,Y,SB,5,135,-,-,14.470,I,5,S,Y,4,0,1,2,A,-,12,21453,A,N,D,C,A,A,H,-,C,A,0,,,,,Y,,-,"- ",0,0,1,0,0,0,0,0,0,"- ","- ",,,"SANTA BARBARA","SANTA MARIA",-120.4361296,34.93411596
6815898,2015,2016-10-28,4204,2015-02-02,1158,90277,17,1,5,5,4204,0,0,0,,0,001,DONOVAN,"RT 101",0.00,,Y,A,-,Y,SB,5,101,-,-,89.690,H,-,S,N,4,0,1,2,A,-,01,23152,B,N,C,C,A,A,H,-,A,A,0,,,,,Y,Y,A,01,0,0,1,0,0,0,0,0,0,"- ",SO,,,"SANTA BARBARA","SANTA MARIA",-120.42313355,34.967660379999998
6816743,2015,2015-03-05,4203,2015-02-02,1949,2736,,1,5,5,4203,0,0,0,,0,006,"CLIFF DR","FELLOWSHIP RD",140.00,E,N,A,-,N,,,,,,,,,,Y,3,0,2,2,A,-,03,22350,,N,C,C,A,A,H,-,C,D,0,,,,,Y,,-,,0,1,1,0,0,0,0,0,0,"- ","- ",34.241050000000001,-119.43398000000001,"SANTA BARBARA","SANTA BARBARA",-119.72764026999999,34.402877850000003
6816747,2015,2015-03-05,4203,2015-02-03,1828,6972,,2,5,5,4203,0,0,0,,0,003,"SANTA BARBARA ST","E MICHELTORENA ST",0.00,,Y,A,-,N,,,,,,,,,,Y,4,0,2,2,A,-,12,21453,A,N,D,C,A,A,H,-,C,A,0,,,,,Y,,-,,0,0,2,0,0,0,0,0,0,"- ","- ",34.254190000000001,-119.42216999999999,"SANTA BARBARA","SANTA BARBARA",-119.70601988999999,34.428300049999997
6803007,2015,2015-02-26,4203,2015-01-28,1746,6969,,3,5,5,4203,0,0,0,,0,003,"ANACAPA ST","E ANAPAMU ST",0.00,,Y,A,-,N,,,,,,,,,,N,4,0,1,2,A,-,03,22350,,N,C,C,A,A,H,-,C,A,0,,,,,Y,,-,,0,0,1,0,0,0,0,0,0,"- ","- ",34.255899999999997,-119.4135,"SANTA BARBARA","SANTA BARBARA",-119.70327985999999,34.424470069999998
6803008,2015,2015-02-26,4203,2015-01-18,1200,6970,,7,5,5,4203,0,0,0,,0,003,"SANTA BARBARA ST","SOLA ST",48.00,N,N,A,-,N,,,,,,,,,,Y,3,0,1,4,A,-,07,21658,A,N,B,C,A,A,H,-,A,A,0,,,,,Y,,-,,0,1,0,0,0,0,0,0,0,"- ","- ",34.25318,-119.42028000000001,"SANTA BARBARA","SANTA BARBARA",-119.70487031,34.427476210000002
6804473,2015,2015-03-04,4200,2015-01-02,1209,3116,14,5,5,4,4214,0,0,0,,0,050,"FAIRVIEW AV","BERKELEY RD",233.00,S,N,A,-,N,,,,,,,,,,N,3,0,1,2,A,-,03,22350,,N,H,J,A,A,H,-,A,D,0,,,Y,,Y,,C,02,0,1,0,0,0,0,0,0,1,"- ","- ",,,"SANTA BARBARA",GOLETA,-119.83066204000001,34.445580210000003
6804480,2015,2015-03-04,4200,2015-01-15,0801,3091,10,4,5,3,4205,0,0,0,,0,030,"CARPINTERIA AV","PALM AV",4.00,W,N,A,-,N,,,,,,,,,,N,3,0,1,2,A,-,10,21950,A,M,G,B,B,A,H,-,A,D,0,Y,,,,Y,,D,22,0,1,0,0,1,0,0,0,0,"- ","- ",,,"SANTA BARBARA",CARPINTERIA,-119.51565952999999,34.396637630000001
6804814,2015,2015-03-09,4200,2015-01-05,0751,3683,14,1,5,4,4214,0,0,0,,0,060,"STORKE RD","WHITTIER DR",0.00,,Y,A,-,N,,,,,,,,,,N,4,0,1,1,A,-,03,22350,,N,F,A,A,A,H,-,A,A,0,,,Y,,Y,,C,02,0,0,1,0,0,0,0,0,1,"- ","- ",,,"SANTA BARBARA",GOLETA,-119.86978989000001,34.422460049999998
6804818,2015,2015-03-27,4200,2015-01-09,1104,3116,14,5,5,4,4214,0,0,0,,0,060,"HOLLISTER AV","RUTHERFORD ST",324.00,E,N,A,-,N,,,,,,,,,,N,4,0,1,2,A,-,10,21950,A,N,G,B,C,A,H,-,A,A,0,Y,,,,Y,,A,01,0,0,1,0,1,0,0,0,0,"- ","- ",,,"SANTA BARBARA",GOLETA,-119.8241699,34.435686570000001
6804822,2015,2015-03-02,4200,2015-01-07,1444,3116,14,3,5,4,4214,0,0,0,,0,060,"HOLLISTER AV","MENTOR DR",166.00,E,N,A,-,N,,,,,,,,,,N,3,0,1,2,A,-,11,21954,A,N,G,B,-,A,H,-,A,D,0,Y,,,,Y,,N,60,0,1,0,0,1,0,0,0,0,"- ","- ",,,"SANTA BARBARA",GOLETA,-119.81175091,34.43500212
6805356,2015,2016-10-03,4202,2015-01-13,1505,292,,2,5,4,4202,0,0,0,,0,,"H ST","CENTRAL AV",1120.00,N,N,A,-,Y,SB,5,1,-,-,22.280,H,-,N,Y,3,0,1,2,A,-,09,21801,A,N,D,C,A,A,H,-,A,A,0,,,,,Y,,A,01,0,1,0,0,0,0,0,0,0,"- ","- ",,,"SANTA BARBARA",LOMPOC,-120.45766946000001,34.663856029999998
6805528,2015,2015-03-18,4203,2015-01-24,1841,3597,,6,5,5,4203,0,0,0,,0,006,"CLIFF DR","LA MARINA",0.00,,Y,A,-,N,,,,,,,,,,Y,3,0,2,2,A,-,01,23152,A,N,D,C,A,A,H,-,C,A,0,,,,,Y,Y,-,,0,1,1,0,0,0,0,0,0,"- ","- ",34.211019999999998,-119.4228,"SANTA BARBARA","SANTA BARBARA",-119.70812994000001,34.402700099999997
6806134,2015,2016-10-28,4200,2015-01-20,0807,3116,14,2,5,4,4214,0,0,0,,0,080,"STORKE RD","RT 101",0.00,,Y,B,-,Y,SB,5,101,-,-,24.762,R,4,S,N,4,0,1,2,A,-,10,21950,A,N,G,B,B,A,H,-,A,A,0,Y,,,,Y,,A,01,0,0,1,0,1,0,0,0,0,"- ",SF,,,"SANTA BARBARA",GOLETA,-119.8707872,34.434413990000003
6806928,2015,2015-03-02,4203,2015-01-21,1535,6700,12,3,5,5,4203,0,0,0,,0,002,"CABRILLO BL","HELENA AV",0.00,,Y,A,-,N,,,,,,,,,,,3,0,1,2,A,-,09,21801,A,N,D,G,A,A,H,-,A,D,0,,Y,,,Y,,A,07,0,1,0,0,0,0,1,0,0,"- ","- ",34.244610000000002,-119.41191999999999,"SANTA BARBARA","SANTA BARBARA",-119.68856,34.412760050000003
6797830,2015,2015-02-25,4204,2015-01-16,1712,90228,59,5,5,5,4204,0,0,0,,0,002,"STOWELL RD","BRADLEY RD",170.00,W,N,A,-,N,,,,,,,,,,Y,4,0,1,2,A,-,09,21804,A,N,D,C,A,A,H,-,B,D,0,,,,,Y,,D,22,0,0,1,0,0,0,0,0,0,"- ","- ",,,"SANTA BARBARA","SANTA MARIA",-120.41998697,34.938346230000001
6797833,2015,2016-09-13,4204,2015-01-17,1630,23351,16,6,5,5,4204,0,0,0,,0,B01,BROADWAY,"DONOVAN RD",0.00,,Y,A,-,Y,SB,5,135,-,-,16.770,H,-,N,N,4,0,2,2,A,-,08,22100,A,N,B,C,A,A,H,-,A,A,0,,,,Y,Y,Y,F,27,0,0,2,0,0,0,0,0,0,"- ","- ",,,"SANTA BARBARA","SANTA MARIA",-120.43561164,34.967600990000001
6799326,2015,2015-03-27,4204,2015-01-19,1657,90355,67,1,5,5,4204,0,0,0,,0,003,"BATTLES RD","SOUTH THORNBURG",21.00,N,N,A,-,N,,,,,,,,,,N,4,0,1,2,A,-,03,22350,,N,C,C,A,A,H,-,B,A,0,,,,,Y,,A,01,0,0,1,0,0,0,0,0,0,"- ","- ",,,"SANTA BARBARA","SANTA MARIA",-120.44049,34.931539999999998
6799330,2015,2015-02-25,4204,2015-01-23,1959,90228,33,5,5,5,4204,0,0,0,,0,002,PINE,MILL,107.00,S,N,A,-,N,,,,,,,,,,N,2,0,1,2,A,-,11,21950,B,F,G,B,D,A,H,-,D,D,0,Y,,,,Y,Y,N,60,1,0,0,0,1,0,0,0,0,"- ","- ",,,"SANTA BARBARA","SANTA MARIA",-120.43883068,34.955066240000001
6799334,2015,2015-02-25,4204,2015-01-21,1803,23028,69,3,5,5,4204,0,0,0,,0,003,"COLLEGE DR","BATTLES RD",15.00,S,N,A,-,N,,,,,,,,,,N,4,0,2,2,A,-,08,22107,,N,C,C,A,A,H,-,C,A,0,,,,,Y,,A,01,0,0,2,0,0,0,0,0,0,"- ","- ",,,"SANTA BARBARA","SANTA MARIA",-120.42494125,34.931298810000001
6799570,2015,2015-02-26,4202,2015-01-21,1748,230,LOMPO,3,5,4,4202,0,0,0,,0,,"O ST","LAUREL AV",295.00,S,N,A,-,N,,,,,,,,,,Y,4,0,2,3,A,-,03,22350,,N,C,C,A,A,H,-,B,A,0,,,,,Y,,D,22,0,0,2,0,0,0,0,0,0,"- ","- ",,,"SANTA BARBARA",LOMPOC,-120.46673,34.643089779999997