CASE_ID,ACCIDENT_YEAR,PROC_DATE,JURIS,COLLISION_DATE,COLLISION_TIME,OFFICER_ID,REPORTING_DISTRICT,DAY_OF_WEEK,CHP_SHIFT,POPULATION,CNTY_CITY_LOC,SPECIAL_COND,BEAT_TYPE,CHP_BEAT_TYPE,CITY_DIVISION_LAPD,CHP_BEAT_CLASS,BEAT_NUMBER,PRIMARY_RD,SECONDARY_RD,DISTANCE,DIRECTION,INTERSECTION,WEATHER_1,WEATHER_2,STATE_HWY_IND,CALTRANS_COUNTY,CALTRANS_DISTRICT,STATE_ROUTE,ROUTE_SUFFIX,POSTMILE_PREFIX,POSTMILE,LOCATION_TYPE,RAMP_INTERSECTION,SIDE_OF_HWY,TOW_AWAY,COLLISION_SEVERITY,NUMBER_KILLED,NUMBER_INJURED,PARTY_COUNT,PRIMARY_COLL_FACTOR,PCF_CODE_OF_VIOL,PCF_VIOL_CATEGORY,PCF_VIOLATION,PCF_VIOL_SUBSECTION,HIT_AND_RUN,TYPE_OF_COLLISION,MVIW,PED_ACTION,ROAD_SURFACE,ROAD_COND_1,ROAD_COND_2,LIGHTING,CONTROL_DEVICE,CHP_ROAD_TYPE,PEDESTRIAN_ACCIDENT,BICYCLE_ACCIDENT,MOTORCYCLE_ACCIDENT,TRUCK_ACCIDENT,NOT_PRIVATE_PROPERTY,ALCOHOL_INVOLVED,STWD_VEHTYPE_AT_FAULT,CHP_VEHTYPE_AT_FAULT,COUNT_SEVERE_INJ,COUNT_VISIBLE_INJ,COUNT_COMPLAINT_PAIN,COUNT_PED_KILLED,COUNT_PED_INJURED,COUNT_BICYCLIST_KILLED,COUNT_BICYCLIST_INJURED,COUNT_MC_KILLED,COUNT_MC_INJURED,PRIMARY_RAMP,SECONDARY_RAMP,LATITUDE,LONGITUDE,COUNTY,CITY,POINT_X,POINT_Y
6799571,2015,2015-02-26,4202,2015-01-20,1724,22,,2,5,4,4202,0,0,0,,0,,"CENTRAL AV","O ST",20.00,E,N,A,-,N,,,,,,,,,,N,4,0,1,2,A,-,12,21453,,N,D,C,A,A,H,-,B,A,0,,,,,Y,,D,22,0,0,1,0,0,0,0,0,0,"- ","- ",,,"SANTA BARBARA",LOMPOC,-120.46634353,34.660898779999997
6799733,2015,2016-10-03,4202,2015-01-20,1142,292,,2,5,4,4202,0,0,0,,0,,"H ST","PINE AV",128.00,N,N,A,-,Y,SB,5,1,-,-,21.360,H,-,S,N,4,0,1,2,A,-,21,22106,,N,C,C,A,A,H,-,A,A,0,,,Y,,Y,,A,01,0,0,1,0,0,0,0,0,1,"- ","- ",,,"SANTA BARBARA",LOMPOC,-120.4578276,34.650516600000003
6799987,2015,2015-03-02,4204,2015-01-30,1548,90139,,5,5,5,4204,0,0,0,,0,002,CURRYER,COOK,165.00,S,N,A,-,N,,,,,,,,,,Y,4,0,2,2,A,-,09,21804,A,N,D,C,A,A,H,-,A,D,0,,,,,Y,,A,01,0,0,2,0,0,0,0,0,0,"- ","- ",,,"SANTA BARBARA","SANTA MARIA",-120.44147855,34.949426850000002
6824394,2015,2017-07-28,4200,2015-02-14,1853,4038,6,6,5,2,4206,0,0,0,,0,,"MISSION DR","ALAMO PINTADO RD",312.00,W,N,A,-,N,,,,,,,,,,Y,3,0,3,3,A,-,03,22350,,N,C,C,A,A,H,-,D,A,0,,,,,Y,,A,07,0,1,2,0,0,0,0,0,0,"- ","- ",,,"SANTA BARBARA",SOLVANG,-120.12961181,34.599461740000002
6824521,2015,2016-10-28,9760,2015-02-04,1630,012518,,3,2,5,4203,0,1,2,,2,011,"RT 101","JUNIPERO ST",50.00,S,N,A,-,Y,SB,5,101,-,-,16.220,H,-,S,Y,4,0,1,3,A,-,03,22350,,N,C,C,A,A,H,-,A,D,1,,,,,Y,,A,01,0,0,1,0,0,0,0,0,0,"- ","- ",34.427030000000002,-119.72797,"SANTA BARBARA","SANTA BARBARA",-119.72797718,34.426904700000001
6824522,2015,2016-04-29,9760,2015-02-06,0850,020908,,5,1,9,4200,0,3,5,,2,002,"TURNPIKE RD","RT 101",100.00,S,N,A,-,N,,,,,,,,,,N,4,0,2,3,A,-,03,22350,,N,C,C,A,A,H,-,A,D,0,,,,,Y,,A,07,0,0,2,0,0,0,0,0,0,"- ","- ",34.261699999999998,-119.4739,"SANTA BARBARA",UNINCORPORATED,-119.78941233,34.442155440000001
6824524,2015,2016-10-28,9760,2015-02-06,1710,019397,,5,2,5,4203,0,1,2,,2,011,"RT 101","MILPAS ST",1056.00,N,N,A,-,Y,SB,5,101,-,-,12.970,H,-,S,Y,4,0,1,4,A,-,03,22350,,N,C,C,A,A,H,-,A,D,1,,,,,Y,,A,01,0,0,1,0,0,0,0,0,0,"- ","- ",34.259,-119.40479999999999,"SANTA BARBARA","SANTA BARBARA",-119.68092181999999,34.419994180000003
6824525,2015,2016-10-28,9760,2015-02-09,1656,017603,,1,2,5,4203,0,1,2,,2,011,"RT 101","CABRILLO BL",1584.00,N,N,A,-,Y,SB,5,101,-,-,11.760,H,-,S,Y,4,0,1,2,A,-,03,22350,,N,C,C,A,A,H,-,A,D,1,,,Y,,Y,,C,02,0,0,1,0,0,0,0,0,1,"- ","- ",,,"SANTA BARBARA","SANTA BARBARA",-119.66042081000001,34.422801630000002
6824526,2015,2016-10-28,9760,2015-02-13,1500,018019,,5,2,5,4203,0,1,2,,2,011,"RT 101","MILPAS ST",266.00,N,N,A,-,Y,SB,5,101,-,-,12.820,H,-,S,N,4,0,2,2,A,-,03,22350,,N,C,C,A,A,H,-,A,D,1,,,,,Y,,A,07,0,0,2,0,0,0,0,0,0,"- ","- ",34.415840000000003,-119.67983,"SANTA BARBARA","SANTA BARBARA",-119.67833057999999,34.420251010000001
6824640,2015,2015-03-10,9760,2015-02-05,0805,015658,,4,1,9,4200,0,3,5,,2,005,"PICASSO RD","CAMINO PESCADERO",0.00,,Y,E,-,N,,,,,,,,,,N,3,0,1,2,A,-,09,21802,A,N,D,G,A,A,H,-,A,A,0,,Y,,,Y,,A,01,0,1,0,0,0,0,1,0,0,"- ","- ",34.415309999999998,-119.85874,"SANTA BARBARA",UNINCORPORATED,-119.85868992,34.41520002
6824641,2015,2016-10-28,9760,2015-02-01,2028,019464,,7,2,9,4200,0,1,2,,2,020,"RT 101","EL SUENO RD",55.00,S,N,A,-,Y,SB,5,101,-,-,18.924,R,2,N,Y,2,0,1,1,A,-,01,23152,A,N,E,I,A,A,H,-,C,A,1,,,,,Y,Y,A,01,1,0,0,0,0,0,0,0,0,"- ","- ",34.441240000000001,-119.76929,"SANTA BARBARA",UNINCORPORATED,-119.76970797,34.441031350000003
6824642,2015,2016-10-28,9760,2015-02-04,1610,017603,,3,2,9,4200,0,1,2,,2,010,"RT 101","SHEFFIELD DR",528.00,N,N,A,-,Y,SB,5,101,-,-,9.120,H,-,S,Y,3,0,1,2,A,-,03,22350,,N,C,C,A,A,H,-,A,D,1,,,,,Y,,A,01,0,1,0,0,0,0,0,0,0,"- ","- ",34.421390000000002,-119.61734,"SANTA BARBARA",UNINCORPORATED,-119.61608634,34.421450040000003
6824643,2015,2015-03-09,9760,2015-02-09,1608,015658,,1,2,9,4200,0,3,5,,2,005,"EMBARCADERO DEL MAR","CERVANTES RD",90.00,S,N,A,-,N,,,,,,,,,,N,3,0,1,2,A,-,03,22350,,N,B,G,A,A,H,-,A,D,0,,Y,,,Y,,L,04,0,1,0,0,0,0,1,0,0,"- ","- ",34.416370000000001,-119.85705,"SANTA BARBARA",UNINCORPORATED,-119.85702000000001,34.41616286
6824644,2015,2017-02-09,9760,2015-02-09,1345,015658,,1,1,9,4200,0,1,2,,1,030,"RT 101","SIGNAL OIL",1056.00,N,N,A,-,Y,SB,5,101,-,-,10.060,H,-,S,Y,4,0,1,2,A,-,07,21658,A,N,B,C,A,A,H,-,A,D,1,,,,,Y,,A,01,0,0,1,0,0,0,0,0,0,"- ","- ",34.439889999999998,-119.94028,"SANTA BARBARA",UNINCORPORATED,-119.63215827000001,34.422474370000003
6824651,2015,2015-03-09,9750,2015-02-14,2500,017616,,6,4,9,4200,0,3,5,,2,010,"BROWN RD","RAY RD",4752.00,W,N,A,-,N,,,,,,,,,,Y,3,0,1,1,A,-,08,22107,,N,E,I,A,A,H,-,D,D,0,,,,,Y,,A,01,0,1,0,0,0,0,0,0,0,"- ","- ",34.937069999999999,-120.53147,"SANTA BARBARA",UNINCORPORATED,-120.53084459999999,34.937118920000003
6824871,2015,2015-03-03,9755,2015-01-06,2000,18264,,2,2,9,4200,0,3,5,,2,050,"SAN MIGUELITO RD","WILLOW ST",22704.00,S,N,A,-,N,,,,,,,,,,Y,2,0,2,1,A,-,08,22107,,N,F,-,A,A,H,-,D,D,0,,,,,Y,,A,01,1,0,1,0,0,0,0,0,0,"- ","- ",34.588880000000003,-120.4919,"SANTA BARBARA",UNINCORPORATED,-120.49097630999999,34.588472920000001
6824872,2015,2015-03-03,9755,2015-01-19,0835,16999,,1,1,9,4200,0,3,5,,2,040,"ALAMO PINTADO RD","SANTA BARBARA AV",150.00,S,N,A,-,N,,,,,,,,,,Y,3,0,2,1,A,-,08,22107,,N,E,I,A,A,H,-,A,D,0,,,,,Y,,A,07,0,1,1,0,0,0,0,0,0,"- ","- ",34.652569999999997,-120.11599,"SANTA BARBARA",UNINCORPORATED,-120.11597604000001,34.652744380000001
6817092,2015,2015-03-02,4203,2015-01-31,2328,9018,,6,5,5,4203,0,0,0,,0,001,"SALINAS ST","SALINAS PL",0.00,,Y,A,-,N,,,,,,,,,,Y,4,0,1,2,D,-,00,,,F,D,D,A,A,H,-,C,D,0,,,,,Y,,-,"- ",0,0,1,0,0,0,0,0,0,"- ","- ",34.253779999999999,-119.40254,"SANTA BARBARA","SANTA BARBARA",-119.67362994,34.427050020000003
6818793,2015,2016-04-13,9750,2015-02-10,1740,014753,,2,2,9,4200,0,3,5,,2,020,"HARRIS GRADE RD","RT 135",6864.00,S,N,A,-,N,,,,,,,,,,Y,3,0,1,1,A,-,08,22107,,N,E,I,A,A,H,-,B,D,0,,,,,Y,,A,01,0,1,0,0,0,0,0,0,0,"- ","- ",34.751739999999998,-120.43438999999999,"SANTA BARBARA",UNINCORPORATED,-120.43341887,34.753272119999998
6818831,2015,2015-03-16,4202,2015-02-05,1133,22,,4,5,4,4202,0,0,0,,0,,"COLLEGE AV","R ST",0.00,,Y,A,-,N,,,,,,,,,,N,3,0,1,2,A,-,09,21803,A,N,D,C,A,A,H,-,A,D,0,,,,,Y,,D,22,0,1,0,0,0,0,0,0,0,"- ","- ",,,"SANTA BARBARA",LOMPOC,-120.47046998,34.647120090000001
6819072,2015,2016-10-28,9760,2015-02-07,1230,018019,,6,1,9,4200,0,1,2,,2,020,"RT 101","LAS POSITAS RD",1300.00,N,N,C,-,Y,SB,5,101,-,-,16.180,H,-,N,Y,4,0,1,2,A,-,03,22350,,N,C,C,A,B,H,-,A,D,1,,,,,Y,,D,22,0,0,1,0,0,0,0,0,0,"- ","- ",34.42859,-119.73723,"SANTA BARBARA",UNINCORPORATED,-119.72726339,34.426928609999997
6819108,2015,2016-10-28,9760,2015-02-02,0655,16739,,1,1,9,4200,0,1,2,,2,010,"RT 101","EVANS AV",2112.00,N,N,A,-,Y,SB,5,101,-,-,8.290,H,-,S,Y,2,0,1,3,A,-,03,22350,,N,C,C,A,A,H,-,A,D,1,,,,,Y,,D,22,1,0,0,0,0,0,0,0,0,"- ","- ",34.420819999999999,-119.60661,"SANTA BARBARA",UNINCORPORATED,-119.60172602999999,34.421164519999998
6819112,2015,2016-10-28,9760,2015-02-07,1130,019831,,6,1,5,4203,0,1,2,,2,011,"RT 101","LAS POSITAS RD",478.00,S,N,B,C,Y,SB,5,101,-,-,16.460,H,-,N,Y,4,0,1,3,A,-,03,22350,,N,E,I,A,B,H,-,A,D,1,,,,,Y,,A,07,0,0,1,0,0,0,0,0,0,"- ","- ",34.427070000000001,-119.72802,"SANTA BARBARA","SANTA BARBARA",-119.7321506,34.427800240000003
6819116,2015,2016-10-28,9760,2015-02-09,0948,012263,,1,1,9,4200,0,1,2,,2,020,"RT 101","RT 217",500.00,S,N,A,-,Y,SB,5,101,-,-,21.320,H,-,N,N,4,0,1,2,A,-,03,22350,,N,C,C,A,A,D,-,A,A,1,,,,Y,Y,,F,26,0,0,1,0,0,0,0,0,0,"- ","- ",34.411859999999997,-119.81104999999999,"SANTA BARBARA",UNINCORPORATED,-119.81127048,34.441831809999996
6819342,2015,2016-10-28,9750,2015-02-12,1645,016714,,4,2,5,4204,0,1,2,,2,001,"RT 101","MAIN ST",2165.00,S,N,A,-,Y,SB,5,101,-,-,88.190,H,-,N,N,4,0,1,2,A,-,03,22350,,N,C,C,A,A,H,-,A,D,0,,,,,Y,,D,22,0,0,1,0,0,0,0,0,0,"- ","- ",34.946210000000001,-120.41746000000001,"SANTA BARBARA","SANTA MARIA",-120.41754258,34.946852450000002
6820610,2015,2015-03-11,4202,2015-02-10,1428,239,LOMPO,2,5,4,4202,0,0,0,,0,013,"O ST","CYPRESS AV",0.00,,Y,A,-,N,,,,,,,,,,Y,3,0,2,2,A,-,03,22350,,M,C,C,A,A,H,-,A,A,0,,,,,Y,,A,07,0,1,1,0,0,0,0,0,0,"- ","- ",,,"SANTA BARBARA",LOMPOC,-120.46680992,34.637370050000001
6820743,2015,2015-02-27,9760,2015-01-24,1525,020908,,6,2,9,4200,0,3,5,,2,001,"VIA REAL","OCEAN VIEW AV",4.00,S,N,A,-,N,,,,,,,,,,N,2,0,1,1,D,-,00,,,N,F,A,A,A,H,-,A,D,0,,Y,,,Y,,-,"- ",1,0,0,0,0,0,1,0,0,"- ","- ",34.416460000000001,-119.57329,"SANTA BARBARA",UNINCORPORATED,-119.57318273999999,34.416446989999997
6820744,2015,2016-10-28,9760,2015-01-29,0619,017603,,4,1,4,4214,0,1,2,,2,020,"RT 101","SAN JOSE CREEK BRIDGE",200.00,S,N,B,-,Y,SB,5,101,-,-,21.580,H,-,N,Y,4,0,1,1,C,-,18,,,N,E,J,A,A,C,-,D,D,1,,,,,Y,,-,"- ",0,0,1,0,0,0,0,0,0,"- ","- ",34.440890000000003,-119.81826,"SANTA BARBARA",GOLETA,-119.81581558000001,34.441122569999997
6824873,2015,2016-09-13,9755,2015-01-24,1018,17884,,6,1,9,4200,0,1,3,,1,042,"RT 154","PARADISE RD",1584.00,W,N,A,-,Y,SB,5,154,-,-,21.290,H,-,W,Y,2,0,1,1,A,-,08,22107,,N,E,I,A,A,H,-,A,D,0,,,Y,,Y,,C,02,1,0,0,0,0,0,0,0,1,"- ","- ",34.546999999999997,-119.88489,"SANTA BARBARA",UNINCORPORATED,-119.86188349,34.535716809999997
6824874,2015,2016-10-28,9755,2015-01-26,2156,17967,,1,2,9,4200,0,1,2,,2,004,"RT 101","SANTA ROSA RD",6864.00,S,N,C,-,Y,SB,5,101,-,-,55.160,H,-,N,Y,2,0,3,3,C,-,18,,,N,B,C,A,B,G,-,D,D,1,,,,,Y,,-,"- ",1,0,2,0,0,0,0,0,0,"- ","- ",34.583930000000002,-120.19315,"SANTA BARBARA",UNINCORPORATED,-120.19233344,34.585023980000003
6824875,2015,2016-10-28,9755,2015-01-26,2157,17967,,1,2,9,4200,0,1,2,,2,004,"RT 101","SANTA ROSA RD",6864.00,S,N,C,-,Y,SB,5,101,-,-,55.160,H,-,N,Y,2,0,3,3,C,-,18,,,N,B,C,A,B,G,-,D,D,1,,,,,Y,,-,"- ",1,0,2,0,0,0,0,0,0,"- ","- ",34.583930000000002,-120.19315,"SANTA BARBARA",UNINCORPORATED,-120.19233344,34.585023980000003
6824876,2015,2016-10-28,9755,2015-01-27,0715,14934,,2,1,9,4200,0,1,2,,2,004,"RT 101","SANTA ROSA RD",7920.00,S,N,B,-,Y,SB,5,101,-,-,54.960,H,-,S,Y,4,0,1,1,A,-,03,22350,,N,E,I,A,B,H,-,A,D,1,,,,,Y,,A,01,0,0,1,0,0,0,0,0,0,"- ","- ",34.582340000000002,-120.19412,"SANTA BARBARA",UNINCORPORATED,-120.19397716,34.58237458
6824877,2015,2015-03-03,9755,2015-01-16,1350,16058,,5,1,9,4200,0,3,5,,2,050,"CONSTELLATION RD","APOLLO WY",500.00,N,N,A,-,N,,,,,,,,,,N,2,0,1,2,A,-,09,21804,A,N,D,C,A,A,H,-,A,D,0,,,Y,,Y,,A,01,1,0,0,0,0,0,0,0,1,"- ","- ",34.700380000000003,-120.46746,"SANTA BARBARA",UNINCORPORATED,-120.46706021,34.700475369999999
6826213,2015,2015-03-11,4203,2015-02-09,0113,6377,,1,5,5,4203,0,0,0,,0,003,"GARDEN ST","E HALEY ST",0.00,,Y,C,-,N,,,,,,,,,,Y,3,0,1,2,A,-,12,21453,A,N,-,D,A,B,H,-,C,A,0,,,,,Y,,-,,0,1,0,0,0,0,0,0,0,"- ","- ",34.420000000000002,-119.6921,"SANTA BARBARA","SANTA BARBARA",-119.69211994,34.420009999999998
6826972,2015,2016-04-13,4204,2015-02-17,1300,90026,49,2,5,5,4204,0,0,0,,0,002,MAIN,"PALISADES DR",0.00,,Y,A,-,N,,,,,,,,,,N,4,0,1,2,A,-,12,21453,A,N,D,C,A,A,H,-,A,A,0,,,Y,,Y,,C,02,0,0,1,0,0,0,0,0,1,"- ","- ",,,"SANTA BARBARA","SANTA MARIA",-120.41208985999999,34.952900030000002
6826976,2015,2016-09-13,4204,2015-02-13,1614,90139,2,5,5,5,4204,0,0,0,,0,001,BROADWAY,WILLIAMS,0.00,,Y,A,-,Y,SB,5,135,-,-,16.930,I,5,S,N,3,0,1,2,A,-,10,21950,A,N,G,B,B,A,H,-,A,A,0,Y,,,,Y,,A,01,0,1,0,0,1,0,0,0,0,"- ","- ",,,"SANTA BARBARA","SANTA MARIA",-120.43570962,34.969881819999998
6826980,2015,2015-03-10,4204,2015-02-17,1523,90355,94,2,5,5,4204,0,0,0,,0,003,"UNION VALLEY PKWY","FOXENWOOD LN",0.00,,Y,B,-,N,,,,,,,,,,Y,3,0,1,2,A,-,09,21802,,N,D,C,A,A,H,-,A,A,0,,,,,Y,,A,01,0,1,0,0,0,0,0,0,0,"- ","- ",,,"SANTA BARBARA","SANTA MARIA",-120.43874995,34.87962005
6826984,2015,2015-03-10,4204,2015-02-24,1705,90268,,2,5,5,4204,0,0,0,,0,002,CHAPEL,SMITH,0.00,,Y,A,-,N,,,,,,,,,,Y,3,0,1,2,A,-,09,21800,,N,D,C,A,A,H,-,B,D,0,,,,,Y,,A,01,0,1,0,0,0,0,0,0,0,"- ","- ",,,"SANTA BARBARA","SANTA MARIA",-120.44284992999999,34.954320029999998
6826988,2015,2015-03-10,4204,2015-02-24,1343,90242,72,2,5,5,4204,0,0,0,,0,003,"BLOSSER RD","SONYA LN",0.00,,Y,A,-,N,,,,,,,,,,Y,4,0,1,2,A,-,09,21802,A,N,D,C,A,A,H,-,A,D,0,,,,,Y,,A,01,0,0,1,0,0,0,0,0,0,"- ","- ",,,"SANTA BARBARA","SANTA MARIA",-120.45400988,34.927880020000003
6807539,2015,2016-09-08,4200,2015-01-26,0819,3934,11,1,5,2,4212,0,0,0,,0,,"RT 246","SYCAMORE DR",0.00,,Y,A,-,Y,SB,5,246,-,R,25.273,H,-,W,Y,3,0,2,2,A,-,09,21804,A,N,D,C,A,A,H,-,A,D,0,,,,,Y,,A,01,0,1,1,0,0,0,0,0,0,"- ","- ",,,"SANTA BARBARA",BUELLTON,-120.20580855999999,34.618260800000002
6808022,2015,2015-02-25,9750,2015-01-25,0155,17616,,7,3,9,4200,0,3,5,,2,030,"E JONES ST","SUEY RD",18.00,E,N,A,-,N,,,,,,,,,,Y,3,0,1,1,A,-,01,23152,A,N,E,I,A,A,H,-,C,D,0,,,,,Y,Y,A,07,0,1,0,0,0,0,0,0,0,"- ","- ",34.945529999999998,-120.40917,"SANTA BARBARA",UNINCORPORATED,-120.40914714,34.945714279999997
6809133,2015,2016-09-13,9750,2015-02-07,1930,016714,,6,2,9,4200,0,1,3,,1,062,"RT 166","ROCK FRONT RANCH RD",12672.00,W,N,C,-,Y,SLO,5,166,-,R,31.870,H,-,W,Y,4,0,1,1,A,-,03,22350,,N,F,I,A,B,H,-,D,D,0,,,,,Y,,A,01,0,0,1,0,0,0,0,0,0,"- ","- ",35.093829999999997,-120.12887000000001,"SANTA BARBARA",UNINCORPORATED,-120.12895813,35.093910809999997
6809492,2015,2015-03-04,4202,2015-01-31,1624,274,,6,5,4,4202,0,0,0,,0,,"V ST","CENTRAL AV",445.00,S,N,A,-,N,,,,,,,,,,Y,4,0,2,2,A,-,03,22350,,N,C,C,A,A,H,-,A,D,0,,,,,Y,,D,22,0,0,2,0,0,0,0,0,0,"- ","- ",,,"SANTA BARBARA",LOMPOC,-120.47524266000001,34.659769939999997
6809840,2015,2015-03-02,9750,2015-01-26,1445,015514,,1,2,9,4200,0,3,5,,2,020,"ESPLANADA AV","VIA FARGO",0.00,,Y,B,-,N,,,,,,,,,,Y,3,0,1,2,A,-,08,22107,,N,A,E,A,A,H,-,A,D,0,,,,,Y,,A,01,0,1,0,0,0,0,0,0,0,"- ","- ",34.859920000000002,-120.42264,"SANTA BARBARA",UNINCORPORATED,-120.42279993,34.859890040000003
6809953,2015,2015-03-05,4203,2015-01-23,1903,6377,,5,5,5,4203,0,0,0,,0,001,"W ANAPAMU ST","OLIVE ST",0.00,,Y,A,-,N,,,,,,,,,,Y,4,0,1,2,D,-,00,,,F,-,C,A,A,H,-,C,A,0,,,,,Y,Y,-,"- ",0,0,1,0,0,0,0,0,0,"- ","- ",34.428600000000003,-119.69880000000001,"SANTA BARBARA","SANTA BARBARA",-119.69876988999999,34.428710039999999
6809957,2015,2015-03-18,4203,2015-01-26,1339,6700,17,1,5,5,4203,0,0,0,,0,006,"SAN CLEMENTE AV","CALLE BREVO",0.00,,Y,B,-,N,,,,,,,,,,Y,4,0,1,2,A,-,09,21800,B,N,D,C,A,A,H,-,A,D,0,,,,,Y,,A,01,0,0,1,0,0,0,0,0,0,"- ","- ",34.235639999999997,-119.42246,"SANTA BARBARA","SANTA BARBARA",-119.70681997,34.399059999999999
6809961,2015,2015-03-05,4203,2015-01-23,1344,2661,,5,5,5,4203,0,0,0,,0,002,"CABRILLO BL","CHAPALA ST",0.00,,Y,A,-,N,,,,,,,,,,N,4,0,1,2,A,-,08,22100,A,N,B,G,A,A,H,-,A,A,0,,Y,,,Y,,-,,0,0,1,0,0,0,1,0,0,"- ","- ",34.243899999999996,-119.4126,"SANTA BARBARA","SANTA BARBARA",-119.69032991,34.411190060000003
6810383,2015,2015-03-09,4204,2015-01-28,0947,90355,75,3,5,5,4204,0,0,0,,0,003,"COLLEGE DR","BETTERAVIA RD",0.00,,Y,A,-,N,,,,,,,,,,N,4,0,2,2,A,-,12,21453,A,N,D,C,A,A,H,-,A,A,0,,,,,Y,Y,A,01,0,0,2,0,0,0,0,0,0,"- ","- ",,,"SANTA BARBARA","SANTA MARIA",-120.42563995,34.923750060000003
6812215,2015,2016-10-28,9760,2015-01-30,2105,20511,,5,2,5,4203,0,1,2,,2,011,"RT 101","CASTILLO ST",80.00,N,N,A,-,Y,SB,5,101,-,-,3.040,H,-,S,Y,4,0,1,1,A,-,03,22350,,N,F,A,A,B,H,-,C,D,1,,,Y,,Y,,C,02,0,0,1,0,0,0,0,0,1,"- ","- ",34.41187,-119.69919,"SANTA BARBARA","SANTA BARBARA",-119.51626163,34.400934700000001
6812235,2015,2016-09-13,9760,2015-01-27,2155,18431,,2,2,9,4200,0,1,3,,1,014,"RT 192","MOORE RD",0.00,,Y,A,-,Y,SB,5,192,-,-,9.360,I,5,W,Y,3,0,1,1,A,-,01,23152,A,N,E,I,A,A,H,-,D,D,0,,,,,Y,Y,A,01,0,1,0,0,0,0,0,0,0,"- ","- ",34.438569999999999,-119.62452,"SANTA BARBARA",UNINCORPORATED,-119.62454015,34.438852179999998
6812239,2015,2016-10-28,9760,2015-01-27,0320,19446,,2,3,9,4200,0,1,2,,1,030,"RT 101","LAS VARAS CYN RD",15.00,S,N,C,-,Y,SB,5,101,-,-,31.028,I,6,S,Y,4,0,1,1,A,-,08,22107,,N,E,I,A,B,H,-,D,D,5,,,,,Y,,A,01,0,0,1,0,0,0,0,0,0,"- ","- ",34.559699999999999,-119.9717,"SANTA BARBARA",UNINCORPORATED,-119.97334175,34.456158559999999
6812564,2015,2016-10-28,9750,2015-02-02,0240,16874,,1,3,9,4200,0,1,2,,2,001,"RT 101","BETTERAVIA RD",7392.00,,N,A,-,Y,SB,5,101,-,-,85.200,H,-,N,Y,4,0,1,2,A,-,03,22350,,N,C,C,A,A,H,-,D,D,0,,,,Y,Y,,A,01,0,0,1,0,0,0,0,0,0,"- ","- ",34.901960000000003,-120.41794,"SANTA BARBARA",UNINCORPORATED,-120.41803016999999,34.903535359999999
6812568,2015,2016-09-13,9750,2015-02-04,1135,012697,,3,1,9,4200,0,3,5,,2,020,"UNION VALLEY PKWY","RT 135",120.00,E,N,A,-,Y,SB,5,135,-,R,10.690,H,-,N,N,4,0,1,2,A,-,03,22350,,N,C,C,A,A,H,-,A,D,5,,,,,Y,,D,22,0,0,1,0,0,0,0,0,0,"- ","- ",34.879689999999997,-120.43577999999999,"SANTA BARBARA",UNINCORPORATED,-120.43655161,34.868940809999998
6812617,2015,2016-10-28,9750,2015-02-05,1728,16714,,4,2,9,4200,0,1,2,,2,002,"RT 101","PALMER RD",1690.00,N,N,A,-,Y,SB,5,101,-,-,76.210,H,-,S,N,3,0,1,1,A,-,03,22350,,N,E,A,A,A,H,-,A,D,1,,Y,,,Y,,L,04,0,1,0,0,0,0,1,0,0,"- ","- ",34.794550000000001,-120.33732999999999,"SANTA BARBARA",UNINCORPORATED,-120.33720862,34.794462410000001
6812621,2015,2015-03-05,9750,2015-02-06,0800,14358,,5,1,9,4200,0,3,5,,2,020,"FOXENWOOD LN","STANSBURY DR",0.00,,Y,A,-,N,,,,,,,,,,N,4,0,1,2,A,-,09,21802,B,N,H,G,A,A,H,-,A,A,0,,Y,,,Y,,L,04,0,0,1,0,0,0,1,0,0,"- ","- ",34.869970000000002,-120.43704,"SANTA BARBARA",UNINCORPORATED,-120.43691995,34.870030110000002
6812629,2015,2016-10-28,9750,2015-02-06,1620,16714,,5,2,5,4204,0,1,2,,2,001,"RT 101","DONOVAN RD",560.00,N,N,A,-,Y,SB,5,101,-,-,89.920,R,2,S,Y,3,0,1,1,A,-,01,23152,A,M,E,I,A,A,H,-,A,D,0,,,,,Y,Y,A,01,0,1,0,0,0,0,0,0,0,TO,"- ",34.969299999999997,-120.42474,"SANTA BARBARA","SANTA MARIA",-120.42494146,34.970619360000001
6813015,2015,2015-03-06,4202,2015-02-03,1432,292,,2,5,4,4202,0,0,0,,0,,"PINE AV","H ST",336.00,W,N,A,-,N,,,,,,,,,,Y,3,0,1,2,A,-,08,22102,,N,D,C,A,A,H,-,A,A,0,,,,,Y,,D,22,0,1,0,0,0,0,0,0,0,"- ","- ",,,"SANTA BARBARA",LOMPOC,-120.45886679,34.650197810000002