CASE_ID,ACCIDENT_YEAR,PROC_DATE,JURIS,COLLISION_DATE,COLLISION_TIME,OFFICER_ID,REPORTING_DISTRICT,DAY_OF_WEEK,CHP_SHIFT,POPULATION,CNTY_CITY_LOC,SPECIAL_COND,BEAT_TYPE,CHP_BEAT_TYPE,CITY_DIVISION_LAPD,CHP_BEAT_CLASS,BEAT_NUMBER,PRIMARY_RD,SECONDARY_RD,DISTANCE,DIRECTION,INTERSECTION,WEATHER_1,WEATHER_2,STATE_HWY_IND,CALTRANS_COUNTY,CALTRANS_DISTRICT,STATE_ROUTE,ROUTE_SUFFIX,POSTMILE_PREFIX,POSTMILE,LOCATION_TYPE,RAMP_INTERSECTION,SIDE_OF_HWY,TOW_AWAY,COLLISION_SEVERITY,NUMBER_KILLED,NUMBER_INJURED,PARTY_COUNT,PRIMARY_COLL_FACTOR,PCF_CODE_OF_VIOL,PCF_VIOL_CATEGORY,PCF_VIOLATION,PCF_VIOL_SUBSECTION,HIT_AND_RUN,TYPE_OF_COLLISION,MVIW,PED_ACTION,ROAD_SURFACE,ROAD_COND_1,ROAD_COND_2,LIGHTING,CONTROL_DEVICE,CHP_ROAD_TYPE,PEDESTRIAN_ACCIDENT,BICYCLE_ACCIDENT,MOTORCYCLE_ACCIDENT,TRUCK_ACCIDENT,NOT_PRIVATE_PROPERTY,ALCOHOL_INVOLVED,STWD_VEHTYPE_AT_FAULT,CHP_VEHTYPE_AT_FAULT,COUNT_SEVERE_INJ,COUNT_VISIBLE_INJ,COUNT_COMPLAINT_PAIN,COUNT_PED_KILLED,COUNT_PED_INJURED,COUNT_BICYCLIST_KILLED,COUNT_BICYCLIST_INJURED,COUNT_MC_KILLED,COUNT_MC_INJURED,PRIMARY_RAMP,SECONDARY_RAMP,LATITUDE,LONGITUDE,COUNTY,CITY,POINT_X,POINT_Y
6813313,2015,2015-02-27,9760,2015-01-27,0740,015658,,2,1,9,4200,0,3,5,,2,005,"CAMINO PESCADERO","PICASSO RD",0.00,,Y,A,-,N,,,,,,,,,,N,3,0,1,2,A,-,12,22450,A,N,D,G,A,B,H,-,A,A,0,,Y,,,Y,,A,01,0,1,0,0,0,0,1,0,0,"- ","- ",34.415179999999999,-119.85888,"SANTA BARBARA",UNINCORPORATED,-119.85868992,34.41520002
6813317,2015,2016-09-13,9760,2015-01-27,0430,015658,,2,3,9,4200,0,1,3,,1,022,"RT 154","SAN ANTONIO CREEK RD",6864.00,W,N,B,-,Y,SB,5,154,-,-,28.660,H,-,E,Y,4,0,1,1,A,-,17,21662,,N,E,I,A,B,H,-,D,D,0,,,,,Y,,A,01,0,0,1,0,0,0,0,0,0,"- ","- ",34.476430000000001,-119.76951,"SANTA BARBARA",UNINCORPORATED,-119.77218427,34.481447729999999
6813322,2015,2015-02-27,4202,2015-01-25,0640,292,,7,5,4,4202,0,0,0,,0,,"M ST","CHESTNUT AV",50.00,N,N,A,-,N,,,,,,,,,,N,4,0,1,3,A,-,08,22107,,M,B,E,A,A,H,-,B,A,0,,,,,Y,,A,08,0,0,1,0,0,0,0,0,0,"- ","- ",,,"SANTA BARBARA",LOMPOC,-120.46420908,34.642427339999998
6813325,2015,2016-10-28,9760,2015-01-28,1836,017314,,3,2,9,4200,0,1,2,,1,040,"RT 101","EL CAPITAN STATE BEACH RD",40.00,S,N,B,-,Y,SB,5,101,-,-,33.840,H,-,N,Y,3,0,1,1,A,-,01,23152,A,N,E,I,A,A,H,-,D,D,5,,,,,Y,Y,A,01,0,1,0,0,0,0,0,0,0,"- ","- ",34.463290000000001,-120.02119999999999,"SANTA BARBARA",UNINCORPORATED,-120.02121251,34.463366520000001
6820745,2015,2016-10-28,9760,2015-01-30,1930,020323,,5,2,4,4214,0,1,2,,1,030,"RT 101","GLENN ANNIE RD",726.00,S,N,A,-,Y,SB,5,101,-,-,24.620,H,-,S,Y,3,0,1,2,A,-,01,23152,A,N,E,I,A,A,H,-,D,D,1,,,,,Y,Y,A,01,0,1,0,0,0,0,0,0,0,"- ","- ",34.436450000000001,-119.85954,"SANTA BARBARA",GOLETA,-119.86835422999999,34.434767630000003
6820775,2015,2015-08-12,9760,2015-01-30,2250,19446,,5,3,9,4200,0,3,5,,2,005,"CAMINO DEL SUR","SABADO TARDE RD",0.00,,Y,A,-,N,,,,,,,,,,N,3,0,1,2,A,-,17,21200,,N,D,G,A,A,H,-,D,A,0,,Y,,,Y,Y,L,04,0,1,0,0,0,0,1,0,0,"- ","- ",34.410350000000001,-119.86259,"SANTA BARBARA",UNINCORPORATED,-119.86258991,34.41046
6820898,2015,2015-03-17,4204,2015-02-10,1143,23397,80,2,5,5,4204,0,0,0,,0,1143,"BETTERAVIA RD","BLOSSER RD",75.00,E,N,A,-,N,,,,,,,,,,N,4,0,1,2,A,-,07,21658,A,N,B,C,A,A,H,-,A,A,0,,,,,Y,,I,11,0,0,1,0,0,0,0,0,0,"- ","- ",,,"SANTA BARBARA","SANTA MARIA",-120.45383989,34.920630000000003
6821376,2015,2016-10-03,4202,2015-02-10,1849,239,LOMPO,2,5,4,4202,0,0,0,,0,006,"RT 1","PINE AV",32.00,N,N,A,-,Y,SB,5,1,-,-,21.350,H,-,S,N,4,0,2,3,A,-,03,22350,,N,-,C,A,A,H,-,C,A,0,,,,,Y,,A,07,0,0,2,0,0,0,0,0,0,"- ","- ",,,"SANTA BARBARA",LOMPOC,-120.45782930999999,34.65037109
6821434,2015,2015-03-06,4202,2015-02-03,1709,10112,,2,5,4,4202,0,0,0,,0,,"O ST","CHESTNUT AV",0.00,,Y,A,-,N,,,,,,,,,,N,4,0,1,2,A,-,12,22450,,N,H,G,A,A,H,-,B,A,0,,Y,,,Y,,L,04,0,0,1,0,0,0,1,0,0,"- ","- ",,,"SANTA BARBARA",LOMPOC,-120.46673989,34.642310109999997
6821486,2015,2015-03-09,4203,2015-02-09,1418,90355,68,1,5,5,4203,0,0,0,,0,003,MILLER,"PLAZA DR",4.00,S,N,A,-,N,,,,,,,,,,Y,4,0,1,2,A,-,09,21801,,N,D,C,A,A,H,-,A,A,0,,,,,Y,,A,01,0,0,1,0,0,0,0,0,0,"- ","- ",,,"SANTA BARBARA","SANTA BARBARA",-120.4315903,34.937339020000003
6821487,2015,2016-09-13,4204,2015-02-11,1527,23397,32,3,5,5,4204,0,0,0,,0,002,MAIN,"RUSSELL AV",50.00,W,N,A,-,Y,SB,5,166,-,-,6.980,H,-,E,N,4,0,1,2,A,-,03,22350,,N,C,C,A,A,H,-,A,A,0,,,,,Y,,A,01,0,0,1,0,0,0,0,0,0,"- ","- ",,,"SANTA BARBARA","SANTA MARIA",-120.45190267,34.95323028
6822081,2015,2015-02-26,4200,2015-01-23,1853,3116,14,5,5,4,4214,0,0,0,,0,050,"CALLE REAL","LA PATERA LN",0.00,,Y,A,-,N,,,,,,,,,,Y,3,0,1,2,A,-,09,21802,A,N,D,C,A,A,H,-,C,A,0,,,,,Y,,A,01,0,1,0,0,0,0,0,0,0,"- ","- ",,,"SANTA BARBARA",GOLETA,-119.84280991,34.438780100000002
6822896,2015,2015-03-09,4200,2015-01-20,1632,3683,14,2,5,4,4214,0,0,0,,0,060,"HOLLISTER AV","KINMAN AV",422.00,W,N,A,-,N,,,,,,,,,,Y,3,0,2,3,A,-,03,22350,,N,C,C,A,A,H,-,A,D,0,,,,,Y,,A,01,0,1,1,0,0,0,0,0,0,"- ","- ",,,"SANTA BARBARA",GOLETA,-119.8237072,34.435660310000003
6837972,2015,2015-03-11,4204,2015-01-31,1312,90081,75,6,5,5,4204,0,0,0,,0,003,"BETTERAVIA RD","COLLEGE DR",80.00,E,N,A,-,N,,,,,,,,,,N,4,0,1,2,A,-,04,21703,,N,C,C,A,A,H,-,A,A,0,,,,,Y,,A,01,0,0,1,0,0,0,0,0,0,"- ","- ",,,"SANTA BARBARA","SANTA MARIA",-120.42537331,34.923744139999997
6838903,2015,2015-03-16,4204,2015-02-26,1018,23397,,4,5,5,4204,0,0,0,,0,,"BETTERAVIA RD","COLLEGE DR",0.00,,Y,A,-,N,,,,,,,,,,N,4,0,1,3,A,-,03,22350,,N,C,C,A,A,H,-,A,A,0,,,,,Y,,D,22,0,0,1,0,0,0,0,0,0,"- ","- ",,,"SANTA BARBARA","SANTA MARIA",-120.42563995,34.923750060000003
6827812,2015,2015-03-23,4204,2015-03-02,2139,90273,80,1,5,5,4204,0,0,0,,0,003,"SKYWAY DR","BETTERAVIA RD",0.00,,Y,A,-,N,,,,,,,,,,Y,2,0,3,2,A,-,01,23153,A,N,D,C,A,A,H,-,C,A,0,,,,,Y,Y,D,22,1,1,1,0,0,0,0,0,0,"- ","- ",,,"SANTA BARBARA","SANTA MARIA",-120.45408988,34.920630109999998
6828931,2015,2015-03-16,4204,2015-02-15,0047,90026,35,7,5,5,4204,0,0,0,,0,002,MILL,SCHOOL,116.00,W,N,A,-,N,,,,,,,,,,Y,2,0,3,5,A,-,08,22107,,F,A,E,A,A,H,-,C,D,0,,,,,Y,,A,01,2,0,1,0,0,0,0,0,0,"- ","- ",,,"SANTA BARBARA","SANTA MARIA",-120.43042693,34.955335529999999
6828955,2015,2016-09-13,4204,2015-01-23,0900,90081,35,5,5,5,4204,0,0,0,,0,002,MILLER,MAIN,160.00,N,N,A,-,Y,SB,5,166,-,-,8.130,I,6,W,N,4,0,1,2,A,-,05,21202,A,N,D,G,A,A,H,-,A,D,0,,Y,,,Y,,L,04,0,0,1,0,0,0,1,0,0,"- ","- ",,,"SANTA BARBARA","SANTA MARIA",-120.43135432,34.953212460000003
6829016,2015,2016-09-13,4204,2015-02-18,1317,90242,01,3,5,5,4204,0,0,0,,0,005,TAYLOR,BROADWAY,0.00,,Y,A,-,Y,SB,5,135,-,-,17.280,I,6,S,N,4,0,1,2,A,-,03,22350,,N,C,C,A,A,H,-,A,D,0,,,,,Y,,D,22,0,0,1,0,0,0,0,0,0,"- ","- ",,,"SANTA BARBARA","SANTA MARIA",-120.43565762,34.97496082
6829034,2015,2015-03-18,9750,2015-02-20,0720,013267,,5,1,9,4200,0,2,4,,1,024,"BRADLEY RD","UNION VALLEY PKWY",400.00,N,N,B,-,N,,,,,,,,,,N,3,0,2,2,A,-,03,22350,,N,C,C,A,A,H,-,A,D,0,,,,,Y,,A,07,0,1,1,0,0,0,0,0,0,"- ","- ",34.87997,-120.41862,"SANTA BARBARA",UNINCORPORATED,-120.41871687,34.880458429999997
6829082,2015,2015-03-11,4202,2015-02-16,1241,292,,1,5,4,4202,0,0,0,,0,,"V ST","PINE AV",0.00,,Y,B,-,N,,,,,,,,,,Y,3,0,3,2,A,-,03,22350,,N,D,C,A,A,H,-,A,A,0,,,,,Y,,A,01,0,3,0,0,0,0,0,0,0,"- ","- ",,,"SANTA BARBARA",LOMPOC,-120.47536995999999,34.65036001
6831318,2015,2015-03-17,4203,2015-02-10,1317,6700,43,2,5,5,4203,0,0,0,,0,003,"HALEY ST","SANTA BARBARA ST",38.00,W,N,A,-,N,,,,,,,,,,Y,3,0,1,2,A,-,03,22350,,N,C,C,A,A,H,-,A,A,0,,,Y,,Y,,C,03,0,1,0,0,0,0,0,0,1,"- ","- ",34.257899999999999,-119.4136,"SANTA BARBARA","SANTA BARBARA",-119.69331033,34.418879660000002
6831450,2015,2015-03-18,4203,2015-02-25,0801,6700,46,3,5,5,4203,0,0,0,,0,003,"MICHELTORENA ST","SANTA BARBARA ST",5.00,E,N,A,-,N,,,,,,,,,,N,4,0,1,2,A,-,08,22107,,N,G,B,D,A,H,-,A,A,0,Y,,,,Y,,D,23,0,0,1,0,1,0,0,0,0,"- ","- ",34.254219999999997,-119.42216999999999,"SANTA BARBARA","SANTA BARBARA",-119.70600942999999,34.428310570000001
6831604,2015,2015-03-19,4203,2015-02-22,1821,6972,,7,5,5,4203,0,0,0,,0,001,"N MILPAS ST","MASON ST",250.00,S,N,C,-,N,,,,,,,,,,N,3,0,1,2,D,-,00,,,M,C,G,A,B,H,-,C,-,0,,Y,,,Y,,-,"- ",0,1,0,0,0,0,1,0,0,"- ","- ",34.251939999999998,-119.40463,"SANTA BARBARA","SANTA BARBARA",-119.6795499,34.422104930000003
6831608,2015,2016-02-16,4203,2015-02-20,2043,7774,,5,5,5,4203,0,0,0,,0,005,"LAS POSITAS RD","CALLE REAL",0.00,,Y,A,-,N,,,,,,,,,,Y,3,0,4,2,A,-,12,21453,A,N,D,D,A,A,H,-,C,A,0,,,,,Y,,-,,0,1,3,0,0,0,0,0,0,"- ","- ",34.254280000000001,-119.44019,"SANTA BARBARA","SANTA BARBARA",-119.73373986999999,34.428590020000001
6831612,2015,2015-03-18,4203,2015-02-21,2153,7570,,6,5,5,4203,0,0,0,,0,005,"STATE ST","HOPE AV",124.00,W,N,A,-,N,,,,,,,,,,N,4,0,1,2,D,-,00,,,F,C,G,A,A,H,-,C,D,0,,Y,,,Y,,-,"- ",0,0,1,0,0,0,1,0,0,"- ","- ",34.440469999999998,-119.748,"SANTA BARBARA","SANTA BARBARA",-119.74713093,34.440483319999998
6839751,2015,2015-04-01,4203,2015-02-12,1936,1436,,4,5,5,4203,0,0,0,,0,004,"STATE ST","E SOLA ST",0.00,,Y,A,-,N,,,,,,,,,,N,4,0,1,2,A,-,12,21453,A,N,D,C,A,A,H,-,C,A,0,,,,,Y,,-,"- ",0,0,1,0,0,0,0,0,0,"- ","- ",34.425350000000002,-119.7071,"SANTA BARBARA","SANTA BARBARA",-119.70702998,34.425240070000001
6839759,2015,2016-10-28,4203,2015-02-25,0342,2661,,3,5,5,4203,0,0,0,,0,006,"MISSION ST","RT 101",0.00,,Y,A,-,Y,SB,5,101,-,R,15.640,R,1,N,Y,3,0,1,2,A,-,12,21453,A,N,A,C,A,A,H,-,A,A,0,,,,,Y,,-,,0,1,0,0,0,0,0,0,0,"- ","- ",34.252000000000002,-119.43129999999999,"SANTA BARBARA","SANTA BARBARA",-119.71886240000001,34.42454884
6839922,2015,2015-03-21,4203,2015-03-04,1927,3597,,3,5,5,4203,0,0,0,,0,006,"SAN ANDRES ST","VICTORIA ST",45.00,S,N,A,-,N,,,,,,,,,,Y,4,0,1,2,A,-,08,22107,,N,C,E,A,A,H,-,C,D,0,,,,,Y,Y,-,,0,0,1,0,0,0,0,0,0,"- ","- ",34.253149999999998,-119.42026,"SANTA BARBARA","SANTA BARBARA",-119.71351803,34.416828410000001
6839926,2015,2016-02-16,4203,2015-03-04,1455,2661,,3,5,5,4203,0,0,0,,0,001,"CANON PERDIDO ST","SPRING ST",70.00,W,N,A,-,N,,,,,,,,,,N,3,0,1,1,A,-,03,22350,,N,F,I,A,A,H,-,A,D,0,,Y,,,Y,,L,04,0,1,0,0,0,0,1,0,0,"- ","- ",34.2547,-119.41240000000001,"SANTA BARBARA","SANTA BARBARA",-119.68999279000001,34.430405389999997
6839934,2015,2016-02-16,4203,2015-03-02,0717,6700,43,1,5,5,4203,0,0,0,,0,003,"GUTIERREZ ST","GARDEN ST",0.00,,Y,A,-,N,,,,,,,,,,Y,4,0,3,2,A,-,12,21453,A,N,D,C,A,A,H,-,A,A,0,,,,,Y,,-,"- ",0,0,3,0,0,0,0,0,0,"- ","- ",34.258540000000004,-119.41271,"SANTA BARBARA","SANTA BARBARA",-119.69077996,34.419080100000002
6839938,2015,2015-04-07,4203,2015-03-03,2246,2661,,2,5,5,4203,0,0,0,,0,001,"CACIQUE ST","MILPAS ST",135.00,W,N,A,-,N,,,,,,,,,,Y,3,0,1,2,A,-,09,21801,A,N,D,C,A,A,H,-,A,D,0,,,,,Y,,-,"- ",0,1,0,0,0,0,0,0,0,"- ","- ",34.258000000000003,-119.4037,"SANTA BARBARA","SANTA BARBARA",-119.67663702,34.419485719999997
6839979,2015,2015-03-21,4203,2015-03-05,1229,2661,,4,5,5,4203,0,0,0,,0,002,"CABRILLO BL","STATE ST",0.00,,Y,A,-,N,,,,,,,,,,Y,3,0,1,2,A,-,08,22101,D,N,A,C,A,A,D,-,A,A,0,,,,,Y,,-,,0,1,0,0,0,0,0,0,0,"- ","- ",34.244100000000003,-119.4121,"SANTA BARBARA","SANTA BARBARA",-119.6891899,34.41218009
6839983,2015,2015-03-27,4203,2015-03-05,1852,6969,,4,5,5,4203,0,0,0,,0,002,"SHORELINE DR","LOMA ALTA DR",0.00,,Y,A,-,N,,,,,,,,,,Y,4,0,2,2,A,-,09,21801,A,N,A,C,A,A,H,-,B,A,0,,,,,Y,Y,-,,0,0,2,0,0,0,0,0,0,"- ","- ",34.241199999999999,-119.4152,"SANTA BARBARA","SANTA BARBARA",-119.69773995,34.403200040000002
6839991,2015,2016-04-13,4203,2015-03-08,1403,5726,SANTA,7,5,5,4203,0,0,0,,0,006,"CLIFF DR","TERRACE RD",0.00,,Y,A,-,N,,,,,,,,,,N,4,0,2,2,A,-,08,22103,,N,B,C,A,A,H,-,A,D,0,,,,,Y,,-,,0,0,2,0,0,0,0,0,0,"- ","- ",34.240540000000003,-119.42415,"SANTA BARBARA","SANTA BARBARA",-119.71151992999999,34.401520079999997
6840372,2015,2016-09-13,9755,2015-03-10,0605,15973,,2,1,9,4200,0,1,3,,1,042,"RT 154","ZACA STATION RD",200.00,W,N,B,-,Y,SB,5,154,-,R,0.170,H,-,W,Y,4,0,1,1,A,-,08,22107,,N,F,A,A,A,H,-,C,D,0,,,,,Y,,D,22,0,0,1,0,0,0,0,0,0,"- ","- ",34.687559999999998,-120.35641,"SANTA BARBARA",UNINCORPORATED,-120.15596253,34.687358420000002
6840513,2015,2015-03-23,9755,2015-02-02,1935,18264,,1,2,9,4200,0,3,5,,2,050,"CALLE LINDERO","VIA ISLA",96.00,E,N,A,-,N,,,,,,,,,,N,4,0,2,4,A,-,08,22107,,N,E,E,E,A,H,-,C,D,0,Y,,,,Y,,A,01,0,0,2,0,2,0,0,0,0,"- ","- ",34.699919999999999,-120.42749999999999,"SANTA BARBARA",UNINCORPORATED,-120.42767071999999,34.700009999999999
6813329,2015,2016-10-28,9760,2015-01-26,1332,017603,,1,1,3,4205,0,1,2,,2,010,"RT 101","FINNEY ST",12.00,S,N,B,-,Y,SB,5,101,-,R,7.940,H,-,S,N,4,0,1,1,A,-,08,22107,,N,E,I,A,A,H,-,A,D,1,,,,,Y,,A,01,0,0,1,0,0,0,0,0,0,"- ","- ",34.419759999999997,-119.59593,"SANTA BARBARA",CARPINTERIA,-119.59604065000001,34.419747430000001
6813333,2015,2016-10-28,9760,2015-01-21,0730,018490,,3,1,9,4200,0,1,2,,2,010,"RT 101","CASITAS PASS RD",1000.00,S,N,A,-,Y,SB,5,101,-,-,17.830,H,-,N,Y,4,0,1,2,A,-,03,22350,,N,C,C,A,A,H,-,A,D,1,,,,,Y,,A,01,0,0,1,0,0,0,0,0,0,"- ","- ",34.393900000000002,-119.50941,"SANTA BARBARA",UNINCORPORATED,-119.75213044,34.437375959999997
6813345,2015,2015-02-27,9760,2015-01-13,1800,017314,,2,2,9,4200,0,3,5,,2,005,"PARDALL RD","EMBARCADERO DEL NORTE",150.00,W,N,B,-,N,,,,,,,,,,N,3,0,1,1,D,-,00,,,N,E,I,A,A,H,-,C,D,0,,Y,,,Y,,-,"- ",0,1,0,0,0,0,1,0,0,"- ","- ",34.413119999999999,-119.85593,"SANTA BARBARA",UNINCORPORATED,-119.85588687000001,34.413099090000003
6813357,2015,2016-10-28,9760,2015-01-24,1755,020511,,6,2,5,4203,0,1,2,,2,011,"RT 101","MISSION ST",400.00,N,N,A,-,Y,SB,5,101,-,-,15.830,H,-,S,Y,4,0,2,3,A,-,03,22350,,N,C,C,A,A,H,-,C,D,1,,,,,Y,,A,01,0,0,2,0,0,0,0,0,0,"- ","- ",34.426810000000003,-119.72763999999999,"SANTA BARBARA","SANTA BARBARA",-119.72140537999999,34.425697730000003
6813616,2015,2015-03-11,4200,2015-02-06,0945,3116,14,5,5,4,4214,0,0,0,,0,060,"HOLLISTER AV","RUTHERFORD ST",304.00,E,N,A,-,N,,,,,,,,,,Y,4,0,1,2,A,-,03,22350,,N,C,C,A,A,H,-,A,D,0,,,,,Y,,A,07,0,0,1,0,0,0,0,0,0,"- ","- ",,,"SANTA BARBARA",GOLETA,-119.82423597,34.435690919999999
6814926,2015,2015-04-20,4203,2015-03-16,1447,6700,42,1,5,5,4203,0,0,0,,0,003,"ANAPAMU ST","ANACAPA ST",100.00,W,N,A,-,N,,,,,,,,,,N,4,0,1,2,A,-,11,21954,A,N,G,B,E,A,H,-,A,D,0,Y,,,,Y,,N,60,0,0,1,0,1,0,0,0,0,"- ","- ",34.25271,-119.4213,"SANTA BARBARA","SANTA BARBARA",-119.70350079000001,34.424265269999999
6815631,2015,2015-03-04,4204,2015-01-22,1628,18261,80,4,5,5,4204,0,0,0,,0,003,"BETTERAVIA RD","BLOSSER RD",0.00,,Y,A,-,N,,,,,,,,,,Y,4,0,3,4,A,-,12,21453,A,N,D,D,A,A,H,-,A,A,0,,,,,Y,,D,22,0,0,3,0,0,0,0,0,0,"- ","- ",,,"SANTA BARBARA","SANTA MARIA",-120.45408988,34.920630109999998
6815639,2015,2015-03-18,4204,2015-02-08,1646,90338,4204,7,5,5,4204,0,0,0,,0,003,"SANTA MARIA WY",MILLER,0.00,,Y,C,-,N,,,,,,,,,,Y,3,0,1,2,A,-,12,21453,A,N,D,C,A,B,H,-,C,A,0,,,,,Y,,D,22,0,1,0,0,0,0,0,0,0,"- ","- ",,,"SANTA BARBARA","SANTA MARIA",-120.43414989,34.90955005
6815655,2015,2015-03-18,4204,2015-02-02,1641,90268,89,1,5,5,4204,0,0,0,,0,003,MILLER,"SAN YSIDRO ST",0.00,,Y,A,-,N,,,,,,,,,,N,4,0,1,2,A,-,10,21950,A,N,G,B,B,A,H,-,A,A,0,Y,,,,Y,,D,22,0,0,1,0,1,0,0,0,0,"- ","- ",,,"SANTA BARBARA","SANTA MARIA",-120.43156986,34.912790020000003
6815684,2015,2015-03-05,4204,2015-01-25,1815,90338,,7,5,5,4204,0,0,0,,0,003,"BLOSSER RD","BATTLES RD",0.00,,Y,A,-,N,,,,,,,,,,N,4,0,1,2,A,-,03,22350,,F,C,C,A,A,H,-,A,A,0,,,,,Y,,A,07,0,0,1,0,0,0,0,0,0,"- ","- ",,,"SANTA BARBARA","SANTA MARIA",-120.45396992000001,34.931590040000003
6815878,2015,2015-03-05,4204,2015-02-01,1843,90343,58,7,5,5,4204,0,0,0,,0,002,MILLER,"STOWELL RD",0.00,,Y,A,-,N,,,,,,,,,,Y,4,0,1,2,A,-,12,21453,A,N,D,C,A,A,H,-,C,A,0,,,,,Y,,A,01,0,0,1,0,0,0,0,0,0,"- ","- ",,,"SANTA BARBARA","SANTA MARIA",-120.43159996,34.938480089999999
6853922,2015,2015-03-25,4200,2015-03-03,0834,4255,6,2,5,2,4206,0,0,0,,0,,"MISSION DR","PINE ST",48.00,E,N,A,-,N,,,,,,,,,,N,3,0,1,1,A,-,03,22350,,N,H,A,A,A,H,-,A,A,0,,,Y,,Y,,C,02,0,1,0,0,0,0,0,0,1,"- ","- ",,,"SANTA BARBARA",SOLVANG,-120.1339641,34.596077510000001
6854075,2015,2015-03-27,9755,2015-02-22,2000,17378,,7,2,9,4200,0,1,2,,2,004,"RT 101","RT 1",6336.00,S,N,B,C,Y,SB,5,101,-,-,47.750,H,-,N,Y,1,1,1,1,A,-,03,22350,,N,F,A,A,B,H,-,C,D,1,,,,,Y,,D,22,0,1,0,0,0,0,0,0,0,"- ","- ",34.494700000000002,-120.22969999999999,"SANTA BARBARA",UNINCORPORATED,-120.22962556,34.494653820000003
6854609,2015,2015-05-15,9750,2015-02-22,2038,16874,,7,2,9,4200,0,1,2,,2,002,"RT 101","SOLOMON SUMMIT",2112.00,S,N,B,C,Y,SB,5,101,-,-,78.220,H,-,N,Y,1,1,1,1,A,-,01,23152,A,N,F,A,A,B,H,-,D,D,1,,,,,Y,Y,A,07,1,0,0,0,0,0,0,0,0,"- ","- ",34.820700000000002,-120.35330999999999,"SANTA BARBARA",UNINCORPORATED,-120.35310155000001,34.82044294
6854658,2015,2015-07-15,9750,2015-05-24,0735,016170,,7,1,9,4200,0,1,3,,1,062,"RT 166","SIERRA MADRE RD",23760.00,W,N,A,-,Y,SLO,5,166,-,R,31.970,H,-,E,Y,1,1,0,1,A,-,08,22107,,N,F,A,A,A,H,-,A,D,0,,,,,Y,,A,01,0,0,0,0,0,0,0,0,0,"- ","- ",35.093940000000003,-120.12754,"SANTA BARBARA",UNINCORPORATED,-120.12755926,35.094005170000003
6854661,2015,2015-07-16,4202,2015-05-20,1046,239,LOMPO,3,5,4,4202,0,0,0,,0,001,"RT 1","H ST",0.00,,N,A,-,Y,SB,5,1,-,R,23.296,I,5,S,N,1,1,0,2,A,-,03,22350,,N,H,G,A,A,H,-,A,D,0,,Y,,,Y,,L,04,0,0,0,0,0,1,0,0,0,TO,TR,,,"SANTA BARBARA",LOMPOC,-120.45602739,34.678341330000002
6854764,2015,2015-07-16,9750,2015-06-20,2324,17379,,6,3,9,4200,0,3,5,,2,020,"BLACK RD","TANGLEWOOD DR",7.00,N,N,A,-,N,,,,,,,,,,Y,1,1,0,2,A,-,09,21801,A,N,D,C,A,A,H,-,C,D,0,,,Y,,Y,,D,22,0,0,0,0,0,0,0,1,0,"- ","- ",34.899389999999997,-120.49039,"SANTA BARBARA",UNINCORPORATED,-120.49041972000001,34.899409230000003
6855681,2015,2015-03-26,9755,2015-03-12,1820,017378,,4,2,9,4200,0,3,5,,2,050,"BURTON MESA BL","MESA CIRCLE DR",131.00,S,N,A,-,N,,,,,,,,,,Y,3,0,1,2,A,-,01,23152,A,N,C,C,A,A,H,-,A,D,0,,,,,Y,Y,A,01,0,1,0,0,0,0,0,0,0,"- ","- ",,,"SANTA BARBARA",UNINCORPORATED,-120.47019899,34.702116439999998
6855783,2015,2016-04-06,9755,2015-03-18,1545,016058,,3,2,9,4200,0,3,5,,2,050,"OCEAN AV","FLORADALE AV",0.00,,Y,B,-,N,,,,,,,,,,Y,1,1,0,2,A,-,05,21752,D,N,C,C,A,A,H,-,A,D,0,,,Y,,Y,,C,02,0,0,0,0,0,0,0,1,0,"- ","- ",34.639859999999999,-120.49311,"SANTA BARBARA",UNINCORPORATED,-120.49315996,34.63988003
6855784,2015,2016-09-16,9755,2015-03-04,1930,018264,,3,2,9,4200,0,1,3,,1,055,"RT 1","SANTA LUCIA CANYON RD",1056.00,N,N,A,-,Y,SB,5,1,-,-,22.800,H,-,S,N,2,0,1,2,A,-,00,21760,B,N,C,G,A,A,H,-,D,D,0,,Y,,,Y,,A,01,1,0,0,0,0,0,1,0,0,"- ","- ",34.716859999999997,-120.48974,"SANTA BARBARA",UNINCORPORATED,-120.45764543,34.671378429999997
6855936,2015,2015-05-04,9760,2015-03-02,1440,16739,,1,2,9,4200,0,3,5,,2,005,"EL COLEGIO RD","CAMINO DEL SUR",305.00,E,N,A,-,N,,,,,,,,,,Y,4,0,1,2,A,-,07,21658,A,N,C,C,A,A,H,-,A,D,0,,,,,Y,,A,07,0,0,1,0,0,0,0,0,0,"- ","- ",34.417270000000002,-119.86178,"SANTA BARBARA",UNINCORPORATED,-119.86152939,34.417310000000001