CASE_ID,ACCIDENT_YEAR,PROC_DATE,JURIS,COLLISION_DATE,COLLISION_TIME,OFFICER_ID,REPORTING_DISTRICT,DAY_OF_WEEK,CHP_SHIFT,POPULATION,CNTY_CITY_LOC,SPECIAL_COND,BEAT_TYPE,CHP_BEAT_TYPE,CITY_DIVISION_LAPD,CHP_BEAT_CLASS,BEAT_NUMBER,PRIMARY_RD,SECONDARY_RD,DISTANCE,DIRECTION,INTERSECTION,WEATHER_1,WEATHER_2,STATE_HWY_IND,CALTRANS_COUNTY,CALTRANS_DISTRICT,STATE_ROUTE,ROUTE_SUFFIX,POSTMILE_PREFIX,POSTMILE,LOCATION_TYPE,RAMP_INTERSECTION,SIDE_OF_HWY,TOW_AWAY,COLLISION_SEVERITY,NUMBER_KILLED,NUMBER_INJURED,PARTY_COUNT,PRIMARY_COLL_FACTOR,PCF_CODE_OF_VIOL,PCF_VIOL_CATEGORY,PCF_VIOLATION,PCF_VIOL_SUBSECTION,HIT_AND_RUN,TYPE_OF_COLLISION,MVIW,PED_ACTION,ROAD_SURFACE,ROAD_COND_1,ROAD_COND_2,LIGHTING,CONTROL_DEVICE,CHP_ROAD_TYPE,PEDESTRIAN_ACCIDENT,BICYCLE_ACCIDENT,MOTORCYCLE_ACCIDENT,TRUCK_ACCIDENT,NOT_PRIVATE_PROPERTY,ALCOHOL_INVOLVED,STWD_VEHTYPE_AT_FAULT,CHP_VEHTYPE_AT_FAULT,COUNT_SEVERE_INJ,COUNT_VISIBLE_INJ,COUNT_COMPLAINT_PAIN,COUNT_PED_KILLED,COUNT_PED_INJURED,COUNT_BICYCLIST_KILLED,COUNT_BICYCLIST_INJURED,COUNT_MC_KILLED,COUNT_MC_INJURED,PRIMARY_RAMP,SECONDARY_RAMP,LATITUDE,LONGITUDE,COUNTY,CITY,POINT_X,POINT_Y
6855939,2015,2016-10-28,9760,2015-03-06,1300,020211,,5,1,5,4203,0,1,2,,2,011,"RT 101","SALINAS ST",200.00,S,N,A,-,Y,SB,5,101,-,-,12.040,H,-,S,Y,4,0,1,2,A,-,04,21703,,N,C,C,A,A,H,-,A,D,1,,,Y,,Y,,C,02,0,0,1,0,0,0,0,0,1,"- ","- ",34.42165,-119.66481,"SANTA BARBARA","SANTA BARBARA",-119.66505311,34.421523909999998
6841766,2015,2016-10-28,9750,2015-03-09,1600,14753,,1,2,9,4200,0,1,2,,2,002,"RT 101","UNION OIL RD",0.00,,Y,A,-,Y,SB,5,101,-,-,89.990,H,-,N,N,4,0,1,1,A,-,03,22350,,N,E,I,A,A,H,-,A,D,0,,,,,Y,,A,07,0,0,1,0,0,0,0,0,0,"- ","- ",34.845199999999998,-120.37609999999999,"SANTA BARBARA",UNINCORPORATED,-120.42528197,34.971533399999998
6842962,2015,2015-03-17,4204,2015-02-15,1628,18261,75,7,5,5,4204,0,0,0,,0,003,MILLER,"BATTLES RD",0.00,,Y,A,B,N,,,,,,,,,,Y,2,0,3,3,A,-,12,21453,A,N,D,D,A,A,H,-,A,A,0,,,,,Y,,A,01,1,0,2,0,0,0,0,0,0,"- ","- ",,,"SANTA BARBARA","SANTA MARIA",-120.4317799,34.931440070000001
6842963,2015,2015-03-18,4204,2015-02-01,1847,90228,59,7,5,5,4204,0,0,0,,0,002,"STOWELL RD","BRADLEY RD",150.00,E,N,A,-,N,,,,,,,,,,Y,4,0,1,2,D,-,00,,,N,D,C,A,A,H,-,B,A,0,,,,,Y,,-,"- ",0,0,1,0,0,0,0,0,0,"- ","- ",,,"SANTA BARBARA","SANTA MARIA",-120.41891969,34.938339999999997
6842964,2015,2015-03-18,4204,2015-02-27,1641,90278,76,5,5,5,4204,0,0,0,,0,B03,"BRADLEY RD","BETTERAVIA RD",0.00,,Y,A,-,N,,,,,,,,,,N,4,0,2,2,A,-,21,22106,,N,C,C,A,A,H,-,A,D,0,,,,,Y,,A,01,0,0,2,0,0,0,0,0,0,"- ","- ",,,"SANTA BARBARA","SANTA MARIA",-120.42206993000001,34.923740090000003
6843025,2015,2016-09-13,9755,2015-02-23,1712,015281,,1,2,9,4200,0,1,3,,1,042,"RT 154","ROBLAR AV",0.00,,Y,A,-,Y,SB,5,154,-,R,4.502,I,5,W,Y,4,0,3,2,A,-,09,21802,A,N,D,C,A,A,H,-,A,A,0,,,,,Y,,A,07,0,0,3,0,0,0,0,0,0,"- ","- ",34.650599999999997,-120.0954,"SANTA BARBARA",UNINCORPORATED,-120.09531349,34.650552150000003
6843029,2015,2016-10-28,9755,2015-02-07,1113,017378,,6,1,9,4200,0,1,2,,2,004,"RT 101","SANTA ROSA RD",6864.00,S,N,B,C,Y,SB,5,101,-,-,55.160,H,-,N,Y,3,0,2,1,A,-,03,22350,,N,F,A,A,B,H,-,A,D,1,,,,,Y,,D,22,0,2,0,0,0,0,0,0,0,"- ","- ",34.5931,-120.19410000000001,"SANTA BARBARA",UNINCORPORATED,-120.19233344,34.585023980000003
6843033,2015,2016-10-28,9755,2015-02-22,1725,015281,,7,2,9,4200,0,1,2,,2,004,"RT 101","RT 1",15840.00,N,N,C,-,Y,SB,5,101,-,R,49.150,H,-,S,Y,4,0,3,1,A,-,03,22350,,N,F,J,A,B,H,-,A,D,1,,,,,Y,,D,22,0,0,3,0,0,0,0,0,0,"- ","- ",34.514919999999996,-120.21946,"SANTA BARBARA",UNINCORPORATED,-120.22241158,34.512582950000002
6844590,2015,2016-10-28,9750,2015-03-02,1140,014358,,1,1,9,4200,0,1,2,,2,002,"RT 101","CLARK AV",7920.00,S,N,C,-,Y,SB,5,101,-,-,80.680,H,-,N,Y,4,0,1,1,A,-,08,22107,,N,F,A,A,B,H,-,A,D,1,,,,,Y,,D,22,0,0,1,0,0,0,0,0,0,"- ","- ",34.847580000000001,-120.3807,"SANTA BARBARA",UNINCORPORATED,-120.38065082,34.847652570000001
6844594,2015,2015-03-23,9750,2015-03-03,0755,014358,,2,1,9,4200,0,3,5,,2,020,"PRINCETON DR","RICE RANCH RD",0.00,,Y,A,-,N,,,,,,,,,,Y,4,0,1,2,A,-,09,21802,A,N,D,C,A,A,H,-,A,A,0,,,,,Y,,A,01,0,0,1,0,0,0,0,0,0,"- ","- ",34.857619999999997,-120.42916,"SANTA BARBARA",UNINCORPORATED,-120.42922993000001,34.857610039999997
6845058,2015,2016-10-03,9755,2015-02-19,0020,017910,,4,3,9,4200,0,1,3,,1,051,"RT 1","JALAMA RD",16896.00,S,N,B,-,Y,SB,5,1,-,-,11.810,H,-,N,Y,3,0,2,1,A,-,01,23152,A,N,E,I,A,A,H,-,D,D,0,,,,,Y,Y,A,01,0,2,0,0,0,0,0,0,0,"- ","- ",34.566180000000003,-120.36109999999999,"SANTA BARBARA",UNINCORPORATED,-120.36749478999999,34.567189409999997
6845059,2015,2016-10-28,9755,2015-02-07,0707,16058,,6,1,9,4200,0,1,2,,2,004,"RT 101","SANTA ROSA RD",14784.00,S,N,B,C,Y,SB,5,101,-,-,53.660,H,-,N,Y,4,0,1,1,A,-,03,22350,,N,E,I,A,B,H,-,A,D,1,,,,,Y,,A,01,0,0,1,0,0,0,0,0,0,"- ","- ",34.583590000000001,-120.19342,"SANTA BARBARA",UNINCORPORATED,-120.18969531,34.564393090000003
6855940,2015,2016-10-28,9760,2015-03-13,1530,019292,,5,2,9,4200,0,3,5,,2,002,"TURNPIKE RD","RT 101",2.00,S,N,A,-,Y,SB,5,101,-,-,19.900,R,1,N,N,4,0,2,2,A,-,03,22350,,N,C,C,A,A,H,-,A,A,1,,,,,Y,,D,22,0,0,2,0,0,0,0,0,0,"- ",NO,34.442860000000003,-119.78936,"SANTA BARBARA",UNINCORPORATED,-119.78653881,34.442285550000001
6855942,2015,2016-10-28,9760,2015-03-06,1258,019831,,5,1,5,4203,0,1,2,,2,011,"RT 101","CABRILLO BL",984.00,N,N,A,-,Y,SB,5,101,-,-,11.640,H,-,S,N,4,0,1,2,A,-,03,22350,,N,C,C,A,A,H,-,A,D,1,,,,,Y,,D,22,0,0,1,0,0,0,0,0,0,"- ","- ",34.421610000000001,-119.66443,"SANTA BARBARA","SANTA BARBARA",-119.65836831,34.422992010000002
6855944,2015,2016-10-28,9760,2015-03-13,1320,019646,,5,1,9,4200,0,1,2,,2,010,"RT 101","SAN YSIDRO RD",321.00,N,N,A,-,Y,SB,5,101,-,-,10.080,H,-,N,Y,3,0,1,2,A,-,03,22350,,N,C,C,A,A,H,-,A,D,1,,,,,Y,,D,22,0,1,0,0,0,0,0,0,0,"- ","- ",34.42266,-119.63257,"SANTA BARBARA",UNINCORPORATED,-119.63253245999999,34.422680389999996
6855946,2015,2015-03-30,9760,2015-03-09,1757,018754,,1,2,9,4200,0,2,4,,1,021,"HOLLISTER AV","SAN MARCOS RD",20.00,E,N,A,-,N,,,,,,,,,,N,4,0,1,3,A,-,03,22350,,N,C,C,A,A,H,-,A,A,0,,,,,Y,,D,22,0,0,1,0,0,0,0,0,0,"- ","- ",34.435560000000002,-119.79606,"SANTA BARBARA",UNINCORPORATED,-119.79610502,34.435370829999997
6855947,2015,2015-03-30,9760,2015-03-05,0730,020908,,4,1,3,4205,1,4,S,,2,901,"8TH ST","PALM AV",0.00,,Y,A,-,N,,,,,,,,,,N,2,0,1,2,A,-,10,21950,A,N,G,B,B,A,H,-,A,D,0,Y,,,,Y,,H,13,1,0,0,0,1,0,0,0,0,"- ","- ",34.39537,-119.51725999999999,"SANTA BARBARA",CARPINTERIA,-119.51724996999999,34.395360019999998
6857484,2015,2016-10-28,9750,2015-03-23,0800,014358,,1,1,9,4200,0,1,2,,2,001,"RT 101","BETTERAVIA RD",1056.00,N,N,A,-,Y,SB,5,101,-,-,86.790,H,-,S,Y,4,0,2,2,A,-,03,22350,,N,C,C,A,A,H,-,A,D,0,,,,,Y,,D,23,0,0,2,0,0,0,0,0,0,"- ","- ",34.926780000000001,-120.41806,"SANTA BARBARA",UNINCORPORATED,-120.41799783,34.926524280000002
6858656,2015,2015-03-26,4203,2015-02-17,2012,4937,,2,5,5,4203,0,0,0,,0,005,"HITCHCOCK WY","STATE ST",6.00,S,N,A,-,N,,,,,,,,,,N,3,0,1,2,A,-,10,21950,A,N,A,B,B,A,H,-,C,A,0,Y,,,,Y,,-,,0,1,0,0,1,0,0,0,0,"- ","- ",34.2624,-119.444,"SANTA BARBARA","SANTA BARBARA",-119.74445,34.440463530000002
6858660,2015,2015-03-26,4203,2015-02-14,1122,1497,,6,5,5,4203,0,0,0,,0,006,"CLIFF DR","MEIGS RD",400.00,W,N,A,-,N,,,,,,,,,,N,3,0,1,2,A,-,09,21804,A,N,D,C,A,A,H,-,A,D,0,,,,,Y,,-,,0,1,0,0,0,0,0,0,0,"- ","- ",34.240600000000001,-119.4324,"SANTA BARBARA","SANTA BARBARA",-119.72335414,34.401830560000001
6858664,2015,2015-04-03,4203,2015-02-06,1402,2661,,5,5,5,4203,0,0,0,,0,001,"MILPAS ST","COTA ST",122.00,S,N,A,-,N,,,,,,,,,,N,4,0,1,2,A,-,"- ",,,N,D,G,A,A,H,-,A,D,0,,Y,,,Y,,L,04,0,0,1,0,0,0,1,0,0,"- ","- ",34.252499999999998,-119.411,"SANTA BARBARA","SANTA BARBARA",-119.68630607,34.427029150000003
6858668,2015,2015-03-26,4203,2015-02-06,0945,7568,,5,5,5,4203,0,0,0,,0,002,"LAS ONDAS","CALLE BREVO",31.00,N,N,A,-,N,,,,,,,,,,N,3,0,1,2,D,-,00,,,F,G,B,F,A,H,-,A,D,0,Y,,,,Y,,-,"- ",0,1,0,0,1,0,0,0,0,"- ","- ",34.3996,-119.7064,"SANTA BARBARA","SANTA BARBARA",-119.70637017,34.399693190000001
6858672,2015,2015-03-26,4203,2015-02-02,1541,7193,,1,5,5,4203,0,0,0,,0,005,"DE LA VINA ST","CALLE LAURELES",35.00,N,N,A,-,N,,,,,,,,,,N,3,0,1,2,A,-,17,22517,,N,B,G,A,A,H,-,A,D,0,,Y,,,Y,,-,,0,1,0,0,0,0,0,0,0,"- ","- ",34.26202,-119.43429999999999,"SANTA BARBARA","SANTA BARBARA",-119.72844748,34.438901520000002
6845060,2015,2015-03-16,9755,2015-02-10,1615,013618,,2,2,9,4200,0,3,5,,2,050,"CHANDLER DR","STALLCUP LN",100.00,S,N,A,-,N,,,,,,,,,,N,3,0,1,2,A,-,21,22106,,F,G,B,E,A,H,-,A,D,0,Y,,,,Y,,A,01,0,1,0,0,1,0,0,0,0,"- ","- ",34.681289999999997,-120.44074000000001,"SANTA BARBARA",UNINCORPORATED,-120.44136184,34.680574849999999
6845061,2015,2016-09-08,9755,2015-02-14,1545,17884,,6,2,9,4200,0,1,3,,2,041,"RT 246","EDISON ST",0.00,,Y,A,-,Y,SB,5,246,-,-,33.120,I,5,W,Y,3,0,1,2,A,-,08,22107,,N,B,C,A,A,H,-,A,A,0,,,Y,,Y,,C,02,0,1,0,0,0,0,0,0,1,"- ","- ",34.610120000000002,-120.08196,"SANTA BARBARA",UNINCORPORATED,-120.08125443,34.610526479999997
6845062,2015,2015-03-16,9755,2015-02-26,0850,013618,,4,1,9,4200,0,3,5,,2,050,"CENTRAL AV","FLORADALE AV",0.00,,Y,A,-,N,,,,,,,,,,Y,3,0,1,2,A,-,09,21801,A,N,A,C,A,A,H,-,A,A,0,,,,,Y,,A,01,0,1,0,0,0,0,0,0,0,"- ","- ",34.661059999999999,-120.49272000000001,"SANTA BARBARA",UNINCORPORATED,-120.49285997,34.661210109999999
6845607,2015,2015-03-17,4200,2015-02-07,1311,3083,14,6,5,4,4214,0,0,0,,0,060,"STORKE RD","MARKET PLACE DR",126.00,,N,C,-,N,,,,,,,,,,N,2,0,1,3,A,-,03,22350,,N,D,C,F,B,H,-,A,D,0,Y,,,,Y,,A,01,1,0,0,0,1,0,0,0,0,"- ","- ",,,"SANTA BARBARA",GOLETA,-119.86977997,34.428660069999999
6846039,2015,2016-10-28,9750,2015-03-08,1450,015915,,7,2,5,4204,0,1,2,,2,001,"RT 101","DONOVAN RD",1584.00,N,N,A,-,Y,SB,5,101,-,-,89.990,H,-,S,Y,3,0,1,1,A,-,08,22107,,N,E,I,A,A,H,-,A,D,0,,,,,Y,,A,07,0,1,0,0,0,0,0,0,0,"- ","- ",34.971699999999998,-120.42570000000001,"SANTA BARBARA","SANTA MARIA",-120.42549405,34.97151882
6846043,2015,2016-10-28,9750,2015-03-05,0400,015514,,4,3,5,4204,0,1,2,,2,001,"RT 101","MAIN ST",1056.00,N,N,A,-,Y,SB,5,101,-,-,88.800,H,-,S,Y,2,0,2,1,A,-,01,23152,A,N,E,I,A,A,H,-,D,D,0,,,,,Y,Y,A,01,1,1,0,0,0,0,0,0,0,"- ","- ",34.95776,-120.41777999999999,"SANTA BARBARA","SANTA MARIA",-120.41737422,34.9556921
6847605,2015,2015-03-25,4203,2015-02-17,0757,6700,60,2,5,5,4203,0,0,0,,0,001,"HALEY ST","QUARANTINA ST",3.00,W,N,B,-,N,,,,,,,,,,N,4,0,1,2,A,-,03,22350,,N,C,C,A,A,H,-,A,D,0,,,,,Y,,A,07,0,0,1,0,0,0,0,0,0,"- ","- ",34.252690000000001,-119.41155999999999,"SANTA BARBARA","SANTA BARBARA",-119.68762648000001,34.424223759999997
6847766,2015,2015-03-24,4203,2015-03-10,1347,6700,67,2,5,5,4203,0,0,0,,0,001,"MILPAS ST","CANON PERDIDO ST",150.00,N,N,B,-,N,,,,,,,,,,N,3,0,1,2,A,-,09,21804,A,N,D,G,A,A,H,-,A,D,0,,Y,,,Y,,D,22,0,1,0,0,0,0,1,0,0,"- ","- ",34.254919999999998,-119.41271999999999,"SANTA BARBARA","SANTA BARBARA",-119.69077672,34.43028863
6847770,2015,2015-03-24,4203,2015-03-09,0832,6700,30,1,5,5,4203,0,0,0,,0,004,"COTTAGE GROVE AV","DE LA VINA ST",161.00,W,N,B,-,N,,,,,,,,,,Y,4,0,1,5,A,-,09,21804,A,N,D,C,A,A,H,-,A,D,0,,,,,Y,,D,22,0,0,1,0,0,0,0,0,0,"- ","- ",34.244909999999997,-119.41501,"SANTA BARBARA","SANTA BARBARA",-119.69721168,34.413695099999998
6847822,2015,2015-03-24,4203,2015-03-11,1021,7587,,3,5,5,4203,0,0,0,,0,006,"CLIFF DR","CAMINO CALMA",280.00,E,N,B,-,N,,,,,,,,,,N,4,0,1,2,A,-,09,21804,A,N,-,C,A,A,H,-,A,D,0,,,,,Y,,-,,0,0,1,0,0,0,0,0,0,"- ","- ",34.240690000000001,-119.43258,"SANTA BARBARA","SANTA BARBARA",-119.72385102,34.401930819999997
6847826,2015,2015-03-24,4203,2015-03-12,1643,3626,,4,5,5,4203,0,0,0,,0,004,"COTA ST","CHAPALA ST",0.00,,Y,A,-,N,,,,,,,,,,Y,4,0,1,2,A,-,12,21453,A,N,-,C,A,A,H,-,A,A,0,,,,,Y,,-,,0,0,1,0,0,0,0,0,0,"- ","- ",34.409999999999997,-119.7,"SANTA BARBARA","SANTA BARBARA",-119.69794999,34.416660020000002
6858720,2015,2015-03-26,4203,2015-02-03,1901,1436,,2,5,5,4203,0,0,0,,0,005,"STATE ST","CALLE LAURELES",0.00,,Y,A,-,N,,,,,,,,,,Y,3,0,3,2,A,-,09,21801,A,N,A,C,A,A,H,-,C,A,0,,,,,Y,,-,,0,1,2,0,0,0,0,0,0,"- ","- ",34.440390000000001,-119.72826000000001,"SANTA BARBARA","SANTA BARBARA",-119.72814989,34.440370020000003
6860495,2015,2015-04-03,4204,2015-03-15,1643,90242,17,7,5,5,4204,0,0,0,,0,001,"COLLEGE DR","MCELHANY AV",0.00,,Y,A,-,N,,,,,,,,,,Y,4,0,1,2,A,-,09,21802,A,N,D,C,A,A,H,-,A,D,0,,,,,Y,,A,01,0,0,1,0,0,0,0,0,0,"- ","- ",,,"SANTA BARBARA","SANTA MARIA",-120.42490997,34.96293008
6860662,2015,2016-10-28,9750,2015-03-13,0638,016469,,5,1,9,4200,0,1,2,,2,001,"RT 101",BROADWAY,379.00,S,N,A,-,Y,SB,5,101,-,-,90.690,H,-,N,Y,4,0,1,5,A,-,03,22350,,N,C,C,A,A,H,-,B,D,0,,,,,Y,,A,01,0,0,1,0,0,0,0,0,0,"- ","- ",34.980069999999998,-120.43066,"SANTA BARBARA",UNINCORPORATED,-120.43089018000001,34.980594570000001
6860664,2015,2015-03-27,9750,2015-03-03,1810,016354,,2,2,9,4200,0,2,4,,1,024,"BRADLEY RD","PATTERSON RD",120.00,N,N,A,-,N,,,,,,,,,,,3,0,2,3,A,-,03,22350,,N,C,C,A,A,H,-,C,D,0,,,,,Y,,A,01,0,1,1,0,0,0,0,0,0,"- ","- ",34.86909,-120.41875,"SANTA BARBARA",UNINCORPORATED,-120.41879283999999,34.868899550000002
6860715,2015,2015-04-14,4203,2015-03-13,1303,2720,,5,5,5,4203,0,0,0,,0,004,"STATE ST","CARRILLO ST",80.00,N,N,A,-,N,,,,,,,,,,N,3,0,1,3,A,-,08,22107,,N,B,G,A,A,H,-,A,D,0,,Y,,,Y,,-,,0,1,0,0,0,0,1,0,0,"- ","- ",34.420699999999997,-119.70098,"SANTA BARBARA","SANTA BARBARA",-119.70211762,34.421636390000003
6860794,2015,2015-03-26,9760,2015-02-23,0805,012263,,1,1,9,4200,0,3,5,,2,002,"CALLE REAL","EL SUENO RD",503.00,E,N,B,-,N,,,,,,,,,,Y,4,0,1,2,A,-,03,22350,,N,C,C,A,A,H,-,A,D,0,,,,,Y,,A,01,0,0,1,0,0,0,0,0,0,"- ","- ",34.441380000000002,-119.76793000000001,"SANTA BARBARA",UNINCORPORATED,-119.76771769,34.441243970000002
6860795,2015,2016-10-28,9760,2015-02-15,1630,019397,,7,2,5,4203,0,1,2,,2,011,"RT 101","MISSION ST",72.00,S,N,A,-,Y,SB,5,101,-,-,5.090,H,-,N,Y,3,0,2,2,A,-,08,22107,,N,D,C,A,A,H,-,A,D,1,,,,,Y,,A,01,0,2,0,0,0,0,0,0,0,"- ","- ",34.425460000000001,-119.71999,"SANTA BARBARA","SANTA BARBARA",-119.55007171,34.408837069999997
6860814,2015,2015-04-03,4204,2015-03-17,1614,23240,80,2,5,5,4204,0,0,0,,0,003,"SKYWAY DR","BETTERAVIA RD",23.00,S,N,B,-,N,,,,,,,,,,Y,4,0,2,2,A,-,01,23152,A,N,C,C,A,A,H,-,A,A,0,,,,,Y,Y,D,22,0,0,2,0,0,0,0,0,0,"- ","- ",,,"SANTA BARBARA","SANTA MARIA",-120.45409110999999,34.920566829999999
6860822,2015,2016-09-13,4204,2015-03-16,1650,90242,16,1,5,5,4204,0,0,0,,0,001,BROADWAY,"MCELHANEY AV N",0.00,,Y,A,-,Y,SB,5,135,-,-,16.130,H,-,S,Y,3,0,2,3,A,-,07,21658,A,N,C,C,A,A,H,-,A,D,0,,,,,Y,,D,22,0,1,1,0,0,0,0,0,0,"- ","- ",,,"SANTA BARBARA","SANTA MARIA",-120.4358522,34.95823798
6861540,2015,2015-04-17,4200,2015-03-10,1703,3116,14,2,5,4,4214,0,0,0,,0,060,"PATTERSON AV","HOLLISTER AV",160.00,S,N,A,-,N,,,,,,,,,,N,4,0,1,2,A,-,03,22350,,F,C,C,A,A,H,-,A,D,0,,,,,Y,,A,01,0,0,1,0,0,0,0,0,0,"- ","- ",,,"SANTA BARBARA",GOLETA,-119.80921132,34.434482000000003
6861626,2015,2016-09-13,4204,2015-03-18,1426,23397,57,3,5,5,4204,0,0,0,,0,002,BROADWAY,"MORRISON AV",100.00,N,N,A,-,Y,SB,5,135,-,-,15.100,H,-,S,N,4,0,1,2,A,-,03,22350,,N,C,C,A,A,H,-,A,A,0,,,,,Y,,D,22,0,0,1,0,0,0,0,0,0,"- ","- ",,,"SANTA BARBARA","SANTA MARIA",-120.43609178,34.943375240000002
6861630,2015,2016-09-13,4204,2015-03-21,1549,90081,82,6,5,5,4204,0,0,0,,0,003,BROADWAY,"BETTERAVIA RD",0.00,,Y,A,B,Y,SB,5,135,-,-,13.550,H,-,S,Y,4,0,1,5,A,-,00,23103,A,N,B,C,A,A,H,-,A,A,0,,,,,Y,,D,22,0,0,1,0,0,0,0,0,0,"- ","- ",,,"SANTA BARBARA","SANTA MARIA",-120.4361158,34.920966499999999
6861660,2015,2015-04-09,9750,2015-03-16,1545,016170,,1,2,9,4200,0,2,4,,1,024,"BRADLEY RD","SANTA MARIA WY",0.00,,Y,A,-,N,,,,,,,,,,N,4,0,1,2,A,-,08,22107,,N,D,C,A,A,H,-,A,A,0,,,,,Y,,A,01,0,0,1,0,0,0,0,0,0,"- ","- ",34.895310000000002,-120.42238,"SANTA BARBARA",UNINCORPORATED,-120.42241989999999,34.89541011
6861664,2015,2016-10-28,9750,2015-03-18,2230,017267,,3,3,9,4200,0,1,2,,2,002,"RT 101","SOLOMON RD",2112.00,S,N,B,-,Y,SB,5,101,-,-,78.290,H,-,S,Y,3,0,1,2,A,-,03,22350,,N,C,C,A,A,H,-,D,D,1,,,,Y,Y,,D,22,0,1,0,0,0,0,0,0,0,"- ","- ",34.806849999999997,-120.34444000000001,"SANTA BARBARA",UNINCORPORATED,-120.35418558000001,34.820962129999998
6862050,2015,2016-10-19,9755,2015-02-07,0856,16988,,6,1,9,4200,0,1,2,,2,004,"RT 101","SANTA ROSA RD",0.00,S,N,C,-,Y,SB,5,101,-,-,55.060,H,-,S,Y,3,0,3,2,A,-,07,21658,A,N,C,C,A,B,H,-,A,D,1,,,,,Y,,A,07,0,1,2,0,0,0,0,0,0,"- ","- ",34.583820000000003,-120.19344,"SANTA BARBARA",UNINCORPORATED,-120.19350039,34.583751399999997
6862391,2015,2015-03-27,4203,2015-03-13,1930,6693,51,5,5,5,4203,0,0,0,,0,005,"STATE ST","CALLE PALO COLORADO",82.00,W,N,A,-,N,,,,,,,,,,N,4,0,1,2,A,-,03,22350,,N,C,C,A,A,H,-,C,D,0,,,Y,,Y,Y,C,02,0,0,1,0,0,0,0,0,0,"- ","- ",34.262500000000003,-119.43429999999999,"SANTA BARBARA","SANTA BARBARA",-119.73128176,34.440379999999998
6862392,2015,2015-03-27,4203,2015-03-09,1124,6048,,1,5,5,4203,0,0,0,,0,001,"MILPAS ST","MASON ST",105.00,N,N,A,-,N,,,,,,,,,,Y,3,0,3,4,A,-,03,22350,,N,C,C,A,A,H,-,A,D,0,,,,,Y,,-,,0,2,1,0,0,0,0,0,0,"- ","- ",34.252099999999999,-119.40506000000001,"SANTA BARBARA","SANTA BARBARA",-119.68043664,34.422745169999999
6862393,2015,2015-03-27,4203,2015-03-19,0001,6970,,4,5,5,4203,0,0,0,,0,004,"CARRILLO ST","BATH ST",0.00,,Y,A,-,N,,,,,,,,,,Y,4,0,3,2,A,-,12,21453,A,N,D,C,A,A,H,-,C,A,0,,,,,Y,,-,,0,0,3,0,0,0,0,0,0,"- ","- ",34.250579999999999,-119.42189999999999,"SANTA BARBARA","SANTA BARBARA",-119.70524995,34.418320020000003
6862394,2015,2016-04-13,4203,2015-03-17,2140,6972,,2,5,5,4203,0,0,0,,0,006,"CLIFF DR","W FELLOWSHIP RD",0.00,,Y,A,-,N,,,,,,,,,,Y,4,0,1,2,A,-,01,23152,A,F,C,C,A,A,H,-,C,D,0,,,,,Y,Y,-,,0,0,1,0,0,0,0,0,0,"- ","- ",34.24109,-119.43414,"SANTA BARBARA","SANTA BARBARA",-119.72807999,34.403000110000001
6862395,2015,2015-03-27,4203,2015-03-19,1409,6700,15,4,5,5,4203,0,0,0,,0,002,"LOMA ALTA DR","SHORELINE DR",276.00,N,N,A,-,N,,,,,,,,,,N,3,0,1,2,A,-,09,21802,A,N,H,A,A,A,H,-,A,A,0,,,Y,,Y,,A,01,0,1,0,0,0,0,0,0,1,"- ","- ",34.241419999999998,-119.41525,"SANTA BARBARA","SANTA BARBARA",-119.69794147,34.40392602
6862433,2015,2015-03-27,9750,2015-03-03,0730,14358,,2,1,9,4200,0,3,5,,2,020,"FOXENWOOD LN","CLARK AV",0.00,,Y,A,-,N,,,,,,,,,,N,4,0,1,2,A,-,09,21802,A,N,D,C,A,A,H,-,A,A,0,,,,,Y,,A,01,0,0,1,0,0,0,0,0,0,"- ","- ",34.865220000000001,-120.43804,"SANTA BARBARA",UNINCORPORATED,-120.43798993999999,34.865080110000001
6862434,2015,2015-03-27,9750,2015-03-12,2330,16773,,4,3,9,4200,0,2,4,,1,024,"ORCUTT RD","FOSTER RD",528.00,N,N,A,-,N,,,,,,,,,,Y,3,0,1,1,A,-,01,23152,E,N,E,I,A,A,H,-,D,D,0,,,,,Y,,A,08,0,1,0,0,0,0,0,0,0,"- ","- ",34.88447,-120.4362,"SANTA BARBARA",UNINCORPORATED,-120.43622320999999,34.8845083
6847830,2015,2015-03-24,4203,2015-03-13,1235,0394,4203,5,5,5,4203,0,0,0,,0,001,"MILPAS ST","MONTECITO ST",123.00,N,N,A,-,N,,,,,,,,,,N,3,0,1,2,A,-,17,22517,,N,D,G,A,A,H,-,A,D,0,,Y,,,Y,,-,,0,1,0,0,0,0,1,0,0,"- ","- ",34.252980000000001,-119.40598,"SANTA BARBARA","SANTA BARBARA",-119.6831078,34.424690550000001