CASE_ID,ACCIDENT_YEAR,PROC_DATE,JURIS,COLLISION_DATE,COLLISION_TIME,OFFICER_ID,REPORTING_DISTRICT,DAY_OF_WEEK,CHP_SHIFT,POPULATION,CNTY_CITY_LOC,SPECIAL_COND,BEAT_TYPE,CHP_BEAT_TYPE,CITY_DIVISION_LAPD,CHP_BEAT_CLASS,BEAT_NUMBER,PRIMARY_RD,SECONDARY_RD,DISTANCE,DIRECTION,INTERSECTION,WEATHER_1,WEATHER_2,STATE_HWY_IND,CALTRANS_COUNTY,CALTRANS_DISTRICT,STATE_ROUTE,ROUTE_SUFFIX,POSTMILE_PREFIX,POSTMILE,LOCATION_TYPE,RAMP_INTERSECTION,SIDE_OF_HWY,TOW_AWAY,COLLISION_SEVERITY,NUMBER_KILLED,NUMBER_INJURED,PARTY_COUNT,PRIMARY_COLL_FACTOR,PCF_CODE_OF_VIOL,PCF_VIOL_CATEGORY,PCF_VIOLATION,PCF_VIOL_SUBSECTION,HIT_AND_RUN,TYPE_OF_COLLISION,MVIW,PED_ACTION,ROAD_SURFACE,ROAD_COND_1,ROAD_COND_2,LIGHTING,CONTROL_DEVICE,CHP_ROAD_TYPE,PEDESTRIAN_ACCIDENT,BICYCLE_ACCIDENT,MOTORCYCLE_ACCIDENT,TRUCK_ACCIDENT,NOT_PRIVATE_PROPERTY,ALCOHOL_INVOLVED,STWD_VEHTYPE_AT_FAULT,CHP_VEHTYPE_AT_FAULT,COUNT_SEVERE_INJ,COUNT_VISIBLE_INJ,COUNT_COMPLAINT_PAIN,COUNT_PED_KILLED,COUNT_PED_INJURED,COUNT_BICYCLIST_KILLED,COUNT_BICYCLIST_INJURED,COUNT_MC_KILLED,COUNT_MC_INJURED,PRIMARY_RAMP,SECONDARY_RAMP,LATITUDE,LONGITUDE,COUNTY,CITY,POINT_X,POINT_Y
6847834,2015,2016-02-17,4203,2015-03-13,0745,0394,4203,5,5,5,4203,0,0,0,,0,001,"MOUNTAIN DR","HILLCREST RD",0.00,,Y,A,-,N,,,,,,,,,,Y,4,0,1,2,A,-,09,21801,A,N,D,C,A,A,H,-,A,A,0,,,,,Y,,-,,0,0,1,0,0,0,0,0,0,"- ","- ",34.264429999999997,-119.41419,"SANTA BARBARA","SANTA BARBARA",-119.69504987000001,34.445640060000002
6847838,2015,2015-03-23,4203,2015-03-11,1730,2712,,3,5,5,4203,0,0,0,,0,005,"DE LA VINA ST","CALLE LAURELES",270.00,N,N,A,-,N,,,,,,,,,,N,3,0,1,2,A,-,09,21804,A,N,A,C,A,A,H,-,A,D,0,,,,,Y,,-,,0,1,0,0,0,0,0,0,0,"- ","- ",34.439340000000001,-119.72897,"SANTA BARBARA","SANTA BARBARA",-119.72896654,34.439382549999998
6848814,2015,2016-09-13,4204,2015-03-04,1016,22104,35,3,5,5,4204,0,0,0,,0,002,MAIN,MILLER,0.00,,Y,A,-,Y,SB,5,166,-,-,8.130,I,5,E,Y,4,0,1,2,A,-,03,22350,,N,C,-,A,A,H,-,A,A,0,,,,,Y,,A,01,0,0,1,0,0,0,0,0,0,"- ","- ",,,"SANTA BARBARA","SANTA MARIA",-120.43135287,34.953097380000003
6848873,2015,2015-03-21,4204,2015-03-07,0913,90139,32,6,5,5,4204,0,0,0,,0,002,"BLOSSER RD",FESLER,0.00,,Y,A,-,N,,,,,,,,,,Y,4,0,1,1,A,-,01,23152,E,N,E,I,A,A,H,-,A,D,0,,,,,Y,,A,01,0,0,1,0,0,0,0,0,0,"- ","- ",,,"SANTA BARBARA","SANTA MARIA",-120.45355988,34.95696006
6848877,2015,2015-03-21,4204,2015-03-05,1902,90343,14,4,5,5,4204,0,0,0,,0,001,"HARDING AV","RAILROAD AV",0.00,,Y,A,-,N,,,,,,,,,,N,4,0,2,3,A,-,10,21950,A,N,G,B,D,A,H,-,C,D,0,Y,,,,Y,,A,01,0,0,2,0,2,0,0,0,0,"- ","- ",,,"SANTA BARBARA","SANTA MARIA",-120.44447998,34.966990070000001
6849003,2015,2015-03-23,4204,2015-03-03,0700,18261,75,2,5,5,4204,0,0,0,,0,003,"NEWLOVE DR",MILLER,300.00,W,N,A,-,N,,,,,,,,,,Y,4,0,1,3,A,-,08,22107,,N,D,C,A,A,H,-,A,D,0,,,,,Y,,A,01,0,0,1,0,0,0,0,0,0,"- ","- ",,,"SANTA BARBARA","SANTA MARIA",-120.43280015000001,34.929830750000001
6849221,2015,2015-09-21,4203,2015-03-10,1653,5739,,2,5,5,4203,0,0,0,,0,004,"ARRELLAGA ST","DE LA VINA ST",0.00,,Y,A,-,N,,,,,,,,,,Y,3,0,1,2,A,-,12,22450,,N,D,C,A,A,H,-,A,A,0,,,,,Y,,A,01,0,1,0,0,0,0,0,0,0,"- ","- ",34.252969999999998,-119.42425,"SANTA BARBARA","SANTA BARBARA",-119.71186991,34.42499007
6849445,2015,2016-09-13,4204,2015-03-11,1926,90269,57,3,5,5,4204,0,0,0,,0,002,BROADWAY,"STOWELL RD",60.00,N,N,A,-,Y,SB,5,135,-,-,14.790,H,-,N,Y,4,0,2,3,A,-,03,22350,,N,C,C,A,A,H,-,C,A,0,,,,,Y,,A,01,0,0,2,0,0,0,0,0,0,"- ","- ",,,"SANTA BARBARA","SANTA MARIA",-120.43595025,34.93865108
6849485,2015,2016-10-03,4202,2015-02-13,1745,232,,5,5,4,4202,0,0,0,,0,,"RT 1","COLLEGE AV",232.00,N,N,A,-,Y,SB,5,1,-,-,21.160,H,-,N,N,4,0,1,2,A,-,03,22350,,F,D,C,A,A,H,-,A,D,0,,,,,Y,,A,01,0,0,1,0,0,0,0,0,0,"- ","- ",,,"SANTA BARBARA",LOMPOC,-120.45775037999999,34.647611509999997
6849505,2015,2015-03-26,4202,2015-01-04,1835,,LOMPO,7,5,4,4202,0,0,0,,0,,"OLIVE AV","SKYVIEW DR",0.00,,Y,A,-,N,,,,,,,,,,Y,4,0,2,2,A,-,01,23152,B,N,A,C,A,A,H,-,C,D,0,,,,,Y,Y,D,22,0,0,2,0,0,0,0,0,0,"- ","- ",,,"SANTA BARBARA",LOMPOC,-120.44368987,34.634000059999998
6862441,2015,2016-10-28,9760,2015-03-02,1300,19831,,1,1,5,4203,0,1,2,,2,011,"RT 101","MILPAS ST",453.00,S,N,C,-,Y,SB,5,101,-,-,12.730,H,-,S,Y,3,0,1,1,A,-,03,22350,,N,E,I,A,B,H,-,A,D,1,,,,,Y,,A,01,0,1,0,0,0,0,0,0,0,"- ","- ",34.419719999999998,-119.67180999999999,"SANTA BARBARA","SANTA BARBARA",-119.67688248,34.420369059999999
6862451,2015,2016-10-28,9760,2015-03-08,1555,20908,,7,2,9,4200,0,1,2,,2,010,"RT 101","SAN YSIDRO RD",760.00,S,N,A,-,Y,SB,5,101,-,-,9.880,H,-,S,Y,3,0,3,3,A,-,03,22350,,N,C,C,A,A,H,-,A,D,1,,,,,Y,,A,01,0,1,2,0,0,0,0,0,0,"- ","- ",34.421900000000001,-119.63003999999999,"SANTA BARBARA",UNINCORPORATED,-119.62917708000001,34.421607799999997
6862453,2015,2016-10-28,9760,2015-03-08,0754,19831,,7,1,9,4200,0,1,2,,2,010,"RT 101","SHEFFIELD DR",1010.00,S,N,F,-,Y,SB,5,101,-,-,10.550,H,-,S,Y,3,0,1,2,C,-,18,,,N,C,C,A,A,H,-,A,D,1,,,,,Y,,-,"- ",0,1,0,0,0,0,0,0,0,"- ","- ",34.420720000000003,-119.60751,"SANTA BARBARA",UNINCORPORATED,-119.64020189999999,34.420596539999998
6862454,2015,2016-10-28,9760,2015-03-10,1300,12263,,2,1,9,4200,0,3,5,,2,002,"TURNPIKE RD","RT 101",0.00,,Y,A,-,Y,SB,5,101,-,-,20.260,R,1,S,Y,4,0,1,2,A,-,12,21453,A,N,D,C,A,A,H,-,A,A,1,,,,,Y,,A,07,0,0,1,0,0,0,0,0,0,"- ",SF,34.442210000000003,-119.78941,"SANTA BARBARA",UNINCORPORATED,-119.79280885999999,34.44186681
6862455,2015,2016-10-28,9760,2015-03-09,2100,17097,,1,2,9,4200,0,1,2,,2,020,"RT 101","TURNPIKE RD",0.00,,Y,A,-,Y,SB,5,101,-,-,19.900,R,4,N,Y,4,0,2,2,A,-,12,21453,A,N,D,C,A,A,H,-,C,A,1,,,,,Y,,A,01,0,0,2,0,0,0,0,0,0,NO,"- ",34.442959999999999,-119.78937000000001,"SANTA BARBARA",UNINCORPORATED,-119.78653881,34.442285550000001
6862456,2015,2016-10-28,9760,2015-03-08,0754,17674,,7,1,9,4200,0,1,2,,2,010,"RT 101","SHEFFIELD DR",1059.00,S,N,F,-,Y,SB,5,101,-,-,8.800,H,-,S,Y,4,0,3,3,C,-,18,,,N,C,C,A,A,H,-,A,D,1,,,,,Y,,-,"- ",0,0,3,0,0,0,0,0,0,"- ","- ",34.421419999999998,-119.60957999999999,"SANTA BARBARA",UNINCORPORATED,-119.61052701,34.421272559999998
6862457,2015,2016-10-28,9760,2015-03-06,1400,20211,,5,2,9,4200,0,1,2,,2,010,"RT 101","SHEFFIELD DR",750.00,S,N,A,-,Y,SB,5,101,-,-,10.060,H,-,N,Y,4,0,3,2,A,-,03,22350,,N,C,C,A,A,H,-,A,D,1,,,,,Y,,A,01,0,0,3,0,0,0,0,0,0,"- ","- ",34.42165,-119.66481,"SANTA BARBARA",UNINCORPORATED,-119.63218800999999,34.422624249999998
6862458,2015,2016-10-28,9760,2015-03-12,0800,18019,,4,1,5,4203,0,1,2,,2,020,"RT 101","LA CUMBRE RD",636.00,S,N,A,-,Y,SB,5,101,-,-,17.660,H,-,S,Y,4,0,1,2,A,-,03,22350,,N,C,C,A,A,H,-,A,D,1,,,,,Y,,A,01,0,0,1,0,0,0,0,0,0,"- ","- ",34.431060000000002,-119.75320000000001,"SANTA BARBARA","SANTA BARBARA",-119.75018769,34.435391799999998
6862459,2015,2016-09-13,9760,2015-03-13,0005,17314,,5,3,9,4200,0,1,3,,1,022,"RT 154","SAN ANTONIO CREEK RD",10560.00,W,N,A,-,Y,SB,5,154,-,-,27.960,H,-,W,Y,3,0,1,1,A,-,01,23152,A,N,E,I,A,A,H,-,D,D,0,,,,,Y,Y,A,01,0,1,0,0,0,0,0,0,0,"- ","- ",34.486800000000002,-119.78088,"SANTA BARBARA",UNINCORPORATED,-119.78088743000001,34.486023080000002
6862464,2015,2016-09-13,9760,2015-03-03,0310,17314,,2,3,9,4200,0,1,3,,1,022,"RT 154","SAN ANTONIO CREEK RD",528.00,W,N,B,-,Y,SB,5,154,-,-,29.860,H,-,E,Y,3,0,1,1,A,-,01,23152,E,N,E,I,A,A,H,-,A,D,0,,,,,Y,,A,07,0,1,0,0,0,0,0,0,0,"- ","- ",34.469900000000003,-119.77688000000001,"SANTA BARBARA",UNINCORPORATED,-119.77682369,34.469832789999998
6862465,2015,2016-10-28,9760,2015-03-02,1746,18754,,1,2,5,4203,0,1,2,,2,011,"RT 101","MISSION ST",60.00,N,N,A,-,Y,SB,5,101,-,-,15.770,H,-,S,Y,4,0,1,3,A,-,03,22350,,N,C,C,A,A,H,-,B,D,1,,,,,Y,,A,01,0,0,1,0,0,0,0,0,0,TO,"- ",34.425849999999997,-119.72282,"SANTA BARBARA","SANTA BARBARA",-119.72044624999999,34.425373309999998
6831616,2015,2015-03-19,4203,2015-02-19,1635,6983,,4,5,5,4203,0,0,0,,0,001,"SALINAS ST","SALINAS PL",0.00,,Y,A,-,N,,,,,,,,,,Y,4,0,1,2,A,-,09,21801,A,N,D,C,A,A,H,-,A,D,0,,,,,Y,,-,,0,0,1,0,0,0,0,0,0,"- ","- ",34.253700000000002,-119.4024,"SANTA BARBARA","SANTA BARBARA",-119.67362994,34.427050020000003
6831620,2015,2015-03-30,4203,2015-02-24,1821,6972,,2,5,5,4203,0,0,0,,0,003,"GARDEN ST","E CANON PERDIDO ST",0.00,,Y,A,-,N,,,,,,,,,,Y,4,0,1,2,A,-,09,21800,C,N,D,C,A,A,H,-,C,A,0,,,,,Y,,-,"- ",0,0,1,0,0,0,0,0,0,"- ","- ",34.25253,-119.41498,"SANTA BARBARA","SANTA BARBARA",-119.69717995000001,34.423720090000003
6831624,2015,2016-10-28,4203,2015-02-24,2058,3433,,2,5,5,4203,0,0,0,,0,002,"CASTILLO ST","RT 101",0.00,,Y,A,-,Y,SB,5,101,-,-,14.340,R,4,S,N,4,0,1,1,A,-,03,22350,,N,E,I,A,B,A,B,C,A,0,,,,,Y,,A,01,0,0,1,0,0,0,0,0,0,"- ","- ",34.24436,-119.41567000000001,"SANTA BARBARA","SANTA BARBARA",-119.70152176000001,34.412353629999998
6831628,2015,2015-03-18,4203,2015-02-25,1310,2521,,3,5,5,4203,0,0,0,,0,002,"HARBOR WY","SHORELINE DR",0.00,,Y,A,-,N,,,,,,,,,,N,4,0,1,2,D,-,00,,,F,C,C,A,A,H,-,A,A,0,,,,,Y,,-,"- ",0,0,1,0,0,0,0,0,0,"- ","- ",34.399999999999999,-119.69,"SANTA BARBARA","SANTA BARBARA",-119.69491993,34.404220070000001
6831632,2015,2015-03-27,4203,2015-02-19,1913,4,4203,4,5,5,4203,0,0,0,,0,004,"W MICHELTORENA ST","CHAPALA ST",0.00,,Y,A,-,N,,,,,,,,,,N,3,0,1,2,A,-,09,21801,A,N,A,C,A,A,H,-,C,A,0,,,,,Y,,-,,0,1,0,0,0,0,0,0,0,"- ","- ",34.252899999999997,-119.4233,"SANTA BARBARA","SANTA BARBARA",-119.70944995000001,34.425140079999998
6831644,2015,2015-03-18,4203,2015-02-27,1458,4732,,5,5,5,4203,0,0,0,,0,003,"GARDEN ST","VICTORIA ST",27.00,N,N,B,-,N,,,,,,,,,,Y,4,0,1,2,A,-,01,23152,A,N,C,C,A,A,H,-,-,A,0,,,,,Y,,-,,0,0,1,0,0,0,0,0,0,"- ","- ",34.253920000000001,-119.42908,"SANTA BARBARA","SANTA BARBARA",-119.70244474,34.427511170000002
6831710,2015,2015-09-08,4203,2015-02-24,1830,7775,,2,5,5,4203,0,0,0,,0,004,"DE LA VINA ST","WEST CANON PERDIDO ST",0.00,,Y,A,-,N,,,,,,,,,,Y,4,0,2,2,A,-,09,21802,A,N,D,C,A,A,H,-,C,D,0,,,,,Y,Y,A,01,0,0,2,0,0,0,0,0,0,"- ","- ",34.418399999999998,-119.70285,"SANTA BARBARA","SANTA BARBARA",-119.70284988,34.418399999999998
6832604,2015,2015-03-19,4200,2015-02-06,1851,4041,14,5,5,4,4214,0,0,0,,0,080,"CALLE REAL","ST ALBANS PL",0.00,,Y,A,-,N,,,,,,,,,,N,3,0,1,2,A,-,09,21801,A,N,D,C,A,A,H,-,C,A,0,,,Y,,Y,,D,22,0,1,0,0,0,0,0,0,1,"- ","- ",,,"SANTA BARBARA",GOLETA,-119.89462996,34.434370110000003
6832612,2015,2015-03-27,4200,2015-02-12,1457,3116,14,4,5,4,4214,0,0,0,,0,060,"S KELLOGG AV","KELLOGG WY",295.00,N,N,A,-,N,,,,,,,,,,Y,3,0,1,2,A,-,09,21801,A,N,D,C,A,A,H,-,A,D,0,,,,,Y,,A,07,0,1,0,0,0,0,0,0,0,"- ","- ",,,"SANTA BARBARA",GOLETA,-119.82057406,34.43305745
6832616,2015,2015-03-19,4200,2015-02-13,1321,3116,14,5,5,4,4214,0,0,0,,0,080,"STORKE RD","MARKET PLACE DR",0.00,,Y,A,-,N,,,,,,,,,,N,3,0,1,2,A,-,12,21453,A,N,D,C,A,A,H,-,A,A,0,,Y,,Y,Y,,L,04,0,1,0,0,0,0,1,0,0,"- ","- ",,,"SANTA BARBARA",GOLETA,-119.86977997,34.428660069999999
6833520,2015,2015-03-12,4204,2015-02-15,2116,90228,68,7,5,5,4204,0,0,0,,0,003,MILLER,"ENOS DR",0.00,,Y,B,-,N,,,,,,,,,,Y,4,0,1,2,A,-,09,21801,A,N,D,C,A,A,H,-,C,A,0,,,,,Y,,A,01,0,0,1,0,0,0,0,0,0,"- ","- ",,,"SANTA BARBARA","SANTA MARIA",-120.43162998,34.934060070000001
6862466,2015,2016-10-28,9760,2015-03-03,0847,20908,,2,1,5,4203,0,1,2,,2,020,"RT 101","RT 154",50.00,S,N,A,-,Y,SB,5,101,-,-,18.350,H,-,S,N,3,0,1,1,A,-,03,22350,,N,F,A,A,B,H,-,A,D,1,,,Y,,Y,,C,02,0,1,0,0,0,0,0,0,1,FR,"- ",34.440820000000002,-119.75939,"SANTA BARBARA","SANTA BARBARA",-119.75974936,34.441176149999997
6862467,2015,2015-03-27,9760,2015-03-05,1315,17674,,4,1,9,4200,0,3,5,,2,002,"CAMINO MANADERO","PATTERSON AV",250.00,N,N,A,-,N,,,,,,,,,,N,4,0,1,2,A,-,06,21750,A,N,B,C,A,A,H,-,A,D,0,,,Y,,Y,,C,02,0,0,1,0,0,0,0,0,1,"- ","- ",34.460070000000002,-119.82111,"SANTA BARBARA",UNINCORPORATED,-119.82036314,34.459400240000001
6862468,2015,2016-09-13,9760,2015-03-02,0045,20511,,1,3,9,4200,0,1,3,,1,022,"RT 154","WHITAKERS CURVE",2000.00,E,N,A,-,Y,SB,5,154,-,-,27.920,H,-,E,Y,4,0,1,1,A,-,08,22107,,N,F,A,A,A,H,-,D,D,0,,,,,Y,,A,01,0,0,1,0,0,0,0,0,0,"- ","- ",34.486609999999999,-119.78103,"SANTA BARBARA",UNINCORPORATED,-119.78091958,34.486659600000003
6863256,2015,2015-04-09,4204,2015-03-22,1339,23240,19,7,5,5,4204,0,0,0,,0,001,DONOVAN,PEPPERWOOD,0.00,,Y,A,-,N,,,,,,,,,,Y,4,0,2,2,A,-,09,21802,A,N,D,C,A,A,H,-,A,A,0,,,,,Y,,D,22,0,0,2,0,0,0,0,0,0,"- ","- ",,,"SANTA BARBARA","SANTA MARIA",-120.41879989,34.96763
6863643,2015,2016-10-03,9750,2015-03-14,1134,16354,,6,1,9,4200,0,1,3,,1,022,"RT 1","SAN ANTONIO RD WEST",5808.00,N,N,A,-,Y,SB,5,1,-,R,33.460,H,-,S,Y,4,0,1,1,A,-,08,22107,,N,F,A,A,A,H,-,A,D,1,,,,,Y,,A,01,0,0,1,0,0,0,0,0,0,"- ","- ",34.779679999999999,-120.47029999999999,"SANTA BARBARA",UNINCORPORATED,-120.45139888999999,34.834956310000003
6863647,2015,2016-09-08,9755,2015-03-24,1955,17967,,2,2,9,4200,0,1,3,,2,041,"RT 246","AMBER FARMS RD",0.00,,Y,A,-,Y,SB,5,246,-,-,32.520,H,-,E,Y,4,0,1,2,A,-,03,22350,,N,C,C,A,A,H,-,D,D,0,,,,,Y,,A,07,0,0,1,0,0,0,0,0,0,"- ","- ",34.608080000000001,-120.09133,"SANTA BARBARA",UNINCORPORATED,-120.09136588,34.608028959999999
6863684,2015,2015-04-07,4202,2015-03-12,1749,238,,4,5,4,4202,0,0,0,,0,,"7TH ST","BERKELEY DR",0.00,,Y,A,-,N,,,,,,,,,,N,4,0,1,2,A,-,11,21950,B,N,G,B,B,A,H,-,A,A,0,Y,,,,Y,,N,60,0,0,1,0,1,0,0,0,0,"- ","- ",,,"SANTA BARBARA",LOMPOC,-120.44031993,34.637430039999998
6863768,2015,2015-04-07,4204,2015-03-22,2018,90228,51,7,5,5,4204,0,0,0,,0,002,DEPOT,ORANGE,0.00,,Y,B,-,N,,,,,,,,,,N,4,0,1,2,A,-,03,22350,,F,C,C,A,A,H,-,C,D,0,,,,,Y,,A,01,0,0,1,0,0,0,0,0,0,"- ","- ",,,"SANTA BARBARA","SANTA MARIA",-120.44370991,34.948840099999998
6863880,2015,2015-04-08,4204,2015-03-20,1921,90278,10,5,5,5,4204,0,0,0,,0,001,"LYNNE DR",WILLIAMS,0.00,,Y,A,-,N,,,,,,,,,,Y,4,0,1,2,A,-,08,22107,,N,A,C,A,A,H,-,C,D,0,,,,,Y,,A,01,0,0,1,0,0,0,0,0,0,"- ","- ",,,"SANTA BARBARA","SANTA MARIA",-120.42668998000001,34.97040011
6863884,2015,2015-04-08,4204,2015-03-20,1440,90272,72,5,5,5,4204,0,0,0,,0,003,"MARSALA AV","WESTGATE RD",0.00,,Y,A,-,N,,,,,,,,,,N,3,0,1,2,A,-,03,22350,,F,D,B,B,A,H,-,A,D,0,Y,,,,Y,Y,A,01,0,1,0,0,1,0,0,0,0,"- ","- ",,,"SANTA BARBARA","SANTA MARIA",-120.45859995000001,34.92924008
6864059,2015,2015-04-07,9750,2015-03-20,1810,016773,,5,2,9,4200,0,3,5,,2,030,"FOXEN CANYON RD","TEPUSQUET RD",6.00,E,N,A,-,N,,,,,,,,,,Y,4,0,1,1,A,-,08,22107,,N,E,I,A,A,H,-,A,D,0,,,,,Y,,A,01,0,0,1,0,0,0,0,0,0,"- ","- ",34.853369999999998,-120.25958,"SANTA BARBARA",UNINCORPORATED,-120.25970085,34.853335260000001
6849513,2015,2016-09-13,4204,2015-03-09,1516,22751,47,1,5,5,4204,0,0,0,,0,002,MAIN,ELIZABETH,200.00,E,N,A,-,Y,SB,5,166,-,-,8.340,H,-,E,N,4,0,1,2,A,-,03,22350,,N,C,C,A,A,H,-,A,D,0,,,,,Y,,A,07,0,0,1,0,0,0,0,0,0,"- ","- ",,,"SANTA BARBARA","SANTA MARIA",-120.42770111,34.953105290000003
6849796,2015,2016-10-28,4203,2015-02-17,1307,6700,14,2,5,5,4203,0,0,0,,0,002,"CASTILLO ST","RT 101",75.00,N,N,A,B,Y,SB,5,101,-,R,14.187,I,6,S,N,3,0,1,1,B,-,22,,,N,H,A,A,B,A,G,A,A,0,,Y,,,Y,,-,"- ",0,1,0,0,0,0,1,0,0,"- ",SF,34.244349999999997,-119.41569,"SANTA BARBARA","SANTA BARBARA",-119.69887180000001,34.412150689999997
6849939,2015,2015-03-27,4204,2015-03-10,1730,90341,52,2,5,5,4204,0,0,0,,0,002,THORNBURG,COOK,0.00,,Y,A,-,N,,,,,,,,,,N,3,0,1,2,A,-,12,22450,A,F,D,G,A,A,H,-,A,A,0,,Y,,,Y,,L,04,0,1,0,0,0,0,1,0,0,"- ","- ",,,"SANTA BARBARA","SANTA MARIA",-120.44039991,34.949870079999997
6849943,2015,2016-09-08,4202,2015-03-04,1216,292,,3,5,4,4202,0,0,0,,0,,"RT 246","K ST",23.00,E,N,A,-,Y,SB,5,246,-,-,9.350,H,-,W,Y,3,0,2,2,A,-,09,21801,A,N,A,C,A,A,H,-,A,A,0,,,,,Y,,A,08,0,1,1,0,0,0,0,0,0,"- ","- ",,,"SANTA BARBARA",LOMPOC,-120.46281818,34.639078650000002
6849947,2015,2015-03-27,4202,2015-03-10,0723,292,,2,5,4,4202,0,0,0,,0,,"A ST","TANGERINE AV",169.00,N,N,E,-,N,,,,,,,,,,Y,4,0,1,2,A,-,21,22106,A,N,B,C,A,A,H,-,A,A,0,,,,,Y,,A,01,0,0,1,0,0,0,0,0,0,"- ","- ",,,"SANTA BARBARA",LOMPOC,-120.44890013,34.65582414
6851137,2015,2015-03-23,4204,2015-03-06,2015,90228,51,5,5,5,4204,0,0,0,,0,002,DEPOT,ORANGE,0.00,,Y,A,-,N,,,,,,,,,,Y,4,0,1,2,A,-,01,23153,A,F,D,C,A,A,H,-,C,D,0,,,,,Y,Y,A,07,0,0,1,0,0,0,0,0,0,"- ","- ",,,"SANTA BARBARA","SANTA MARIA",-120.44370991,34.948840099999998
6851240,2015,2016-10-28,9750,2015-03-10,0930,015915,,2,1,9,4200,0,1,2,,2,003,"RT 101","ALISOS CANYON RD",2640.00,S,N,B,-,Y,SB,5,101,-,-,68.250,H,-,N,Y,3,0,2,1,A,-,08,22107,,N,F,A,A,A,H,-,A,D,1,,,,,Y,,A,07,0,2,0,0,0,0,0,0,0,"- ","- ",34.728099999999998,-120.22816,"SANTA BARBARA",UNINCORPORATED,-120.22841262999999,34.728229759999998
6852579,2015,2015-04-08,4204,2015-02-26,1352,22807,,4,5,5,4204,0,0,0,,0,002,DEPOT,CHURCH,0.00,,Y,A,-,N,,,,,,,,,,N,4,0,1,2,A,-,09,21802,,M,B,C,A,A,H,-,A,D,0,,,,,Y,,-,,0,0,1,0,0,0,0,0,0,"- ","- ",,,"SANTA BARBARA","SANTA MARIA",-120.44366992,34.952040019999998
6866776,2015,2015-05-20,9755,2015-03-26,1856,12436,,4,2,9,4200,0,1,3,,2,041,"RT 246","REFUGIO RD",36.00,W,N,A,-,Y,SB,5,246,-,-,32.110,H,-,W,N,1,1,0,2,A,-,11,21456,B,N,G,B,D,A,H,-,A,A,0,Y,,,,Y,,N,60,0,0,0,1,0,0,0,0,0,"- ","- ",34.606699999999996,-120.09842,"SANTA BARBARA",UNINCORPORATED,-120.09833527000001,34.60661941
6866786,2015,2015-05-20,9755,2015-03-10,0620,15281,,2,1,9,4200,0,1,3,,1,051,"RT 1","JALAMA RD",6336.00,S,N,B,-,Y,SB,5,1,-,-,13.810,H,-,N,Y,1,1,1,2,A,-,05,21460,A,N,A,C,A,A,H,-,D,D,0,,,,,Y,Y,D,22,1,0,0,0,0,0,0,0,0,"- ","- ",34.583649999999999,-120.40455,"SANTA BARBARA",UNINCORPORATED,-120.3925278,34.584348079999998
6867170,2015,2015-04-20,9750,2015-03-24,0725,014753,,2,1,9,4200,0,3,5,,2,010,"BROWN RD","BETTERAVIA RD",750.00,W,N,A,-,N,,,,,,,,,,N,3,0,1,2,A,-,00,21760,C,N,H,G,A,A,H,-,A,D,0,,Y,,,Y,,D,22,0,1,0,0,0,0,1,0,0,"- ","- ",34.935070000000003,-120.54810999999999,"SANTA BARBARA",UNINCORPORATED,-120.54890585,34.934904969999998
6833522,2015,2015-03-11,4204,2015-02-17,1144,22751,80,2,5,5,4204,0,0,0,,0,003,"SKYWAY DR","MCCOY LN",15.00,S,N,B,-,N,,,,,,,,,,N,4,0,1,2,A,-,03,22350,,N,C,C,A,A,H,-,A,A,0,,,,,Y,,A,07,0,0,1,0,0,0,0,0,0,"- ","- ",,,"SANTA BARBARA","SANTA MARIA",-120.45413050000001,34.916778800000003
6833613,2015,2015-03-13,4202,2015-02-16,1817,239,LOMPO,1,5,4,4202,0,0,0,,0,018,"7TH ST","LAUREL AV",0.00,,Y,B,-,N,,,,,,,,,,N,4,0,1,2,A,-,03,22350,,N,C,C,A,A,H,-,C,A,0,,,,,Y,,A,01,0,0,1,0,0,0,0,0,0,"- ","- ",,,"SANTA BARBARA",LOMPOC,-120.44024997,34.643730069999997
6833615,2015,2015-03-13,4202,2015-02-15,0356,298,,7,5,4,4202,0,0,0,,0,,"N G ST","E NORTH AV",47.00,S,N,A,-,N,,,,,,,,,,Y,4,0,1,1,A,-,08,22107,,M,E,J,A,A,H,-,D,D,0,,,,,Y,,A,01,0,0,1,0,0,0,0,0,0,"- ","- ",,,"SANTA BARBARA",LOMPOC,-120.45643081,34.6532409
6833616,2015,2016-10-28,9750,2015-02-20,1805,018616,,5,2,9,4200,0,1,2,,2,001,"RT 101","SANTA MARIA WY",300.00,S,N,A,-,Y,SB,5,101,-,-,84.280,H,-,N,Y,4,0,1,1,A,-,08,22107,,N,F,A,A,A,H,-,C,D,0,,,Y,,Y,,C,02,0,0,1,0,0,0,0,0,1,FR,"- ",34.888959999999997,-120.41582,"SANTA BARBARA",UNINCORPORATED,-120.41714489,34.890349450000002