CASE_ID,ACCIDENT_YEAR,PROC_DATE,JURIS,COLLISION_DATE,COLLISION_TIME,OFFICER_ID,REPORTING_DISTRICT,DAY_OF_WEEK,CHP_SHIFT,POPULATION,CNTY_CITY_LOC,SPECIAL_COND,BEAT_TYPE,CHP_BEAT_TYPE,CITY_DIVISION_LAPD,CHP_BEAT_CLASS,BEAT_NUMBER,PRIMARY_RD,SECONDARY_RD,DISTANCE,DIRECTION,INTERSECTION,WEATHER_1,WEATHER_2,STATE_HWY_IND,CALTRANS_COUNTY,CALTRANS_DISTRICT,STATE_ROUTE,ROUTE_SUFFIX,POSTMILE_PREFIX,POSTMILE,LOCATION_TYPE,RAMP_INTERSECTION,SIDE_OF_HWY,TOW_AWAY,COLLISION_SEVERITY,NUMBER_KILLED,NUMBER_INJURED,PARTY_COUNT,PRIMARY_COLL_FACTOR,PCF_CODE_OF_VIOL,PCF_VIOL_CATEGORY,PCF_VIOLATION,PCF_VIOL_SUBSECTION,HIT_AND_RUN,TYPE_OF_COLLISION,MVIW,PED_ACTION,ROAD_SURFACE,ROAD_COND_1,ROAD_COND_2,LIGHTING,CONTROL_DEVICE,CHP_ROAD_TYPE,PEDESTRIAN_ACCIDENT,BICYCLE_ACCIDENT,MOTORCYCLE_ACCIDENT,TRUCK_ACCIDENT,NOT_PRIVATE_PROPERTY,ALCOHOL_INVOLVED,STWD_VEHTYPE_AT_FAULT,CHP_VEHTYPE_AT_FAULT,COUNT_SEVERE_INJ,COUNT_VISIBLE_INJ,COUNT_COMPLAINT_PAIN,COUNT_PED_KILLED,COUNT_PED_INJURED,COUNT_BICYCLIST_KILLED,COUNT_BICYCLIST_INJURED,COUNT_MC_KILLED,COUNT_MC_INJURED,PRIMARY_RAMP,SECONDARY_RAMP,LATITUDE,LONGITUDE,COUNTY,CITY,POINT_X,POINT_Y
6833617,2015,2016-09-13,9750,2015-02-21,1525,016714,,6,2,9,4200,0,1,3,,1,023,"RT 135","SAN ANTONIO RD E",571.00,N,N,A,-,Y,SB,5,135,-,M,9.720,H,-,S,Y,4,0,1,1,A,-,08,22107,,N,E,I,A,A,H,-,A,D,5,,,,,Y,,A,01,0,0,1,0,0,0,0,0,0,"- ","- ",34.774039999999999,-120.42973000000001,"SANTA BARBARA",UNINCORPORATED,-120.42971355,34.77409016
6833777,2015,2015-03-12,4204,2015-02-19,2305,90343,58,4,5,5,4204,0,0,0,,0,002,MILLER,"STOWELL RD",0.00,,Y,A,-,N,,,,,,,,,,Y,4,0,2,2,A,-,01,23153,B,N,D,C,A,A,H,-,C,A,0,,,,,Y,Y,A,01,0,0,2,0,0,0,0,0,0,"- ","- ",,,"SANTA BARBARA","SANTA MARIA",-120.43159996,34.938480089999999
6834671,2015,2015-03-05,4204,2015-01-23,1518,90081,04,5,5,5,4204,0,0,0,,0,001,TAYLOR,CURRYER,381.00,W,N,A,-,N,,,,,,,,,,N,4,0,1,2,A,-,09,21804,A,N,D,C,A,A,H,-,A,A,0,,,,,Y,,A,07,0,0,1,0,0,0,0,0,0,"- ","- ",,,"SANTA BARBARA","SANTA MARIA",-120.44196132,34.975030009999998
6834960,2015,2015-03-18,4200,2015-01-13,2047,4804,14,2,5,4,4214,0,0,0,,0,060,"HOLLISTER AV","MENTOR DR",337.00,E,N,A,-,N,,,,,,,,,,N,4,0,1,2,A,-,14,21201,D,N,B,G,A,A,H,-,C,D,0,,Y,,,Y,,L,04,0,0,1,0,0,0,1,0,0,"- ","- ",,,"SANTA BARBARA",GOLETA,-119.81118476,34.434981659999998
6835101,2015,2016-02-17,4203,2015-02-12,1220,9420,,4,5,5,4203,0,0,0,,0,005,"S LA CUMBRE RD","CALLE REAL",0.00,,Y,A,-,N,,,,,,,,,,Y,4,0,1,2,A,-,09,21801,A,N,A,C,A,A,H,-,A,A,0,,,,,Y,,-,,0,0,1,0,0,0,0,0,0,"- ","- ",34.261369999999999,-119.45,"SANTA BARBARA","SANTA BARBARA",-119.75102995,34.437230100000001
6835102,2015,2015-03-12,4203,2015-01-24,1444,7193,,6,5,5,4203,0,0,0,,0,001,"ALAMEDA PADRE SERRA","GARCIA RD",240.00,S,N,A,-,N,,,,,,,,,,N,3,0,1,2,A,-,08,22103,,N,-,C,A,A,H,-,A,D,0,,,,,Y,,-,,0,1,0,0,0,0,0,0,0,"- ","- ",34.253189999999996,-119.42028000000001,"SANTA BARBARA","SANTA BARBARA",-119.68965267999999,34.436247229999999
6835103,2015,2015-03-12,4203,2015-02-16,1708,7570,,1,5,5,4203,0,0,0,,0,006,"SAN ANDRES ST","W SOLA ST",0.00,,Y,B,-,N,,,,,,,,,,N,2,0,1,2,A,-,11,21950,B,N,G,B,D,A,H,-,A,D,0,Y,,,,Y,,N,60,1,0,0,0,1,0,0,0,0,"- ","- ",34.418039999999998,-119.7148,"SANTA BARBARA","SANTA BARBARA",-119.71489991999999,34.417820079999998
6864063,2015,2016-10-03,4202,2015-03-05,1233,32104,LOMPO,4,5,4,4202,0,0,0,,0,014,"RT 1","CENTRAL AV",577.00,N,N,A,-,Y,SB,5,1,-,-,22.180,H,-,S,Y,4,0,1,3,A,-,03,22350,,N,C,C,A,A,H,-,A,A,0,,,,,Y,,A,01,0,0,1,0,0,0,0,0,0,"- ","- ",,,"SANTA BARBARA",LOMPOC,-120.45780542999999,34.662422120000002
6864094,2015,2016-09-30,9755,2015-03-21,1445,013618,,6,2,9,4200,0,3,5,,2,050,"JALAMA RD","RT 1",32208.00,W,N,A,-,N,,,,,,,,,,Y,3,0,1,1,A,-,03,22350,,N,E,I,A,A,H,-,A,D,0,,,,,Y,,A,01,0,1,0,0,0,0,0,0,0,"- ","- ",34.525489999999998,-120.40381000000001,"SANTA BARBARA",UNINCORPORATED,-120.40333652,34.525358490000002
6864098,2015,2015-04-07,9755,2015-03-26,0230,018991,,4,3,9,4200,0,3,5,,2,050,"HARRIS GRADE RD","RUCKER RD",6864.00,N,N,A,-,N,,,,,,,,,,N,4,0,1,1,A,-,03,22350,,N,E,I,A,A,H,-,D,D,0,,,,,Y,,A,01,0,0,1,0,0,0,0,0,0,"- ","- ",34.727629999999998,-120.43957,"SANTA BARBARA",UNINCORPORATED,-120.44030969000001,34.727429919999999
6864202,2015,2016-09-13,4204,2015-03-22,1656,23240,05,7,5,5,4204,0,0,0,,0,001,BROADWAY,"PREISKER LN",20.00,N,N,A,-,Y,SB,5,135,-,-,17.540,H,-,S,N,4,0,1,2,A,-,03,22350,,N,C,C,A,A,H,-,A,A,0,,,,,Y,,A,01,0,0,1,0,0,0,0,0,0,"- ","- ",,,"SANTA BARBARA","SANTA MARIA",-120.43467158999999,34.979007009999997
6865581,2015,2015-04-17,4204,2015-03-28,1810,90364,075,6,5,5,4204,0,0,0,,0,B03,"NEWLOVE DR",MILLER,300.00,W,N,A,-,N,,,,,,,,,,Y,3,0,1,2,A,-,09,21804,A,N,D,C,A,A,H,-,A,D,0,,,,,Y,,A,01,0,1,0,0,0,0,0,0,0,"- ","- ",,,"SANTA BARBARA","SANTA MARIA",-120.43280015000001,34.929830750000001
6865791,2015,2015-04-09,4204,2015-03-21,2019,90322,26,6,5,5,4204,0,0,0,,0,001,"ALVIN AV","RAILROAD AV",0.00,,Y,A,-,N,,,,,,,,,,Y,4,0,1,2,A,-,01,23153,B,N,C,C,A,A,H,-,C,D,0,,,,,Y,Y,A,01,0,0,1,0,0,0,0,0,0,"- ","- ",,,"SANTA BARBARA","SANTA MARIA",-120.4445899,34.960509999999999
6865795,2015,2015-04-09,4204,2015-03-13,0749,90081,15,5,5,5,4204,0,0,0,,0,001,"ALVIN AV","RAILROAD AV",485.00,E,N,A,-,N,,,,,,,,,,Y,4,0,4,2,A,-,08,22103,,N,D,C,A,A,H,-,A,D,0,,,,,Y,,A,07,0,0,4,0,0,0,0,0,0,"- ","- ",,,"SANTA BARBARA","SANTA MARIA",-120.44297266,34.960479999999997
6865799,2015,2015-04-09,4204,2015-03-18,1722,90242,15,3,5,5,4204,0,0,0,,0,001,"ALVIN AV","WALNUT DR",0.00,,Y,A,-,N,,,,,,,,,,Y,4,0,1,2,A,-,03,22350,,N,C,C,A,A,H,-,A,D,0,,,,,Y,,A,01,0,0,1,0,0,0,0,0,0,"- ","- ",,,"SANTA BARBARA","SANTA MARIA",-120.43928996,34.960460089999998
6865812,2015,2015-04-08,9750,2015-03-18,1450,013766,,3,2,9,4200,0,3,5,,2,020,"HARRIS GRADE RD","RT 135",15840.00,S,N,B,-,N,,,,,,,,,,Y,4,0,1,1,A,-,08,22107,,N,E,I,A,A,H,-,A,D,0,,,,,Y,,A,01,0,0,1,0,0,0,0,0,0,"- ","- ",34.735199999999999,-120.43872,"SANTA BARBARA",UNINCORPORATED,-120.43915496,34.735425280000001
6880738,2015,2015-05-05,4203,2015-03-11,1815,7775,,3,5,5,4203,0,0,0,,0,002,"CLIFF DR","MONTECITO ST",0.00,,Y,A,-,N,,,,,,,,,,Y,4,0,1,1,C,-,18,,,N,E,I,A,A,H,-,A,D,0,,,,,Y,,-,"- ",0,0,1,0,0,0,0,0,0,"- ","- ",34.243209999999998,-119.41564,"SANTA BARBARA","SANTA BARBARA",-119.69854992,34.409660039999999
6880739,2015,2015-04-22,4203,2015-03-15,1937,6983,,7,5,5,4203,0,0,0,,0,004,"BATH ST","LOS OLIVOS ST",0.00,S,N,A,-,N,,,,,,,,,,Y,4,0,1,2,A,-,08,22107,,N,C,E,A,A,H,-,D,A,0,,,,,Y,,-,,0,0,1,0,0,0,0,0,0,"- ","- ",34.254600000000003,-119.4314,"SANTA BARBARA","SANTA BARBARA",-119.72066998,34.429600100000002
6835105,2015,2015-03-12,4203,2015-02-06,1604,6969,,5,5,5,4203,0,0,0,,0,001,"N MILPAS ST","E COTA ST",96.00,N,N,A,-,N,,,,,,,,,,Y,4,0,3,3,A,-,03,22350,,N,C,C,A,A,H,-,A,A,0,,,,,Y,,-,,0,0,3,0,0,0,0,0,0,"- ","- ",34.253100000000003,-119.4204,"SANTA BARBARA","SANTA BARBARA",-119.68684675,34.42742604
6836836,2015,2015-03-18,4200,2015-02-12,0832,3683,14,4,5,4,4214,0,0,0,,0,080,"GLENN ANNIE RD","CATHEDRAL OAKS RD",219.00,S,N,A,-,N,,,,,,,,,,Y,4,0,3,3,A,-,03,22350,,N,C,C,A,A,H,-,A,D,0,,,,,Y,,A,07,0,0,3,0,0,0,0,0,0,"- ","- ",,,"SANTA BARBARA",GOLETA,-119.87419957,34.440304679999997
6836848,2015,2016-10-28,9760,2015-02-15,1635,18019,,7,2,3,4205,0,1,2,,2,010,"RT 101","SANTA MONICA RD",79.00,S,N,A,-,Y,SB,5,101,-,-,16.430,H,-,N,N,4,0,1,3,A,-,03,22350,,N,C,C,A,A,H,-,A,D,1,,,,,Y,,A,07,0,0,1,0,0,0,0,0,0,"- ","- ",34.40401,-119.53021,"SANTA BARBARA",CARPINTERIA,-119.73162799000001,34.427691469999999
6836852,2015,2016-10-28,9760,2015-02-17,0855,015658,,2,1,9,4200,0,3,5,,2,004,"REFUGIO RD","RT 101",0.00,,Y,B,-,Y,SB,5,101,-,R,36.888,R,4,N,Y,3,0,1,2,A,-,09,21801,A,N,A,C,A,A,H,-,A,D,1,,,,,Y,,D,22,0,1,0,0,0,0,0,0,0,"- ",NF,34.466050000000003,-120.06907,"SANTA BARBARA",UNINCORPORATED,-120.07319902,34.464968480000003
6836864,2015,2016-10-28,9760,2015-02-09,1630,12518,,1,2,9,4200,0,1,2,,2,020,"RT 101","SAN JOSE CREEK",80.00,S,N,A,-,Y,SB,5,101,-,-,21.600,H,-,N,Y,3,0,1,2,A,-,07,21658,A,N,B,C,A,A,H,-,A,D,1,,,,Y,Y,,A,01,0,1,0,0,0,0,0,0,0,"- ","- ",34.441130000000001,-119.81646000000001,"SANTA BARBARA",UNINCORPORATED,-119.81617747999999,34.441079809999998
6836868,2015,2016-04-13,9760,2015-02-12,1838,18803,,4,2,9,4200,0,3,5,,2,002,"E CAMINO CIELO","RT 154",2640.00,N,N,A,-,N,,,,,,,,,,Y,4,0,1,1,A,-,08,22107,,N,E,I,A,A,H,-,D,D,0,,,,,Y,,D,22,0,0,1,0,0,0,0,0,0,"- ","- ",34.511719999999997,-119.81975,"SANTA BARBARA",UNINCORPORATED,-119.81677414000001,34.511508120000002
6836876,2015,2016-10-28,9760,2015-02-25,0905,14690,,3,1,9,4200,0,1,2,,2,010,"RT 101","EVANS AV",1320.00,S,N,A,-,Y,SB,5,101,-,-,8.010,H,-,N,Y,4,0,1,2,A,-,03,22350,,N,C,C,A,A,H,-,A,D,1,,,,,Y,,A,01,0,0,1,0,0,0,0,0,0,"- ","- ",34.430039999999998,-119.59702,"SANTA BARBARA",UNINCORPORATED,-119.59701841,34.420220049999998
6836889,2015,2016-10-28,9760,2015-03-02,1855,017314,,1,2,9,4200,0,1,2,,1,040,"RT 101","MARIPOSA REINA",2640.00,S,N,A,-,Y,SB,5,101,-,-,44.370,H,-,N,Y,4,0,1,2,A,-,03,22350,,N,C,C,A,A,H,-,D,D,5,,,,,Y,,A,01,0,0,1,0,0,0,0,0,0,"- ","- ",34.471719999999998,-120.18088,"SANTA BARBARA",UNINCORPORATED,-120.19825052,34.47334214
6836893,2015,2015-03-23,9760,2015-03-03,0715,014690,,2,1,9,4200,0,3,5,,2,002,"CAMINO DE VIDA","TURNPIKE RD",0.00,,Y,A,-,N,,,,,,,,,,N,4,0,1,2,A,-,03,22350,,N,C,C,A,A,H,-,A,B,0,,,,,Y,,A,01,0,0,1,0,0,0,0,0,0,"- ","- ",34.440620000000003,-119.78954,"SANTA BARBARA",UNINCORPORATED,-119.78942997,34.440650099999999
6837041,2015,2016-10-28,9760,2015-02-14,1630,20211,,6,2,9,4200,0,1,2,,2,010,"RT 101","SHEFFIELD DR",250.00,S,N,A,-,Y,SB,5,101,-,-,8.960,H,-,N,Y,3,0,1,2,A,-,07,21658,A,N,C,C,A,A,H,-,A,D,1,,,Y,,Y,,C,02,0,1,0,0,0,0,0,0,1,"- ","- ",34.421579999999999,-119.6109,"SANTA BARBARA",UNINCORPORATED,-119.61329168,34.421819960000001
6837045,2015,2016-10-28,9760,2015-02-08,1905,20908,,7,2,9,4200,0,1,2,,2,020,"RT 101","STATE ST",1700.00,S,N,C,-,Y,SB,5,101,-,-,17.560,H,-,N,N,4,0,2,2,A,-,07,21658,A,N,B,C,A,B,H,-,D,D,1,,,,,Y,,A,01,0,0,2,0,0,0,0,0,0,"- ","- ",34.434339999999999,-119.74872000000001,"SANTA BARBARA",UNINCORPORATED,-119.74882644,34.434423840000001
6867171,2015,2016-09-13,9750,2015-03-21,1212,16469,,6,1,9,4200,0,1,3,,2,061,"RT 166","BULL CANYON RD",6336.00,W,N,A,-,Y,SLO,5,166,-,-,10.950,H,-,W,Y,3,0,3,2,A,-,01,23152,A,F,C,C,A,A,H,-,A,D,0,,,,,Y,Y,A,01,0,1,2,0,0,0,0,0,0,"- ","- ",35.000720000000001,-120.39573,"SANTA BARBARA",UNINCORPORATED,-120.40031066,34.999434579999999
6867172,2015,2016-09-13,9750,2015-03-21,2345,17616,,6,3,9,4200,0,1,3,,1,023,"RT 135","BELL ST",9504.00,N,N,A,-,Y,SB,5,135,-,-,2.740,H,-,N,Y,2,0,1,1,A,-,01,23152,A,N,F,A,A,A,H,-,D,D,0,,,,,Y,Y,D,22,1,0,0,0,0,0,0,0,0,"- ","- ",34.750439999999998,-120.31577,"SANTA BARBARA",UNINCORPORATED,-120.31725389,34.751536960000003
6870245,2015,2015-04-15,4202,2015-03-23,0737,230,LOMPO,1,5,4,4202,0,0,0,,0,,"WALNUT AV","F ST",0.00,,Y,A,-,N,,,,,,,,,,N,2,0,1,2,A,-,11,21950,B,N,G,B,B,A,H,-,A,A,0,Y,,,,Y,,N,60,1,0,0,0,1,0,0,0,0,"- ","- ",,,"SANTA BARBARA",LOMPOC,-120.45532987999999,34.640620050000003
6870249,2015,2016-10-03,4202,2015-03-22,1210,230,LOMPO,7,5,4,4202,0,0,0,,0,,"RT 1","NORTH AV",76.00,N,N,A,-,Y,SB,5,1,-,-,21.570,H,-,S,N,2,0,1,1,C,-,18,,,N,F,A,A,A,H,-,A,D,0,,Y,,,Y,,-,"- ",1,0,0,0,0,0,1,0,0,"- ","- ",,,"SANTA BARBARA",LOMPOC,-120.45779401,34.653570889999997
6870590,2015,2015-04-13,9755,2015-03-22,1749,017910,,7,2,9,4200,0,3,5,,2,040,"BASELINE AV","MORA AV",2640.00,W,N,A,-,N,,,,,,,,,,N,2,0,1,2,A,-,03,22350,,N,G,B,E,A,H,-,A,D,0,Y,,,,Y,,A,01,1,0,0,0,1,0,0,0,0,"- ","- ",34.635469999999998,-120.06135,"SANTA BARBARA",UNINCORPORATED,-120.06041127,34.635465150000002
6870594,2015,2015-04-13,9755,2015-03-28,1630,017884,,6,2,9,4200,0,3,5,,2,050,"SANTA ROSA RD","AVENUE OF FLAGS",24816.00,W,N,A,-,N,,,,,,,,,,Y,4,0,2,2,A,-,06,21750,,N,D,C,A,A,H,-,A,D,0,,,,,Y,,A,01,0,0,2,0,0,0,0,0,0,"- ","- ",34.595419999999997,-120.25445000000001,"SANTA BARBARA",UNINCORPORATED,-120.19305,34.603070000000002
6870616,2015,2015-04-14,4204,2015-03-22,0047,90343,17,7,5,5,4204,0,0,0,,0,001,MILLER,"BUNNY AV",100.00,S,N,A,-,N,,,,,,,,,,Y,4,0,1,6,A,-,01,23153,A,N,B,J,A,A,H,-,C,D,0,,,,,Y,Y,A,07,0,0,1,0,0,0,0,0,0,"- ","- ",,,"SANTA BARBARA","SANTA MARIA",-120.43125000000001,34.962905329999998
6870620,2015,2016-09-13,4204,2015-03-20,0807,22807,35,5,5,5,4204,0,0,0,,0,002,MAIN,"COLLEGE DR",20.00,W,N,A,-,Y,SB,5,166,-,-,8.500,H,-,W,Y,4,0,1,2,A,-,03,22350,,N,C,C,A,A,H,-,A,A,0,,,,,Y,,A,07,0,0,1,0,0,0,0,0,0,"- ","- ",,,"SANTA BARBARA","SANTA MARIA",-120.42489562,34.953172819999999
6870624,2015,2015-04-14,4204,2015-03-18,0749,90081,99,3,5,5,4204,0,0,0,,0,003,"COLLEGE DR","WHIPPOORWILL DR",0.00,,Y,A,-,N,,,,,,,,,,Y,4,0,2,2,A,-,09,21802,A,N,D,-,A,A,H,-,A,D,0,,,,,Y,,A,07,0,0,2,0,0,0,0,0,0,"- ","- ",,,"SANTA BARBARA","SANTA MARIA",-120.42112994,34.899300109999999
6871351,2015,2017-01-09,9750,2015-04-06,1320,015915,,1,1,9,4200,0,1,3,,1,062,"RT 166","SIERRA MADRE RD",7920.00,W,N,A,-,Y,SB,5,166,-,R,33.010,H,-,E,Y,2,0,1,1,A,-,08,22107,,N,E,I,A,A,H,-,A,D,0,,,,Y,Y,,F,27,1,0,0,0,0,0,0,0,0,"- ","- ",35.102110000000003,-120.11190000000001,"SANTA BARBARA",UNINCORPORATED,-120.11278924,35.102197750000002
6872019,2015,2016-10-03,4202,2015-01-28,1904,230,LOMPO,3,5,4,4202,0,0,0,,0,,"RT 1","BARTON AV",490.00,N,N,A,-,Y,SB,5,1,-,-,21.900,H,-,S,Y,4,0,5,2,A,-,12,21453,A,N,A,C,A,A,H,-,C,A,0,,,,,Y,,A,01,0,0,5,0,0,0,0,0,0,"- ","- ",,,"SANTA BARBARA",LOMPOC,-120.45768445,34.658366610000002
6880740,2015,2015-06-08,4203,2015-03-23,1001,6700,13,1,5,5,4203,0,0,0,,0,002,"CABRILLO BL","BATH ST",9.00,E,N,A,-,N,,,,,,,,,,N,3,0,1,2,A,-,06,21951,,N,D,B,B,A,H,-,A,A,0,Y,,,,Y,,A,07,0,1,0,0,1,0,0,0,0,"- ","- ",34.243299999999998,-119.41334999999999,"SANTA BARBARA","SANTA BARBARA",-119.69267979999999,34.409178179999998
6880741,2015,2015-04-22,4203,2015-03-17,1235,6048,,2,5,5,4203,0,0,0,,0,001,"COTA ST","SALSIPUEDES ST",0.00,,Y,B,-,N,,,,,,,,,,Y,3,0,3,2,A,-,09,21802,A,N,D,C,A,A,H,-,A,D,0,,,,,Y,,-,,0,3,0,0,0,0,0,0,0,"- ","- ",34.252650000000003,-119.41237,"SANTA BARBARA","SANTA BARBARA",-119.68998995,34.424100080000002
6880742,2015,2015-04-22,4203,2015-03-20,1309,2661,,5,5,5,4203,0,0,0,,0,003,"ANAPAMU ST","OLIVE ST",160.00,E,N,A,-,N,,,,,,,,,,N,4,0,1,1,C,-,18,,,N,A,I,A,A,H,-,A,D,0,,,,,Y,,-,"- ",0,0,1,0,0,0,0,0,0,"- ","- ",34.254199999999997,-119.41549999999999,"SANTA BARBARA","SANTA BARBARA",-119.69842201,34.429041419999997
6880743,2015,2015-04-22,4203,2015-03-24,1119,2661,,2,5,5,4203,0,0,0,,0,005,"STATE ST","CALLE LAURELES",34.00,W,N,A,-,N,,,,,,,,,,Y,4,0,1,1,D,-,00,,,N,A,I,A,A,H,-,A,A,0,,,,,Y,,-,"- ",0,0,1,0,0,0,0,0,0,"- ","- ",34.262500000000003,-119.4342,"SANTA BARBARA","SANTA BARBARA",-119.72826268,34.440370000000001
6880744,2015,2015-04-22,4203,2015-03-20,1425,2661,,5,5,5,4203,0,0,0,,0,005,"CALLE REAL","HOPE AV",217.00,E,N,A,-,N,,,,,,,,,,Y,3,0,1,2,A,-,05,21460,A,N,A,C,A,A,H,-,A,A,0,,,,,Y,,-,,0,1,0,0,0,0,0,0,0,"- ","- ",34.255899999999997,-119.44499999999999,"SANTA BARBARA","SANTA BARBARA",-119.7472617,34.433699500000003
6880745,2015,2015-04-22,4203,2015-03-26,0827,2661,,4,5,5,4203,0,0,0,,0,005,"STATE ST","HITCHCOCK WY",155.00,E,N,A,-,N,,,,,,,,,,Y,3,0,1,1,A,-,03,22350,,N,F,I,A,A,H,-,A,A,0,,,,,Y,,-,,0,1,0,0,0,0,0,0,0,"- ","- ",34.2622,-119.4436,"SANTA BARBARA","SANTA BARBARA",-119.74393631,34.440480000000001
6880747,2015,2015-04-22,4203,2015-03-28,0052,6110,,6,5,5,4203,0,0,0,,0,003,"ORTEGA ST","GARDEN ST",71.00,W,N,A,-,N,,,,,,,,,,Y,3,0,2,1,A,-,01,23152,A,N,H,A,A,A,H,-,C,D,0,,,,,Y,Y,-,,0,2,0,0,0,0,0,0,0,"- ","- ",34.421720000000001,-119.9477,"SANTA BARBARA","SANTA BARBARA",-119.69481414000001,34.421732740000003
6881332,2015,2015-04-24,4204,2015-03-14,0806,09277,89,6,5,5,4204,0,0,0,,0,003,"SAN YSIDRO ST",MILLER,0.00,,Y,A,-,N,,,,,,,,,,N,3,0,1,2,A,-,05,21650,1,N,D,G,A,A,H,-,A,A,0,,Y,,,Y,,L,04,0,1,0,0,0,0,1,0,0,"- ","- ",,,"SANTA BARBARA","SANTA MARIA",-120.43156986,34.912790020000003
6881336,2015,2016-09-13,4204,2015-03-31,1110,23397,34,2,5,5,4204,0,0,0,,0,002,BROADWAY,MILL,0.00,,Y,A,-,Y,SB,5,135,-,-,15.930,I,5,S,Y,4,0,1,2,A,-,09,21801,A,N,D,C,A,A,H,-,A,D,0,,,,,Y,,A,01,0,0,1,0,0,0,0,0,0,"- ","- ",,,"SANTA BARBARA","SANTA MARIA",-120.43592662,34.955362819999998
6881340,2015,2015-04-24,4204,2015-03-29,0226,90363,52,7,5,5,4204,0,0,0,,0,002,COOK,MILLER,122.00,E,N,A,-,N,,,,,,,,,,Y,4,0,1,3,A,-,01,23152,B,N,A,E,A,A,H,-,C,D,0,,,,,Y,Y,A,01,0,0,1,0,0,0,0,0,0,"- ","- ",,,"SANTA BARBARA","SANTA MARIA",-120.43106303,34.949892830000003
6882892,2015,2016-09-13,9760,2015-03-12,1819,18754,,4,2,9,4200,0,1,3,,1,014,"RT 192","FOOTHILL RD",2640.00,N,N,A,-,Y,SB,5,192,-,-,12.570,H,-,W,Y,4,0,1,1,A,-,08,22107,,N,E,A,A,A,H,-,A,D,0,,,Y,,Y,,C,02,0,0,1,0,0,0,0,0,1,"- ","- ",34.433630000000001,-119.57078,"SANTA BARBARA",UNINCORPORATED,-119.57092195,34.43366967
6837049,2015,2016-10-28,9760,2015-02-08,1615,18019,,7,2,4,4214,0,1,2,,1,030,"RT 101","FAIRVIEW AV",2402.00,N,N,B,-,Y,SB,5,101,-,-,22.990,H,-,N,Y,2,0,1,2,A,-,01,23152,A,N,E,I,A,A,H,-,B,D,1,,,,,Y,Y,A,01,1,0,0,0,0,0,0,0,0,"- ","- ",34.438450000000003,-119.84546,"SANTA BARBARA",GOLETA,-119.84036952,34.438892160000002
6837053,2015,2016-10-28,9760,2015-02-16,0303,20029,,1,3,9,4200,0,1,2,,2,011,"RT 101","CABRILLO BL",38.00,S,N,A,-,Y,SB,5,101,-,-,11.420,H,-,N,Y,3,0,1,1,A,-,08,22107,,N,E,I,A,A,H,-,D,D,1,,,,,Y,,A,01,0,1,0,0,0,0,0,0,0,"- ","- ",34.42248,-119.65348,"SANTA BARBARA",UNINCORPORATED,-119.65454822,34.422829210000003
6837067,2015,2015-03-16,9760,2015-02-13,2225,20908,,5,3,9,4200,0,3,5,,2,002,"PATTERSON AV","CALLE REAL",0.00,,Y,A,-,N,,,,,,,,,,Y,4,0,1,2,A,-,09,21453,C,N,A,C,A,A,H,-,C,A,0,,,,,Y,,A,08,0,0,1,0,0,0,0,0,0,"- ","- ",34.443640000000002,-119.80844,"SANTA BARBARA",UNINCORPORATED,-119.80817,34.443630059999997
6837071,2015,2016-02-17,9760,2015-02-19,1910,17314,,4,2,9,4200,0,3,5,,2,005,"EMBARCADERO DEL MAR","PICASSO RD",0.00,,Y,A,-,N,,,,,,,,,,N,4,0,1,2,A,-,12,22450,A,N,D,C,A,A,H,-,E,D,0,,Y,,,Y,,L,04,0,0,1,0,0,0,1,0,0,"- ","- ",34.41516,-119.85718,"SANTA BARBARA",UNINCORPORATED,-119.85701994999999,34.415100099999997
6837075,2015,2015-03-16,4200,2015-02-11,1429,3683,14,3,5,4,4214,0,0,0,,0,050,"N FAIRVIEW AV","SHIRRELL WY",0.00,,Y,A,-,N,,,,,,,,,,Y,3,0,2,3,A,-,01,23152,A,N,A,C,A,A,A,-,A,D,0,,,,,Y,Y,A,01,0,1,1,0,0,0,0,0,0,"- ","- ",,,"SANTA BARBARA",GOLETA,-119.83065997,34.444080059999997
6837500,2015,2016-02-17,9760,2015-02-27,1500,17674,,5,2,9,4200,0,3,5,,2,005,"STORKE RD","EL COLEGIO RD",200.00,N,N,A,-,N,,,,,,,,,,N,4,0,1,2,A,-,03,22350,,N,C,C,A,A,H,-,A,A,0,,,,,Y,,A,01,0,0,1,0,0,0,0,0,0,"- ","- ",34.417879999999997,-119.86973,"SANTA BARBARA",UNINCORPORATED,-119.86978000000001,34.417898909999998
6837504,2015,2015-03-19,9760,2015-02-24,1825,18431,,2,2,9,4200,0,3,5,,2,005,"EMBARCADERO DEL NORTE","PARDALL RD",2.00,N,N,A,-,N,,,,,,,,,,N,3,0,1,2,A,-,09,21802,A,N,D,G,A,A,H,-,C,A,0,,Y,,,Y,,A,07,0,1,0,0,0,0,1,0,0,"- ","- ",34.413089999999997,-119.8553,"SANTA BARBARA",UNINCORPORATED,-119.85538987,34.413095490000003