CASE_ID,ACCIDENT_YEAR,PROC_DATE,JURIS,COLLISION_DATE,COLLISION_TIME,OFFICER_ID,REPORTING_DISTRICT,DAY_OF_WEEK,CHP_SHIFT,POPULATION,CNTY_CITY_LOC,SPECIAL_COND,BEAT_TYPE,CHP_BEAT_TYPE,CITY_DIVISION_LAPD,CHP_BEAT_CLASS,BEAT_NUMBER,PRIMARY_RD,SECONDARY_RD,DISTANCE,DIRECTION,INTERSECTION,WEATHER_1,WEATHER_2,STATE_HWY_IND,CALTRANS_COUNTY,CALTRANS_DISTRICT,STATE_ROUTE,ROUTE_SUFFIX,POSTMILE_PREFIX,POSTMILE,LOCATION_TYPE,RAMP_INTERSECTION,SIDE_OF_HWY,TOW_AWAY,COLLISION_SEVERITY,NUMBER_KILLED,NUMBER_INJURED,PARTY_COUNT,PRIMARY_COLL_FACTOR,PCF_CODE_OF_VIOL,PCF_VIOL_CATEGORY,PCF_VIOLATION,PCF_VIOL_SUBSECTION,HIT_AND_RUN,TYPE_OF_COLLISION,MVIW,PED_ACTION,ROAD_SURFACE,ROAD_COND_1,ROAD_COND_2,LIGHTING,CONTROL_DEVICE,CHP_ROAD_TYPE,PEDESTRIAN_ACCIDENT,BICYCLE_ACCIDENT,MOTORCYCLE_ACCIDENT,TRUCK_ACCIDENT,NOT_PRIVATE_PROPERTY,ALCOHOL_INVOLVED,STWD_VEHTYPE_AT_FAULT,CHP_VEHTYPE_AT_FAULT,COUNT_SEVERE_INJ,COUNT_VISIBLE_INJ,COUNT_COMPLAINT_PAIN,COUNT_PED_KILLED,COUNT_PED_INJURED,COUNT_BICYCLIST_KILLED,COUNT_BICYCLIST_INJURED,COUNT_MC_KILLED,COUNT_MC_INJURED,PRIMARY_RAMP,SECONDARY_RAMP,LATITUDE,LONGITUDE,COUNTY,CITY,POINT_X,POINT_Y
6837508,2015,2016-02-17,9760,2015-02-05,0753,17603,,4,1,9,4200,0,2,4,,2,026,"CATHEDRAL OAKS","POINSETTIA WY",500.00,W,N,A,-,N,,,,,,,,,,N,3,0,1,2,A,-,08,22107,,N,C,G,A,A,H,-,A,D,0,,Y,,,Y,,A,01,0,1,0,0,0,0,1,0,0,"- ","- ",34.277000000000001,-119.48180000000001,"SANTA BARBARA",UNINCORPORATED,-119.80496075000001,34.45199607
6837512,2015,2015-03-19,4200,2015-02-20,1636,3116,14,5,5,4,4214,0,0,0,,0,050,"FAIRVIEW AV","CALLE REAL",140.00,N,N,A,-,N,,,,,,,,,,Y,4,0,1,2,A,-,09,21804,A,N,D,C,A,A,H,-,A,D,0,,,,,Y,,A,01,0,0,1,0,0,0,0,0,0,"- ","- ",,,"SANTA BARBARA",GOLETA,-119.83064806,34.442034300000003
6837601,2015,2015-03-17,9750,2015-02-23,0735,016170,,1,1,9,4200,0,2,4,,1,024,"CLARK AV","OAK KNOLL CTR",190.00,E,N,A,-,N,,,,,,,,,,,4,0,1,2,A,-,08,22107,,N,H,G,A,A,H,-,A,D,0,,Y,,,Y,,A,01,0,0,1,0,0,0,1,0,0,"- ","- ",34.864910000000002,-120.41585000000001,"SANTA BARBARA",UNINCORPORATED,-120.41603696,34.865049910000003
6837652,2015,2016-09-13,9750,2015-02-23,1320,014358,,1,1,9,4200,0,1,3,,1,064,"RT 166","ALISO CANYON RD",1056.00,E,N,A,-,Y,SB,5,166,-,-,62.060,H,-,W,Y,3,0,2,1,A,-,01,23152,A,N,F,A,A,A,H,-,A,D,0,,,,,Y,Y,A,01,0,2,0,0,0,0,0,0,0,"- ","- ",34.9651,-119.72544000000001,"SANTA BARBARA",UNINCORPORATED,-119.72564244,34.965031060000001
6875763,2015,2015-04-14,4202,2015-03-24,0800,292,,2,5,4,4202,0,0,0,,0,,"LAUREL AV","M ST",0.00,,Y,A,-,N,,,,,,,,,,Y,3,0,2,2,A,-,09,21801,A,N,D,C,A,A,H,-,A,A,0,,,,,Y,,A,01,0,1,1,0,0,0,0,0,0,"- ","- ",,,"SANTA BARBARA",LOMPOC,-120.46418997000001,34.643880060000001
6875824,2015,2015-04-23,4204,2015-03-28,1528,90274,13,6,5,5,4204,0,0,0,,0,001,"SUNSET AV","RAILROAD AV",0.00,,Y,A,-,N,,,,,,,,,,N,4,0,2,2,A,-,03,22350,,N,C,C,A,A,H,-,A,A,0,,,,,Y,,A,01,0,0,2,0,0,0,0,0,0,"- ","- ",,,"SANTA BARBARA","SANTA MARIA",-120.44448988000001,34.965500069999997
6875866,2015,2015-04-14,4200,2015-03-13,1459,3116,14,5,5,4,4214,0,0,0,,0,060,"PATTERSON AV","DEBBIE RD",279.00,S,N,A,-,N,,,,,,,,,,Y,4,0,4,2,A,-,09,21801,A,N,D,C,A,A,H,-,A,D,0,,,,,Y,,A,07,0,0,4,0,0,0,0,0,0,"- ","- ",,,"SANTA BARBARA",GOLETA,-119.80884091,34.437247739999997
6875870,2015,2015-04-14,4200,2015-03-06,1404,3116,14,5,5,4,4214,0,0,0,,0,050,"CALLE REAL","ENCINA RD",517.00,E,N,A,-,N,,,,,,,,,,Y,4,0,1,2,A,-,03,22350,,N,C,C,A,A,H,-,A,D,0,,,,,Y,,A,01,0,0,1,0,0,0,0,0,0,"- ","- ",,,"SANTA BARBARA",GOLETA,-119.82602204,34.44136598
6875874,2015,2015-04-14,4200,2015-03-05,1815,4658,14,4,5,4,4214,0,0,0,,0,050,"CALLE REAL","VALDEZ AV",0.00,,Y,A,-,N,,,,,,,,,,N,4,0,1,2,A,-,09,21802,A,N,D,G,A,A,D,E,B,A,0,,Y,,,Y,,A,01,0,0,1,0,0,0,1,0,0,"- ","- ",,,"SANTA BARBARA",GOLETA,-119.83768999999999,34.439300070000002
6875911,2015,2015-04-14,9750,2015-03-26,1630,016354,,4,2,9,4200,0,3,5,,2,030,"PALMER RD","CAT CANYON RD",681.00,E,N,A,-,N,,,,,,,,,,Y,4,0,1,1,A,-,03,22350,,N,E,I,A,A,H,-,A,D,0,,,Y,,Y,,C,02,0,0,1,0,0,0,0,0,1,"- ","- ",34.840240000000001,-120.30406000000001,"SANTA BARBARA",UNINCORPORATED,-120.30426616,34.839975750000001
6875915,2015,2015-04-14,9750,2015-03-23,1350,12697,,1,1,9,4200,0,3,5,,2,020,"ATHERLY LN","DOWNING LN",91.00,N,N,A,-,N,,,,,,,,,,N,2,0,1,2,A,-,03,22350,,N,C,E,A,A,H,-,A,D,0,,,Y,,Y,Y,C,03,1,0,0,0,0,0,0,0,1,"- ","- ",34.902450000000002,-120.43044,"SANTA BARBARA",UNINCORPORATED,-120.43048438,34.902377260000002
6876882,2015,2017-01-05,4203,2015-04-11,1116,6378,,6,5,5,4203,0,0,0,,0,002,"RT 101","CASTILLO ST",36.00,W,N,A,-,Y,SB,5,101,-,R,14.340,R,1,S,N,3,0,1,1,A,-,03,22350,,N,H,A,A,B,A,-,A,A,0,,,,,Y,,-,,0,1,0,0,0,0,0,0,0,SF,"- ",34.24427,-119.41561,"SANTA BARBARA","SANTA BARBARA",-119.70202696,34.412495569999997
6876886,2015,2015-04-28,4203,2015-04-11,1932,7187,,6,5,5,4203,0,0,0,,0,003,"GARDEN ST","VICTORIA ST",135.00,N,N,A,-,N,,,,,,,,,,N,3,0,1,2,A,-,17,21200,,N,C,E,A,A,H,-,B,D,0,,Y,,,Y,Y,L,04,0,1,0,0,0,0,1,0,0,"- ","- ",34.428199999999997,-119.70329,"SANTA BARBARA","SANTA BARBARA",-119.7027037,34.427715829999997
6876890,2015,2015-04-28,4203,2015-04-07,1315,4732,,2,5,5,4203,0,0,0,,0,001,"MILPAS ST","CARRILLO ST",0.00,,Y,C,-,N,,,,,,,,,,Y,4,0,2,2,A,-,08,22107,,N,D,C,A,B,H,-,A,D,0,,,,,Y,,-,,0,0,2,0,0,0,0,0,0,"- ","- ",34.255099999999999,-119.413,"SANTA BARBARA","SANTA BARBARA",-119.69172987,34.430990100000002
6876898,2015,2015-04-28,4203,2015-04-09,1814,4937,,4,5,5,4203,0,0,0,,0,001,"COTA ST","SALSIPUEDES ST",0.00,,Y,A,-,N,,,,,,,,,,N,3,0,1,2,A,-,09,21801,A,N,A,C,A,A,H,-,A,D,0,,,,,Y,,-,,0,1,0,0,0,0,0,0,0,"- ","- ",34.252600000000001,-119.4123,"SANTA BARBARA","SANTA BARBARA",-119.68998995,34.424100080000002
6837708,2015,2016-09-13,4204,2015-02-13,1428,23471,75,5,5,5,4204,0,0,0,,0,003,BROADWAY,"NEWLOVE DR",0.00,,Y,A,-,Y,SB,5,135,-,-,14.170,I,5,S,N,4,0,1,2,A,-,12,21453,A,N,-,C,A,A,H,-,A,A,0,,,,,Y,,A,01,0,0,1,0,0,0,0,0,0,"- ","- ",,,"SANTA BARBARA","SANTA MARIA",-120.43612562,34.92988682
6894687,2015,2015-05-01,9755,2015-04-07,1605,015973,,2,2,9,4200,0,3,5,,2,050,"SIRIUS AV","ANTARES AV",160.00,S,N,B,-,N,,,,,,,,,,N,4,0,1,2,A,-,21,22106,,N,B,C,A,A,H,-,A,D,0,,,,,Y,,A,01,0,0,1,0,0,0,0,0,0,"- ","- ",34.704590000000003,-120.4696,"SANTA BARBARA",UNINCORPORATED,-120.46953591,34.704389460000002
6894691,2015,2017-01-06,9755,2015-04-11,1533,017910,,6,2,9,4200,0,1,3,,1,042,"RT 154","RT 246",0.00,,Y,A,-,Y,SB,5,154,-,R,8.110,R,1,E,N,4,0,2,2,A,-,03,22350,,N,C,C,A,A,H,-,A,A,0,,,,,Y,,A,01,0,0,2,0,0,0,0,0,0,"- ","- ",34.610399999999998,-120.0558,"SANTA BARBARA",UNINCORPORATED,-120.05525613,34.610546990000003
6894715,2015,2017-01-05,9750,2015-04-06,0110,017267,,1,3,9,4200,0,1,2,,2,002,"RT 101","CLARK AV",15312.00,S,N,B,-,Y,SB,5,101,-,-,79.280,H,-,N,Y,2,0,2,1,A,-,01,23152,A,N,E,I,A,A,H,-,D,D,1,,,,,Y,Y,A,01,2,0,0,0,0,0,0,0,0,"- ","- ",34.831130000000002,-120.36557000000001,"SANTA BARBARA",UNINCORPORATED,-120.36589771,34.831426620000002
6894766,2015,2015-09-08,4200,2015-03-16,0059,4652,14,1,5,4,4214,0,0,0,,0,080,"PLACER DR","TUOLUMNE DR",166.00,N,N,A,-,N,,,,,,,,,,Y,4,0,1,2,A,-,01,23152,A,M,C,E,A,A,H,-,C,D,0,,,,,Y,Y,A,01,0,0,1,0,0,0,0,0,0,"- ","- ",,,"SANTA BARBARA",GOLETA,-119.88335728,34.435734789999998
6894793,2015,2015-05-11,4203,2015-04-06,1712,7187,,1,5,5,4203,0,0,0,,0,004,"CHAPALA ST","ANAPAMU ST",60.00,S,N,A,-,N,,,,,,,,,,Y,4,0,1,2,A,-,07,21658,A,N,B,C,A,A,H,-,A,A,0,,,,,Y,,-,,0,0,1,0,0,0,0,0,0,"- ","- ",34.422080000000001,-119.70535,"SANTA BARBARA","SANTA BARBARA",-119.70542586000001,34.422195960000003
6894797,2015,2015-05-20,4203,2015-04-09,1132,6700,33,4,5,5,4203,0,0,0,,0,004,"MICHELTORENA ST","CASTILLO ST",0.00,,Y,A,-,N,,,,,,,,,,Y,4,0,1,2,A,-,12,21453,A,N,D,C,A,A,H,-,A,A,0,,,,,Y,,A,01,0,0,1,0,0,0,0,0,0,"- ","- ",,,"SANTA BARBARA","SANTA BARBARA",-119.71274997,34.42197007
6895791,2015,2015-05-15,4203,2015-04-11,1342,,,6,5,5,4203,0,0,0,,0,,"N A ST","E LAUREL AV",0.00,,Y,A,-,N,,,,,,,,,,N,4,0,1,1,A,-,17,21461,A,N,E,I,A,A,H,-,A,A,0,,,,,Y,Y,A,01,0,0,1,0,0,0,0,0,0,"- ","- ",,,"SANTA BARBARA","SANTA BARBARA",-120.44894995,34.644110019999999
6895807,2015,2016-09-28,4202,2015-04-11,1131,,,6,5,4,4202,0,0,0,,0,,"RT 1","GEORGE MILLER DR",1056.00,N,N,A,-,Y,SB,5,1,-,-,22.660,H,-,N,N,4,0,2,2,A,-,04,21703,,N,C,C,A,A,H,-,A,D,0,,,,,Y,,A,01,0,0,2,0,0,0,0,0,0,"- ","- ",,,"SANTA BARBARA",LOMPOC,-120.45755418,34.669329079999997
6895811,2015,2015-05-15,4202,2015-04-10,0819,239,,5,5,4,4202,0,0,0,,0,008,"COLLEGE AV","LUPINE ST",0.00,,Y,A,-,N,,,,,,,,,,N,2,0,1,2,A,-,11,21954,A,N,G,B,B,A,H,-,A,A,0,Y,,,,Y,,N,60,1,0,0,0,1,0,0,0,0,"- ","- ",,,"SANTA BARBARA",LOMPOC,-120.44413994,34.646900029999998
6895835,2015,2015-05-18,4202,2015-04-03,1714,239,LOMPO,5,5,4,4202,0,0,0,,0,009,"CENTRAL AV","V ST",0.00,,Y,A,-,N,,,,,,,,,,Y,4,0,1,2,A,-,09,21453,C,N,A,C,A,A,H,-,A,A,0,,,,,Y,,A,01,0,0,1,0,0,0,0,0,0,"- ","- ",,,"SANTA BARBARA",LOMPOC,-120.4752199,34.660990040000001
6876902,2015,2015-05-14,4203,2015-04-13,1546,6972,,1,5,5,4203,0,0,0,,0,003,"SANTA BARBARA ST","E SOLA ST",0.00,,Y,A,-,N,,,,,,,,,,Y,4,0,1,3,A,-,09,21802,A,N,D,C,A,A,H,-,A,A,0,,,,,Y,,-,,0,0,1,0,0,0,0,0,0,"- ","- ",34.253830000000001,-119.42166,"SANTA BARBARA","SANTA BARBARA",-119.70474986000001,34.427390070000001
6876906,2015,2015-05-07,4203,2015-04-09,1645,1497,4203,4,5,5,4203,0,0,0,,0,004,"HALEY ST","BATH ST",176.00,W,N,A,-,N,,,,,,,,,,Y,3,0,1,2,A,-,09,21804,A,N,D,C,A,A,H,-,A,D,0,,,,,Y,,-,,0,1,0,0,0,0,0,0,0,"- ","- ",35.253,-119.4204,"SANTA BARBARA","SANTA BARBARA",-119.69930792,34.413249309999998
6876910,2015,2015-04-28,4203,2015-04-13,1505,6700,55,1,5,5,4203,0,0,0,,0,005,"LA CUMBRE RD","CALLE REAL",233.00,N,N,A,-,N,,,,,,,,,,Y,4,0,2,2,A,-,09,21801,A,N,A,C,A,A,H,-,A,D,0,,,,,Y,,A,01,0,0,2,0,0,0,0,0,0,"- ","- ",34.261650000000003,-119.45225000000001,"SANTA BARBARA","SANTA BARBARA",-119.75062473,34.437770749999999
6876914,2015,2015-05-14,4203,2015-04-12,1419,6378,,7,5,5,4203,0,0,0,,0,002,"S MILPAS ST","CACIQUE ST",155.00,N,N,A,-,N,,,,,,,,,,N,3,0,2,2,D,-,00,,,F,B,C,A,A,H,-,A,-,0,,,,,Y,,-,"- ",0,2,0,0,0,0,0,0,0,"- ","- ",34.254240000000003,-119.40365,"SANTA BARBARA","SANTA BARBARA",-119.67673859999999,34.420048209999997
6876918,2015,2015-04-28,4203,2015-04-14,1820,7570,28,2,5,5,4203,0,0,0,,0,006,"MODOC RD","PALERMO DR",0.00,,Y,A,-,N,,,,,,,,,,N,3,0,1,2,A,-,09,21801,A,N,D,G,A,A,H,-,A,D,0,,Y,,,Y,,A,01,0,1,0,0,0,0,1,0,0,"- ","- ",34.429119999999998,-119.74243,"SANTA BARBARA","SANTA BARBARA",-119.74235999,34.429350059999997
6876922,2015,2015-04-28,4203,2015-04-15,2126,3597,,3,5,5,4203,0,0,0,,0,003,"CARRILLO ST","ANACAPA ST",99.00,E,N,A,-,N,,,,,,,,,,Y,4,0,2,2,D,-,00,,,M,C,E,A,A,H,-,C,D,0,,,,,Y,Y,-,"- ",0,0,2,0,0,0,0,0,0,"- ","- ",34.252220000000001,-119.4203,"SANTA BARBARA","SANTA BARBARA",-119.70050603999999,34.422806039999998
6876930,2015,2016-06-01,4203,2015-04-15,0621,6374,,3,5,5,4203,0,0,0,,0,005,"CALLE REAL","STATE ST",2.00,S,N,B,-,N,,,,,,,,,,N,3,0,1,1,A,-,08,22107,,N,H,A,A,A,H,-,A,A,0,,,,,Y,,-,,0,1,0,0,0,0,0,0,0,"- ","- ",34.262900000000002,-114.4521,"SANTA BARBARA","SANTA BARBARA",-119.75418000000001,34.440420000000003
6876942,2015,2015-04-28,4203,2015-04-11,1834,3597,,6,5,5,4203,0,0,0,,0,002,"GUTIERREZ ST","RANCHERIA ST",280.00,W,N,A,-,N,,,,,,,,,,Y,3,0,2,3,A,-,08,22107,,N,D,C,A,A,H,-,A,D,0,,,,,Y,,-,,0,1,1,0,0,0,0,0,0,"- ","- ",34.243670000000002,-119.42008,"SANTA BARBARA","SANTA BARBARA",-119.70041863,34.40999274
6877466,2015,2015-04-14,9750,2015-03-20,1100,013267,,5,1,9,4200,0,3,5,,2,030,"FOXEN CANYON RD","ALISOS CANYON RD",3168.00,S,N,A,-,N,,,,,,,,,,N,2,0,1,1,A,-,03,22350,,N,F,A,A,A,G,-,A,D,0,,Y,,,Y,,L,04,1,0,0,0,0,0,1,0,0,"- ","- ",34.775489999999998,-120.14427000000001,"SANTA BARBARA",UNINCORPORATED,-120.14542964,34.775779440000001
6877476,2015,2016-09-16,4202,2015-03-12,0800,239,LOMPO,4,5,4,4202,0,0,0,,0,002,"RT 1","BRISA DEL MAR",365.00,S,N,A,-,Y,SB,5,1,-,-,23.030,H,-,N,Y,3,0,2,3,A,-,03,22350,,N,C,C,A,A,H,-,A,D,0,,,,,Y,,A,07,0,1,1,0,0,0,0,0,0,"- ","- ",,,"SANTA BARBARA",LOMPOC,-120.45691755999999,34.674689649999998
6878200,2015,2016-02-17,4203,2015-03-27,1730,6969,,5,5,5,4203,0,0,0,,0,001,"NOPAL ST","CANON PERDIDO",0.00,,Y,A,-,N,,,,,,,,,,Y,4,0,1,3,A,-,09,21802,A,N,D,C,A,A,H,-,A,-,0,,,,,Y,,-,,0,0,1,0,0,0,0,0,0,"- ","- ",34.252899999999997,-119.42449999999999,"SANTA BARBARA","SANTA BARBARA",-119.69156999,34.428990040000002
6896727,2015,2015-05-15,4200,2015-04-23,0817,3284,6,4,5,2,4206,0,0,0,,0,,"ALAMO PINTADO RD","VIBORG RD",3.00,N,N,B,-,N,,,,,,,,,,N,3,0,1,2,A,-,10,21950,A,N,G,B,B,A,H,-,A,A,0,Y,,,,Y,,D,22,0,1,0,0,1,0,0,0,0,"- ","- ",,,"SANTA BARBARA",SOLVANG,-120.12831557,34.602727379999997
6896867,2015,2015-05-13,4204,2015-03-24,1705,90268,68,2,5,5,4204,0,0,0,,0,003,"BATTLES RD",MCCLELLAND,100.00,E,N,A,-,N,,,,,,,,,,N,4,0,1,2,D,-,00,,,N,C,G,A,A,H,-,A,D,0,,Y,,,Y,,-,"- ",0,0,1,0,0,0,1,0,0,"- ","- ",,,"SANTA BARBARA","SANTA MARIA",-120.43456651,34.931466800000003
6898215,2015,2015-05-04,4204,2015-04-16,1239,90346,68,4,5,5,4204,0,0,0,,0,002,MILLER,"PLAZA DR",0.00,,Y,A,-,N,,,,,,,,,,Y,4,0,1,2,A,-,09,21802,A,N,D,C,A,A,H,-,A,A,0,,,,,Y,,A,01,0,0,1,0,0,0,0,0,0,"- ","- ",,,"SANTA BARBARA","SANTA MARIA",-120.43158988,34.937350080000002
6898216,2015,2016-10-12,4204,2015-04-16,2150,90276,,4,5,5,4204,0,0,0,,0,B03,BROADWAY,"BATTLES RD",0.00,,Y,A,-,Y,SB,5,135,-,-,14.280,I,5,S,Y,4,0,2,2,A,-,12,21453,A,N,D,C,A,A,H,-,C,A,0,,,,,Y,,A,01,0,0,2,0,0,0,0,0,0,"- ","- ",,,"SANTA BARBARA","SANTA MARIA",-120.43611782000001,34.931467929999997
6898222,2015,2015-05-04,4204,2015-04-15,1644,18261,92,3,5,5,4204,0,0,0,,0,003,"COLLEGE DR","FIREFOX DR",45.00,S,N,A,-,N,,,,,,,,,,Y,4,0,4,3,A,-,03,22350,,N,C,C,A,A,H,-,A,D,0,,,,,Y,,A,01,0,0,4,0,0,0,0,0,0,"- ","- ",,,"SANTA BARBARA","SANTA MARIA",-120.42230524999999,34.904902030000002
6898223,2015,2015-05-04,4204,2015-04-11,1137,90139,56,6,5,5,4204,0,0,0,,0,002,"MORRISON AV",PINE,0.00,,Y,A,-,N,,,,,,,,,,N,4,0,1,2,A,-,09,21801,A,N,A,C,A,A,H,-,A,D,0,,,,,Y,,A,01,0,0,1,0,0,0,0,0,0,"- ","- ",,,"SANTA BARBARA","SANTA MARIA",-120.43911995000001,34.943120110000002
6898721,2015,2015-05-06,4203,2015-04-03,1221,2661,,5,5,5,4203,0,0,0,,0,004,"CHAPALA ST","CANON PEROSDA ST",0.00,,Y,A,-,N,,,,,,,,,,Y,3,0,1,2,A,-,09,21801,A,N,A,C,A,A,H,-,A,A,0,,,,,Y,,-,,0,1,0,0,0,0,0,0,0,"- ","- ",34.259,-119.426,"SANTA BARBARA","SANTA BARBARA",-119.70169997000001,34.419510039999999
6898729,2015,2015-05-06,4203,2015-04-09,0926,6700,11,4,5,5,4203,0,0,0,,0,002,"CALLE PUERTO VALLARTA","CABRILLO BL",210.00,E,N,B,-,N,,,,,,,,,,Y,3,0,1,1,A,-,03,22350,,N,-,A,A,A,H,-,A,D,0,,,Y,,Y,,C,02,0,1,0,0,0,0,0,0,1,"- ","- ",34.250369999999997,-119.40300999999999,"SANTA BARBARA","SANTA BARBARA",-119.67527,34.41619
6898733,2015,2015-05-06,4203,2015-04-08,1105,6700,40,3,5,5,4203,0,0,0,,0,003,"GUTIERREZ ST","STATE ST",40.00,E,N,A,-,N,,,,,,,,,,N,4,0,1,2,A,-,03,22350,,N,C,C,A,A,H,-,A,A,0,,,,,Y,,A,01,0,0,1,0,0,0,0,0,0,"- ","- ",34.245759999999997,-119.41387,"SANTA BARBARA","SANTA BARBARA",-119.69422,34.415869999999998
6898737,2015,2017-01-05,4203,2015-04-09,1910,7083,4203,4,5,5,4203,0,0,0,,0,004,"W MISSION ST","RT 101",8.00,E,N,A,-,Y,SB,5,101,-,R,15.860,R,4,N,N,4,0,1,2,A,-,03,22350,,N,C,C,A,A,H,-,C,D,0,,,,,Y,,A,01,0,0,1,0,0,0,0,0,0,"- ",NO,34.253300000000003,-119.4311,"SANTA BARBARA","SANTA BARBARA",-119.72218999,34.426047570000001
6898741,2015,2015-05-06,4203,2015-04-03,1237,2602,4203,5,5,5,4203,0,0,0,,0,003,"GUTIERREZ ST","GARDEN ST",75.00,W,N,A,-,N,,,,,,,,,,N,4,0,1,2,A,-,"- ",,,N,-,C,A,A,H,-,A,A,0,,,,,Y,,-,,0,0,1,0,0,0,0,0,0,"- ","- ",34.255000000000003,-119.413,"SANTA BARBARA","SANTA BARBARA",-119.69094593,34.418926730000003
6883399,2015,2015-04-21,4200,2015-04-05,1954,3933,6,7,5,2,4206,0,0,0,,0,,"ALAMO PINTADO RD","CREEKSIDE DR",9.00,N,N,A,-,N,,,,,,,,,,Y,4,0,1,2,A,-,08,22107,,N,E,I,A,A,H,-,C,D,0,,,,,Y,,A,01,0,0,1,0,0,0,0,0,0,"- ","- ",,,"SANTA BARBARA",SOLVANG,-120.12633515,34.60546145
6887477,2015,2017-01-09,9750,2015-04-04,1755,016354,,6,2,9,4200,0,1,3,,1,023,"RT 135","HELENA ST",159.00,N,N,A,-,Y,SB,5,135,-,-,0.450,H,-,S,Y,4,0,1,1,A,-,01,23152,A,N,F,A,A,A,H,-,A,D,0,,,Y,,Y,Y,C,06,0,0,1,0,0,0,0,0,1,"- ","- ",34.743949999999998,-120.27846,"SANTA BARBARA",UNINCORPORATED,-120.27826908999999,34.744032230000002
6887605,2015,2016-09-13,4204,2015-03-16,1646,90271,,1,5,5,4204,0,0,0,,0,003,"STOWELL RD",BROADWAY,0.00,,Y,A,-,Y,SB,5,135,-,-,14.780,I,6,N,Y,2,0,2,5,A,-,08,22107,,N,A,C,A,A,H,-,A,A,0,,,,Y,Y,,A,01,1,0,1,0,0,0,0,0,0,"- ","- ",,,"SANTA BARBARA","SANTA MARIA",-120.43594766,34.938498330000002
6887607,2015,2016-10-06,4204,2015-04-03,1058,90081,81,5,5,5,4204,0,0,0,,0,003,BROADWAY,"CARMEN LN",206.00,S,N,A,-,Y,SB,5,135,-,-,13.770,H,-,S,Y,4,0,1,2,A,-,03,22350,,N,C,C,A,A,H,-,A,D,0,,,,,Y,,A,01,0,0,1,0,0,0,0,0,0,"- ","- ",,,"SANTA BARBARA","SANTA MARIA",-120.43615026000001,34.92422354
6887747,2015,2015-04-27,4204,2015-04-01,0653,22104,03,3,5,5,4204,0,0,0,,0,075,"SAN MIGUEL","PLAYA BLANCA",0.00,,Y,A,-,N,,,,,,,,,,N,4,0,1,1,A,-,08,22107,,M,E,I,A,A,H,-,A,A,0,,,,,Y,,A,01,0,0,1,0,0,0,0,0,0,"- ","- ",,,"SANTA BARBARA","SANTA MARIA",-120.42884994000001,34.914970060000002
6887748,2015,2017-01-06,4204,2015-04-01,1320,22104,03,3,5,5,4204,0,0,0,,0,062,BROADWAY,"CAMINO COLEGIO S",6.00,N,N,A,-,Y,SB,5,135,-,-,14.950,H,-,S,Y,4,0,1,2,A,-,03,22350,,N,C,C,A,A,H,-,A,A,0,,,,,Y,,A,01,0,0,1,0,0,0,0,0,0,"- ","- ",,,"SANTA BARBARA","SANTA MARIA",-120.4360508,34.941103390000002
6887749,2015,2015-04-27,4204,2015-04-03,1822,90272,69,5,5,5,4204,0,0,0,,0,003,"COLLEGE DR","BATTLES RD",0.00,,Y,A,-,N,,,,,,,,,,Y,4,0,1,2,A,-,12,21453,,N,D,C,A,A,H,-,B,A,0,,,,,Y,,A,01,0,0,1,0,0,0,0,0,0,"- ","- ",,,"SANTA BARBARA","SANTA MARIA",-120.42493992999999,34.93134002
6887750,2015,2015-04-27,4204,2015-04-05,1039,23240,79,7,5,5,4204,0,0,0,,0,003,"MCCOY LN","THOMPSON WY",380.00,W,N,A,-,N,,,,,,,,,,Y,4,0,3,4,A,-,03,22350,,N,C,C,A,A,H,-,A,A,0,,,,,Y,,A,01,0,0,3,0,0,0,0,0,0,"- ","- ",,,"SANTA BARBARA","SANTA MARIA",-120.45900143,34.91614045
6888633,2015,2017-01-07,9755,2015-04-08,2025,18991,,3,2,9,4200,0,1,3,,1,053,"RT 246","PURISIMA RD",25.00,W,N,A,-,Y,SB,5,246,-,-,12.270,H,-,E,Y,3,0,1,1,A,-,03,22350,,N,E,I,A,A,H,-,C,A,0,,,,,Y,,D,22,0,1,0,0,0,0,0,0,0,"- ","- ",34.664589999999997,-120.40684,"SANTA BARBARA",UNINCORPORATED,-120.40759267,34.664552489999998
6889079,2015,2015-04-27,4204,2015-03-21,2231,90322,56,6,5,5,4204,0,0,0,,0,002,"MORRISON AV",SMITH,0.00,,Y,A,-,N,,,,,,,,,,Y,4,0,1,2,A,-,12,22450,A,N,D,C,A,A,H,-,C,D,0,,,,,Y,,A,01,0,0,1,0,0,0,0,0,0,"- ","- ",,,"SANTA BARBARA","SANTA MARIA",-120.44264986,34.943200019999999
6889107,2015,2015-04-27,4204,2015-03-29,0142,90271,SNPD,7,5,5,4204,0,0,0,,0,002,"WESTERN AV",BOONE,336.00,N,N,A,-,N,,,,,,,,,,Y,3,0,1,2,A,-,01,23152,B,N,F,E,A,A,H,-,C,D,0,,,,,Y,Y,A,01,0,1,0,0,0,0,0,0,0,"- ","- ",,,"SANTA BARBARA","SANTA MARIA",-120.44941736,34.947842829999999