CASE_ID,ACCIDENT_YEAR,PROC_DATE,JURIS,COLLISION_DATE,COLLISION_TIME,OFFICER_ID,REPORTING_DISTRICT,DAY_OF_WEEK,CHP_SHIFT,POPULATION,CNTY_CITY_LOC,SPECIAL_COND,BEAT_TYPE,CHP_BEAT_TYPE,CITY_DIVISION_LAPD,CHP_BEAT_CLASS,BEAT_NUMBER,PRIMARY_RD,SECONDARY_RD,DISTANCE,DIRECTION,INTERSECTION,WEATHER_1,WEATHER_2,STATE_HWY_IND,CALTRANS_COUNTY,CALTRANS_DISTRICT,STATE_ROUTE,ROUTE_SUFFIX,POSTMILE_PREFIX,POSTMILE,LOCATION_TYPE,RAMP_INTERSECTION,SIDE_OF_HWY,TOW_AWAY,COLLISION_SEVERITY,NUMBER_KILLED,NUMBER_INJURED,PARTY_COUNT,PRIMARY_COLL_FACTOR,PCF_CODE_OF_VIOL,PCF_VIOL_CATEGORY,PCF_VIOLATION,PCF_VIOL_SUBSECTION,HIT_AND_RUN,TYPE_OF_COLLISION,MVIW,PED_ACTION,ROAD_SURFACE,ROAD_COND_1,ROAD_COND_2,LIGHTING,CONTROL_DEVICE,CHP_ROAD_TYPE,PEDESTRIAN_ACCIDENT,BICYCLE_ACCIDENT,MOTORCYCLE_ACCIDENT,TRUCK_ACCIDENT,NOT_PRIVATE_PROPERTY,ALCOHOL_INVOLVED,STWD_VEHTYPE_AT_FAULT,CHP_VEHTYPE_AT_FAULT,COUNT_SEVERE_INJ,COUNT_VISIBLE_INJ,COUNT_COMPLAINT_PAIN,COUNT_PED_KILLED,COUNT_PED_INJURED,COUNT_BICYCLIST_KILLED,COUNT_BICYCLIST_INJURED,COUNT_MC_KILLED,COUNT_MC_INJURED,PRIMARY_RAMP,SECONDARY_RAMP,LATITUDE,LONGITUDE,COUNTY,CITY,POINT_X,POINT_Y
6878204,2015,2015-04-17,4203,2015-04-04,1402,0394,4203,6,5,5,4203,0,0,0,,0,006,"LAS POSITAS RD","LAS POSITAS PL",3.00,N,N,A,-,N,,,,,,,,,,Y,3,0,1,2,A,-,03,22350,,N,C,C,A,A,H,-,A,D,0,,,,,Y,,-,,0,1,0,0,0,0,0,0,0,"- ","- ",34.252139999999997,-119.44167,"SANTA BARBARA","SANTA BARBARA",-119.73792435,34.422636779999998
6878208,2015,2015-04-17,4203,2015-04-03,1427,6119,,5,5,5,4203,0,0,0,,0,004,"CANON PERDIDO ST","BATH ST",0.00,,Y,A,-,N,,,,,,,,,,Y,4,0,1,2,A,-,09,21802,A,N,D,C,A,-,H,-,A,A,0,,,,,Y,,-,,0,0,1,0,0,0,0,0,0,"- ","- ",34.417360000000002,-119.70398,"SANTA BARBARA","SANTA BARBARA",-119.70397989999999,34.417400100000002
6878220,2015,2015-04-16,4203,2015-03-27,0920,2661,,5,5,5,4203,0,0,0,,0,006,"CARRILLO ST","SAN ANDRES ST",58.00,E,N,A,-,N,,,,,,,,,,,4,0,2,2,A,-,03,22350,,N,C,C,A,A,H,-,A,A,0,,,,,Y,,-,,0,0,2,0,0,0,0,0,0,"- ","- ",34.245199999999997,-119.4238,"SANTA BARBARA","SANTA BARBARA",-119.71044320999999,34.41474736
6878224,2015,2015-05-13,4203,2015-03-26,1301,6700,41,4,5,5,4203,0,0,0,,0,004,"STATE ST","DE LA GUERRA ST",99.00,N,N,A,-,N,,,,,,,,,,N,3,0,1,3,A,-,17,22517,,N,D,G,A,A,H,-,A,D,0,,Y,,Y,Y,,F,26,0,1,0,0,0,0,1,0,0,"- ","- ",34.251170000000002,-119.41594000000001,"SANTA BARBARA","SANTA BARBARA",-119.69977424,34.419921440000003
6878330,2015,2015-04-15,4203,2015-03-30,1214,7774,,1,5,5,4203,0,0,0,,0,002,"SHORELINE DR","LOMA ALTA DR",0.00,,Y,A,-,N,,,,,,,,,,N,4,0,1,2,A,-,08,22107,,N,B,G,A,A,H,-,A,A,0,,Y,,,Y,,A,01,0,0,1,0,0,0,1,0,0,"- ","- ",34.241120000000002,-119.41522000000001,"SANTA BARBARA","SANTA BARBARA",-119.69773995,34.403200040000002
6878334,2015,2015-04-18,4203,2015-03-31,1500,4732,,2,5,5,4203,0,0,0,,0,004,"CHAPALA ST","CANON PERDIDO ST",37.00,S,N,A,-,N,,,,,,,,,,N,4,0,1,2,D,-,00,,,F,C,C,A,A,H,-,-,A,0,,,,,Y,,-,"- ",0,0,1,0,0,0,0,0,0,"- ","- ",34.250999999999998,-119.426,"SANTA BARBARA","SANTA BARBARA",-119.70160976,34.419441239999998
6878338,2015,2015-05-14,4203,2015-03-21,1028,7193,,6,5,5,4203,0,0,0,,0,005,"TYE RD","FOOTHILL RD",0.00,,Y,B,-,N,,,,,,,,,,N,4,0,1,2,A,-,03,22350,,N,C,C,A,A,H,-,A,A,0,,,,,Y,,-,,0,0,1,0,0,0,0,0,0,"- ","- ",39.269889999999997,-119.43276,"SANTA BARBARA","SANTA BARBARA",-119.71972993999999,34.446600109999999
6878545,2015,2015-09-28,4203,2015-03-31,1453,2661,,2,5,5,4203,0,0,0,,0,054,"CALLE REAL","HITCHCOCK WY",0.00,,Y,A,-,N,,,,,,,,,,N,4,0,1,3,D,-,00,,,N,B,C,A,A,H,-,A,A,0,,,,,Y,,-,"- ",0,0,1,0,0,0,0,0,0,"- ","- ",34.255800000000001,-119.44459999999999,"SANTA BARBARA","SANTA BARBARA",-119.7464599,34.432920029999998
6878586,2015,2015-04-17,4203,2015-04-01,2103,5086,,3,5,5,4203,0,0,0,,0,003,"E VICTORIA ST","ANACAPA ST",0.00,,Y,A,-,N,,,,,,,,,,Y,4,0,2,2,A,-,"- ",,,N,D,C,A,A,H,-,C,A,0,,,,,Y,,-,,0,0,2,0,0,0,0,0,0,"- ","- ",34.424999999999997,-119.70489999999999,"SANTA BARBARA","SANTA BARBARA",-119.70453996000001,34.425430089999999
6878802,2015,2015-04-16,4203,2015-03-26,1453,6119,,4,5,5,4203,0,0,0,,0,002,"CARRILLO ST","SAN ANDRES ST",0.00,,Y,A,-,N,,,,,,,,,,N,3,0,1,2,A,-,12,21453,A,N,D,G,A,A,H,-,A,A,0,,Y,,,Y,,L,04,0,1,0,0,0,0,1,0,0,"- ","- ",34.414769999999997,-119.71068,"SANTA BARBARA","SANTA BARBARA",-119.71062990999999,34.414710059999997
6878870,2015,2015-04-16,9750,2015-03-28,1218,016714,,6,1,9,4200,0,2,4,,1,024,"BRADLEY RD","UNION VALLEY PKWY",49.00,S,N,A,-,N,,,,,,,,,,N,4,0,1,2,A,-,21,22106,,N,C,C,A,A,H,-,A,A,0,,,,,Y,,A,07,0,0,1,0,0,0,0,0,0,"- ","- ",34.879170000000002,-120.41866,"SANTA BARBARA",UNINCORPORATED,-120.41870553,34.879225490000003
6898745,2015,2015-05-06,4203,2015-04-09,1616,7189,,4,5,5,4203,0,0,0,,0,005,"STATE ST","E CONSTANCE AV",0.00,,Y,A,-,N,,,,,,,,,,Y,4,0,1,2,A,-,09,21802,A,N,B,C,A,-,H,-,A,D,0,,,,,Y,,A,01,0,0,1,0,0,0,0,0,0,"- ","- ",34.261099999999999,-119.43206000000001,"SANTA BARBARA","SANTA BARBARA",-119.72232990000001,34.436400089999999
6899167,2015,2016-10-28,4200,2015-03-07,1637,3865,14,6,5,4,4214,0,0,0,,0,050,"LOS CARNEROS RD","RT 101",0.00,,Y,A,-,Y,SB,5,101,-,-,23.900,R,4,N,Y,4,0,1,2,A,-,01,23152,A,N,A,C,A,A,D,-,A,A,0,,,,,Y,,A,01,0,0,1,0,0,0,0,0,0,"- ",NO,,,"SANTA BARBARA",GOLETA,-119.85613748,34.437255800000003
6899171,2015,2015-05-13,4200,2015-03-26,0122,4776,14,4,5,4,4214,0,0,0,,0,060,"MANDARIN DR","S FAIRVIEW AV",71.00,E,N,A,-,N,,,,,,,,,,N,4,0,1,2,A,-,03,22350,,N,B,E,A,A,H,-,C,D,0,,,,,Y,,A,01,0,0,1,0,0,0,0,0,0,"- ","- ",,,"SANTA BARBARA",GOLETA,-119.83041484,34.437523079999998
6899195,2015,2015-06-12,4200,2015-03-27,0752,3116,14,5,5,4,4214,0,0,0,,0,080,"HOLLISTER AV","PACIFIC OAKS RD",0.00,,Y,A,-,N,,,,,,,,,,Y,3,0,3,2,A,-,03,22350,,N,C,C,A,A,H,-,A,A,0,,,,,Y,,A,01,0,1,2,0,0,0,0,0,0,"- ","- ",,,"SANTA BARBARA",GOLETA,-119.87766997999999,34.430100099999997
6899619,2015,2015-05-08,9750,2015-04-16,0556,14820,,4,3,9,4200,0,3,5,,2,010,"BETTERAVIA RD","MAHONEY RD",0.00,,Y,A,-,N,,,,,,,,,,Y,3,0,3,2,A,-,09,21802,A,N,D,C,A,A,H,-,B,A,0,,,,,Y,,A,01,0,1,2,0,0,0,0,0,0,"- ","- ",34.920639999999999,-120.47519,"SANTA BARBARA",UNINCORPORATED,-120.47485998000001,34.920660060000003
6900962,2015,2015-05-14,4203,2015-04-21,1043,6700,44,2,5,5,4203,0,0,0,,0,003,"SANTA BARBARA ST","CANON PERDIDO ST",0.00,,Y,B,-,N,,,,,,,,,,Y,4,0,2,2,A,-,12,21453,A,N,D,C,A,A,H,-,A,A,0,,,,,Y,,A,07,0,0,2,0,0,0,0,0,0,"- ","- ",34.25215,-119.41540000000001,"SANTA BARBARA","SANTA BARBARA",-119.69829989,34.422650009999998
6901627,2015,2015-05-07,4203,2015-04-22,1054,2661,53,3,5,5,4203,0,0,0,,0,005,"STATE ST","LAS POSITAS RD",421.00,W,N,A,-,N,,,,,,,,,,Y,4,0,1,2,A,-,09,21804,A,N,D,C,A,A,H,-,A,D,0,,,,,Y,,-,,0,0,1,0,0,0,0,0,0,"- ","- ",34.2622,-119.447,"SANTA BARBARA","SANTA BARBARA",-119.73563430999999,34.440399999999997
6901631,2015,2015-05-07,4203,2015-04-23,1430,6700,31,4,5,5,4203,0,0,0,,0,004,"BATH ST","CARRILLO ST",70.00,S,N,B,-,N,,,,,,,,,,N,3,0,1,2,C,-,18,,,N,H,A,A,D,G,-,A,A,0,,,Y,,Y,,-,"- ",0,1,0,0,0,0,0,0,1,"- ","- ",34.255220000000001,-119.42186,"SANTA BARBARA","SANTA BARBARA",-119.70507538,34.418193510000002
6901635,2015,2015-05-07,4203,2015-04-17,1457,2661,42,5,5,5,4203,0,0,0,,0,004,"STATE ST","ARRELLAGA ST",188.00,N,N,A,-,N,,,,,,,,,,Y,4,0,2,3,A,-,03,22350,,N,C,C,A,A,H,-,A,A,0,,,,,Y,,-,,0,0,2,0,0,0,0,0,0,"- ","- ",34.253599999999999,-119.42359999999999,"SANTA BARBARA","SANTA BARBARA",-119.71005279000001,34.427445499999997
6901639,2015,2015-05-07,4203,2015-04-20,0804,6700,21,1,5,5,4203,0,0,0,,0,006,"CARRILLO ST","SAN PASCUAL ST",161.00,W,N,B,-,N,,,,,,,,,,Y,3,0,1,2,A,-,08,22107,,N,D,C,A,A,H,-,A,D,0,,,Y,,Y,,A,07,0,1,0,0,0,0,0,0,1,"- ","- ",34.245379999999997,-119.42349,"SANTA BARBARA","SANTA BARBARA",-119.70958924,34.414963880000002
6902594,2015,2017-01-09,9755,2015-04-24,1320,016058,,5,1,9,4200,0,1,3,,1,042,"RT 154","EDISON ST",0.00,,Y,B,-,Y,SB,5,154,-,R,5.918,I,5,E,Y,3,0,1,2,A,-,12,22450,A,N,D,C,A,A,H,-,A,A,0,,,,,Y,,A,01,0,1,0,0,0,0,0,0,0,"- ","- ",34.633629999999997,-120.08113,"SANTA BARBARA",UNINCORPORATED,-120.08097082,34.63364172
6902935,2015,2015-05-13,4203,2015-03-28,1030,6378,,6,5,5,4203,0,0,0,,0,002,"CLIFF DR","RANCHERIA ST",193.00,W,N,A,-,N,,,,,,,,,,N,3,0,1,2,D,-,00,,,N,H,A,A,A,H,-,A,A,0,,,,,Y,,-,"- ",0,1,0,0,0,0,0,0,0,"- ","- ",34.24335,-118.41555,"SANTA BARBARA","SANTA BARBARA",-119.69885056,34.40919865
6903005,2015,2017-01-09,4203,2015-04-05,1328,7587,,7,5,5,4203,0,0,0,,0,005,"RT 154","CALLE REAL",120.00,S,N,A,-,Y,SB,5,154,-,-,32.480,H,-,E,N,4,0,1,2,A,-,08,22107,,N,-,C,A,A,H,-,A,D,0,,,,,Y,,-,,0,0,1,0,0,0,0,0,0,"- ","- ",34.262860000000003,-119.45366,"SANTA BARBARA","SANTA BARBARA",-119.75780306,34.441413079999997
6903033,2015,2015-05-20,4204,2015-04-28,1431,22751,8,2,5,5,4204,0,0,0,,0,001,"DONOVAN RD","WESTERN AV W",0.00,,Y,A,-,N,,,,,,,,,,N,4,0,1,2,A,-,09,21801,A,N,D,C,A,A,H,-,A,D,0,,,,,Y,,A,07,0,0,1,0,0,0,0,0,0,"- ","- ",,,"SANTA BARBARA","SANTA MARIA",-120.44983994,34.967800109999999
6903037,2015,2015-05-20,4204,2015-04-27,1655,90278,47,1,5,5,4204,0,0,0,,0,002,CYPRESS,"EAST AV",0.00,,Y,A,-,N,,,,,,,,,,Y,4,0,1,2,A,-,12,22450,A,N,D,C,A,A,H,-,A,D,0,,,,,Y,,A,01,0,0,1,0,0,0,0,0,0,"- ","- ",,,"SANTA BARBARA","SANTA MARIA",-120.42692991,34.950920109999998
6903141,2015,2015-05-19,4200,2015-03-03,0720,3683,14,2,5,4,4214,0,0,0,,0,080,"DEL NORTE DR","ALAMEDA AV",354.00,E,N,A,-,N,,,,,,,,,,Y,4,0,1,2,A,-,09,21804,A,N,D,C,A,A,H,-,A,D,0,,,,,Y,,D,22,0,0,1,0,0,0,0,0,0,"- ","- ",,,"SANTA BARBARA",GOLETA,-119.87926804999999,34.436437990000002
6903251,2015,2015-05-20,4200,2015-03-12,1438,3683,14,4,5,4,4214,0,0,0,,0,050,"N FAIRVIEW AV","BERKELEY RD",12.00,N,N,A,-,N,,,,,,,,,,N,4,0,1,2,A,-,12,21453,A,N,H,G,A,A,H,-,A,A,0,,Y,,,Y,,D,22,0,0,1,0,0,0,1,0,0,"- ","- ",,,"SANTA BARBARA",GOLETA,-119.83065999999999,34.446252950000002
6903255,2015,2015-05-20,4200,2015-03-22,2019,4658,14,7,5,4,4214,0,0,0,,0,050,"CALLE REAL","FAIRVIEW AV",395.00,W,N,A,-,N,,,,,,,,,,N,4,0,1,2,A,-,03,22350,,N,D,C,A,A,H,-,C,D,0,,,Y,,Y,,C,02,0,0,1,0,0,0,0,0,1,"- ","- ",,,"SANTA BARBARA",GOLETA,-119.83173881,34.441118449999998
6903288,2015,2017-01-05,4200,2015-04-12,0912,4708,14,7,5,4,4214,0,0,0,,0,060,"PATTERSON AV","RT 101",0.00,,Y,A,-,Y,SB,5,101,-,-,21.250,R,1,S,Y,3,0,3,3,A,-,12,21453,A,N,D,C,A,A,H,-,A,A,0,,,,,Y,,A,01,0,1,2,0,0,0,0,0,0,"- ",SF,,,"SANTA BARBARA",GOLETA,-119.81015767,34.441822109999997
6903489,2015,2017-01-13,9760,2015-04-05,0440,020511,,7,3,5,4203,0,1,3,,1,014,"RT 192","MEADOW WOOD LN",500.00,N,N,A,-,Y,SB,5,192,-,-,7.800,H,-,E,Y,4,0,1,1,A,-,08,22107,,N,E,J,A,A,H,-,D,D,0,,,,,Y,,D,22,0,0,1,0,0,0,0,0,0,"- ","- ",34.437179999999998,-119.64877,"SANTA BARBARA","SANTA BARBARA",-119.64713069,34.435429130000003
6903497,2015,2015-06-16,9760,2015-04-03,0843,019292,,5,1,9,4200,0,3,5,,2,001,"LAS CANOAS RD","MISSION CANYON RD",3696.00,E,N,A,-,N,,,,,,,,,,N,4,0,1,2,A,-,03,22350,,N,G,B,E,A,H,-,A,D,0,Y,,,,Y,,D,22,0,0,1,0,1,0,0,0,0,"- ","- ",34.755110000000002,-119.70050999999999,"SANTA BARBARA",UNINCORPORATED,-119.69982564,34.455308600000002
6903509,2015,2016-09-13,9760,2015-03-29,1350,020211,,7,1,9,4200,0,1,3,,1,016,"RT 150","RINCON HILL RD",1056.00,E,N,A,-,Y,SB,5,150,-,-,0.700,H,-,W,Y,4,0,1,2,A,-,03,22350,,N,B,C,A,A,H,-,A,D,0,,,Y,,Y,,C,02,0,0,1,0,0,0,0,0,1,"- ","- ",34.385750000000002,-119.4709,"SANTA BARBARA",UNINCORPORATED,-119.47291975,34.38456798
6878944,2015,2016-10-03,4202,2015-03-26,1322,273,,4,5,4,4202,0,0,0,,0,,"RT 1","CENTRAL AV",621.00,N,N,A,-,Y,SB,5,1,-,-,22.190,H,-,S,Y,4,0,1,2,A,-,03,22350,,N,C,C,A,A,H,-,A,A,0,,,,,Y,,D,22,0,0,1,0,0,0,0,0,0,"- ","- ",,,"SANTA BARBARA",LOMPOC,-120.45781169,34.662566030000001
6879060,2015,2015-05-18,4202,2015-03-28,1806,ROBLES,,6,5,4,4202,0,0,0,,0,4202,"S L ST","W CYPRESS AV",0.00,,Y,A,F,N,,,,,,,,,,Y,4,0,1,2,A,-,09,21802,A,N,D,C,A,A,H,-,A,A,0,,,,,Y,,A,07,0,0,1,0,0,0,0,0,0,"- ","- ",,,"SANTA BARBARA",LOMPOC,-120.46301988,34.637350089999998
6879063,2015,2016-09-08,4202,2015-03-26,1628,22,LOMPO,4,5,4,4202,0,0,0,,0,014,"RT 246","D ST",0.00,,Y,A,-,Y,SB,5,1,-,-,20.240,H,-,N,N,4,0,3,2,A,-,03,22350,,N,C,C,A,A,H,-,A,A,0,,,,,Y,,A,01,0,0,3,0,0,0,0,0,0,"- ","- ",,,"SANTA BARBARA",LOMPOC,-120.45266955,34.638970530000002
6879283,2015,2016-09-28,4202,2015-04-06,1552,292,,1,5,4,4202,0,0,0,,0,,"RT 1","NORTH AV",294.00,S,N,A,-,Y,SB,5,1,-,-,21.500,H,-,N,N,3,0,1,2,A,-,03,22350,,N,C,C,A,A,H,-,A,A,0,,,,,Y,,A,01,0,1,0,0,0,0,0,0,0,"- ","- ",,,"SANTA BARBARA",LOMPOC,-120.45769231,34.652554199999997
6879299,2015,2015-04-16,4203,2015-04-01,1713,6969,,3,5,5,4203,0,0,0,,0,001,"OLIVE ST","FIGUEROA ST",20.00,S,N,A,-,N,,,,,,,,,,N,3,0,1,2,A,-,11,21950,B,N,G,B,D,A,H,-,A,D,0,Y,,,,Y,,N,60,0,1,0,0,1,0,0,0,0,"- ","- ",34.255899999999997,-119.4136,"SANTA BARBARA","SANTA BARBARA",-119.69743058,34.427743419999999
6879504,2015,2015-05-06,4200,2015-02-17,0805,2465,10,2,5,3,4205,0,0,0,,0,030,"CARPINTERIA AV","EUGENIA PL",0.00,,Y,A,-,N,,,,,,,,,,N,4,0,1,2,A,-,09,21800,A,N,D,G,A,A,H,-,A,D,0,,Y,,,Y,,L,04,0,0,1,0,0,0,1,0,0,"- ","- ",,,"SANTA BARBARA",CARPINTERIA,-119.51760998,34.398280040000003
6879652,2015,2015-04-20,4203,2015-03-28,0701,6119,,6,5,5,4203,0,0,0,,0,006,"LOMA ALTA","CORONEL PL",161.00,N,N,A,-,N,,,,,,,,,,Y,3,0,1,1,A,-,05,21650,,N,A,I,A,A,H,-,A,D,0,,,,,Y,,-,,0,1,0,0,0,0,0,0,0,"- ","- ",34.243000000000002,-119.42140000000001,"SANTA BARBARA","SANTA BARBARA",-119.70374977,34.408497420000003
6879737,2015,2015-05-14,4203,2015-03-31,2144,6970,,2,5,5,4203,0,0,0,,0,002,"W CANON PERDIDO ST","MARILLA AV",51.00,W,N,A,-,N,,,,,,,,,,Y,3,0,1,2,A,-,01,23152,A,M,A,D,A,A,H,-,C,D,0,,,,,Y,Y,-,,0,1,0,0,0,0,0,0,0,"- ","- ",34.244700000000002,-119.42310999999999,"SANTA BARBARA","SANTA BARBARA",-119.70874356,34.412886309999998
6910208,2015,2015-05-13,4204,2015-04-13,1358,22751,4,1,5,5,4204,0,0,0,,0,001,TAYLOR,CURRYER,0.00,,Y,A,-,N,,,,,,,,,,N,4,0,1,2,A,-,03,22350,,N,C,C,A,A,H,-,A,A,0,,,,,Y,,A,01,0,0,1,0,0,0,0,0,0,"- ","- ",,,"SANTA BARBARA","SANTA MARIA",-120.44068996,34.975020039999997
6910212,2015,2016-06-18,4204,2015-04-07,1208,23240,32,2,5,5,4204,0,0,0,,0,002,"BLOSSER RD",MAIN,150.00,S,N,B,C,N,,,,,,,,,,N,4,0,1,2,A,-,03,22350,,N,C,C,A,B,H,-,A,A,0,,,,,Y,,A,01,0,0,1,0,0,0,0,0,0,"- ","- ",,,"SANTA BARBARA","SANTA MARIA",-120.45372248,34.95289812
6910225,2015,2017-01-06,4204,2015-04-08,1351,22807,16,3,5,5,4204,0,0,0,,0,001,"E MCELHANEY AV","BROADWAY N",0.00,,Y,A,-,Y,SB,5,135,-,-,16.410,I,6,S,Y,4,0,1,2,A,-,08,22103,,N,D,C,A,A,H,-,A,D,0,,,,,Y,,A,07,0,0,1,0,0,0,0,0,0,"- ","- ",,,"SANTA BARBARA","SANTA MARIA",-120.43578429999999,34.962351159999997
6912422,2015,2015-05-12,4204,2015-04-30,0021,90364,055,4,5,5,4204,0,0,0,,0,B02,"BLOSSER RD",JILL,0.00,,Y,A,-,N,,,,,,,,,,Y,3,0,1,1,A,-,01,23152,B,N,E,I,A,A,H,-,C,D,0,,,,,Y,,A,01,0,1,0,0,0,0,0,0,0,"- ","- ",,,"SANTA BARBARA","SANTA MARIA",-120.45379995,34.943570010000002
6889556,2015,2015-04-29,9750,2015-04-12,1250,016469,,7,1,9,4200,0,3,5,,2,030,"FOXEN CANYON RD","ALISOS CANYON RD",5280.00,S,N,A,-,N,,,,,,,,,,N,3,0,1,1,C,-,18,,,N,F,A,A,A,H,-,A,D,0,,,Y,,Y,,-,"- ",0,1,0,0,0,0,0,0,1,"- ","- ",34.773209999999999,-120.1343,"SANTA BARBARA",UNINCORPORATED,-120.13883607,34.773773329999997
6890467,2015,2015-04-29,4203,2015-04-18,1628,3597,,6,5,5,4203,0,0,0,,0,006,"SAN ANDRES ST","PEDREGOSA ST",0.00,,Y,A,-,N,,,,,,,,,,Y,4,0,1,2,A,-,12,22450,A,N,D,C,A,A,H,-,A,A,0,,,,,Y,,-,,0,0,1,0,0,0,0,0,0,"- ","- ",34.252139999999997,-119.43176,"SANTA BARBARA","SANTA BARBARA",-119.72126996,34.422490099999997
6890468,2015,2015-04-29,4203,2015-04-17,0749,2661,,5,5,5,4203,0,0,0,,0,002,"CABRILLO BL","NINOS DR",1400.00,E,N,A,-,N,,,,,,,,,,Y,3,0,1,1,A,-,03,22350,,N,F,I,A,A,H,-,A,D,0,,,,,Y,,-,"- ",0,1,0,0,0,0,0,0,0,"- ","- ",34.253,-119.3946,"SANTA BARBARA","SANTA BARBARA",-119.66292263,34.418145269999997
6890469,2015,2015-05-04,4203,2015-04-17,0047,6978,14,5,5,5,4203,0,0,0,,0,002,"CORONEL PL",WENTWORTH,92.00,E,N,A,-,N,,,,,,,,,,Y,3,0,3,4,D,-,00,,,F,D,E,A,A,H,-,C,D,0,,,,,Y,,-,"- ",0,2,1,0,0,0,0,0,0,"- ","- ",34.414639999999999,-119.70115,"SANTA BARBARA","SANTA BARBARA",-119.70132040999999,34.411360909999999
6892541,2015,2015-04-29,4204,2015-03-25,1305,90081,17,3,5,5,4204,0,0,0,,0,001,MILLER,"BUNNY AV",75.00,S,N,A,-,N,,,,,,,,,,N,4,0,1,2,A,-,11,21954,A,N,G,B,D,A,H,-,A,D,0,Y,,,,Y,,N,60,0,0,1,0,1,0,0,0,0,"- ","- ",,,"SANTA BARBARA","SANTA MARIA",-120.43125000000001,34.962974000000003
6893099,2015,2015-06-16,4204,2015-04-14,0614,90345,65,2,5,5,4204,0,0,0,,0,003,"BLOSSER RD","LA BREA AV",0.00,,Y,A,-,N,,,,,,,,,,Y,4,0,1,9,A,-,08,22107,,M,B,C,A,A,H,-,B,D,0,,,,,Y,,A,07,0,0,1,0,0,0,0,0,0,"- ","- ",,,"SANTA BARBARA","SANTA MARIA",-120.45393986000001,34.935200109999997
6894144,2015,2015-05-08,4204,2015-01-19,0101,90268,59,1,5,5,4204,0,0,0,,0,002,STOWELL,CONCEPCION,0.00,,Y,A,-,N,,,,,,,,,,Y,4,0,1,2,A,-,12,22450,A,N,D,C,A,A,H,-,A,A,0,,,,,Y,,D,22,0,0,1,0,0,0,0,0,0,"- ","- ",,,"SANTA BARBARA","SANTA MARIA",-120.42261997,34.938370059999997
6894147,2015,2015-05-06,4204,2015-04-13,0659,90344,80,1,5,5,4204,0,0,0,,0,003,"BETTERAVIA RD","BLOSSER RD",0.00,,Y,A,-,N,,,,,,,,,,N,4,0,1,2,A,-,21,22106,,N,C,C,A,A,H,-,A,A,0,,,,,Y,,D,22,0,0,1,0,0,0,0,0,0,"- ","- ",,,"SANTA BARBARA","SANTA MARIA",-120.45408988,34.920630109999998
6894240,2015,2015-04-30,4204,2015-03-29,0903,90277,17,7,5,5,4204,0,0,0,,0,001,"COLLEGE DR","SUNSET AV",0.00,,Y,A,-,N,,,,,,,,,,N,4,0,1,2,A,-,03,22350,,F,B,C,A,A,H,-,A,D,0,,,,,Y,,A,01,0,0,1,0,0,0,0,0,0,"- ","- ",,,"SANTA BARBARA","SANTA MARIA",-120.42526997,34.964480100000003
6924854,2015,2015-06-03,4204,2015-05-23,1146,90081,,6,5,5,4204,0,0,0,,0,,"RAILROAD AV","DONOVAN RD",0.00,,Y,B,-,N,,,,,,,,,,Y,4,0,2,2,A,-,01,23153,B,N,D,C,A,A,H,-,A,A,0,,,,,Y,Y,A,01,0,0,2,0,0,0,0,0,0,"- ","- ",,,"SANTA BARBARA","SANTA MARIA",-120.44445992,34.967750019999997
6924862,2015,2015-06-03,4204,2015-05-23,1956,90365,11,6,5,5,4204,0,0,0,,0,001,"DONOVAN RD","CARLOTTI DR",203.00,E,N,A,-,N,,,,,,,,,,N,2,0,1,2,A,-,09,21804,A,N,D,G,A,A,H,-,A,D,0,,Y,,,Y,Y,L,04,1,0,0,0,0,0,1,0,0,"- ","- ",,,"SANTA BARBARA","SANTA MARIA",-120.42002282999999,34.96763
6903651,2015,2015-06-01,4203,2015-05-08,2346,7568,,5,5,5,4203,0,0,0,,0,003,"STATE ST","ANAPAMU ST",0.00,,Y,A,-,N,,,,,,,,,,Y,4,0,1,2,D,-,00,,,N,D,C,A,A,H,-,C,A,0,,,,,Y,,-,"- ",0,0,1,0,0,0,0,0,0,"- ","- ",34.252380000000002,-119.42155,"SANTA BARBARA","SANTA BARBARA",-119.70446989,34.4233501
6905711,2015,2015-05-15,4202,2015-02-11,0016,230,LOMPO,3,5,4,4202,0,0,0,,0,,"CENTRAL AV","O ST",359.00,E,N,A,-,N,,,,,,,,,,Y,1,1,0,1,A,-,08,22107,,N,E,I,A,A,H,-,C,D,0,,,,,Y,,A,01,0,0,0,0,0,0,0,0,0,"- ","- ",,,"SANTA BARBARA",LOMPOC,-120.46521683,34.660879999999999
6906422,2015,2017-01-06,4204,2015-04-13,0836,22807,49,1,5,5,4204,0,0,0,,0,002,MAIN,"BRADLEY RD",0.00,,Y,A,-,Y,SB,5,166,-,-,8.890,H,-,E,N,4,0,1,2,A,-,03,22350,,N,C,C,A,A,H,-,A,A,0,,,,,Y,,D,22,0,0,1,0,0,0,0,0,0,"- ","- ",,,"SANTA BARBARA","SANTA MARIA",-120.41810912,34.952967260000001