CASE_ID,ACCIDENT_YEAR,PROC_DATE,JURIS,COLLISION_DATE,COLLISION_TIME,OFFICER_ID,REPORTING_DISTRICT,DAY_OF_WEEK,CHP_SHIFT,POPULATION,CNTY_CITY_LOC,SPECIAL_COND,BEAT_TYPE,CHP_BEAT_TYPE,CITY_DIVISION_LAPD,CHP_BEAT_CLASS,BEAT_NUMBER,PRIMARY_RD,SECONDARY_RD,DISTANCE,DIRECTION,INTERSECTION,WEATHER_1,WEATHER_2,STATE_HWY_IND,CALTRANS_COUNTY,CALTRANS_DISTRICT,STATE_ROUTE,ROUTE_SUFFIX,POSTMILE_PREFIX,POSTMILE,LOCATION_TYPE,RAMP_INTERSECTION,SIDE_OF_HWY,TOW_AWAY,COLLISION_SEVERITY,NUMBER_KILLED,NUMBER_INJURED,PARTY_COUNT,PRIMARY_COLL_FACTOR,PCF_CODE_OF_VIOL,PCF_VIOL_CATEGORY,PCF_VIOLATION,PCF_VIOL_SUBSECTION,HIT_AND_RUN,TYPE_OF_COLLISION,MVIW,PED_ACTION,ROAD_SURFACE,ROAD_COND_1,ROAD_COND_2,LIGHTING,CONTROL_DEVICE,CHP_ROAD_TYPE,PEDESTRIAN_ACCIDENT,BICYCLE_ACCIDENT,MOTORCYCLE_ACCIDENT,TRUCK_ACCIDENT,NOT_PRIVATE_PROPERTY,ALCOHOL_INVOLVED,STWD_VEHTYPE_AT_FAULT,CHP_VEHTYPE_AT_FAULT,COUNT_SEVERE_INJ,COUNT_VISIBLE_INJ,COUNT_COMPLAINT_PAIN,COUNT_PED_KILLED,COUNT_PED_INJURED,COUNT_BICYCLIST_KILLED,COUNT_BICYCLIST_INJURED,COUNT_MC_KILLED,COUNT_MC_INJURED,PRIMARY_RAMP,SECONDARY_RAMP,LATITUDE,LONGITUDE,COUNTY,CITY,POINT_X,POINT_Y
6906816,2015,2015-05-12,4204,2015-04-26,1256,90272,33,7,5,5,4204,0,0,0,,0,002,MAIN,THORNBURG,0.00,,Y,A,-,N,,,,,,,,,,Y,4,0,1,2,A,-,09,21802,A,N,D,C,A,A,H,-,A,D,0,,,,,Y,,A,01,0,0,1,0,0,0,0,0,0,"- ","- ",,,"SANTA BARBARA","SANTA MARIA",-120.44034997,34.953180019999998
6906820,2015,2015-05-12,4203,2015-04-24,2126,23028,89,5,5,5,4203,0,0,0,,0,003,"MONTEREY RD","SAN MIGUEL",140.00,E,N,A,-,N,,,,,,,,,,Y,4,0,2,2,A,-,08,22107,,N,C,E,A,A,H,-,C,D,0,,,,,Y,,A,01,0,0,2,0,0,0,0,0,0,"- ","- ",,,"SANTA BARBARA","SANTA BARBARA",-120.42871682000001,34.911636690000002
6906824,2015,2015-05-12,4204,2015-04-20,1625,23240,34,1,5,5,4204,0,0,0,,0,002,FESLER,VINE,0.00,,Y,A,-,N,,,,,,,,,,Y,4,0,2,2,A,-,09,21802,A,N,D,C,A,A,C,-,A,A,0,,,,,Y,,A,01,0,0,2,0,0,0,0,0,0,"- ","- ",,,"SANTA BARBARA","SANTA MARIA",-120.43267993000001,34.956480089999999
6906867,2015,2016-09-29,9755,2015-04-13,1854,017884,,1,2,9,4200,0,1,3,,1,055,"RT 1","CONSTELLATION RD",2640.00,S,N,A,-,Y,SB,5,1,-,R,24.570,H,-,S,Y,3,0,1,1,A,-,08,22107,,N,F,A,A,A,H,-,A,D,0,,,,,Y,,A,07,0,1,0,0,0,0,0,0,0,"- ","- ",,,"SANTA BARBARA",UNINCORPORATED,-120.46127971999999,34.695242839999999
6906871,2015,2017-01-07,9755,2015-04-16,0920,016058,,4,1,9,4200,0,1,3,,1,053,"RT 246","PURISIMA RD",0.00,,Y,A,-,Y,SB,5,246,-,-,12.270,I,5,W,Y,3,0,1,1,A,-,01,23152,A,N,E,I,A,A,H,-,A,A,0,,,,,Y,,A,01,0,1,0,0,0,0,0,0,0,"- ","- ",,,"SANTA BARBARA",UNINCORPORATED,-120.40759267,34.664552489999998
6906881,2015,2015-09-08,4204,2015-03-15,0134,90026,55,7,5,5,4204,0,0,0,,0,002,"BLOSSER RD","KNUDSEN WY",50.00,W,N,A,-,N,,,,,,,,,,Y,3,0,1,1,A,-,01,23152,A,N,E,I,A,A,H,-,C,D,0,,,,,Y,Y,A,01,0,1,0,0,0,0,0,0,0,"- ","- ",,,"SANTA BARBARA","SANTA MARIA",-120.4538,34.944699999999997
6907296,2015,2017-01-09,9750,2015-04-12,1850,16354,,7,2,9,4200,0,1,3,,1,011,"RT 166","BONITA SCHOOL RD",6864.00,W,N,A,-,Y,SB,5,166,-,-,2.450,H,-,W,Y,4,0,1,1,A,-,08,22107,,F,E,I,A,A,H,-,A,D,0,,,,,Y,,A,01,0,0,1,0,0,0,0,0,0,"- ","- ",34.959420000000001,-120.53135,"SANTA BARBARA",UNINCORPORATED,-120.53105169,34.95942118
6907348,2015,2017-01-09,9750,2015-04-23,0715,13267,,4,1,9,4200,0,1,3,,1,021,"RT 135","FOSTER RD",800.00,S,N,B,-,Y,SB,5,135,-,-,10.780,H,-,N,Y,4,0,2,2,A,-,03,22350,,N,C,C,A,A,H,-,A,A,5,,,,,Y,,A,07,0,0,2,0,0,0,0,0,0,"- ","- ",34.88176,-120.43658000000001,"SANTA BARBARA",UNINCORPORATED,-120.43652302,34.880715700000003
6907352,2015,2015-05-15,9750,2015-04-22,0615,13766,,3,1,9,4200,0,3,5,,2,030,"FOXEN CANYON RD","DOMINION RD",4224.00,N,N,B,-,N,,,,,,,,,,Y,4,0,1,2,A,-,05,21460,A,N,D,C,A,A,H,-,A,D,0,,,,,Y,,A,07,0,0,1,0,0,0,0,0,0,"- ","- ",34.919600000000003,-120.34773,"SANTA BARBARA",UNINCORPORATED,-120.34828532,34.921629789999997
6907356,2015,2015-05-15,9750,2015-04-21,2315,16874,,2,3,9,4200,0,3,5,,2,030,"JONES ST","SUEY RD",54.00,E,N,A,-,N,,,,,,,,,,Y,3,0,1,1,A,-,01,23152,A,M,E,I,A,A,H,-,D,D,0,,,,,Y,Y,A,07,0,1,0,0,0,0,0,0,0,"- ","- ",34.945549999999997,-120.40893,"SANTA BARBARA",UNINCORPORATED,-120.40910143000001,34.945622849999999
6907360,2015,2017-01-05,9750,2015-04-18,0635,16170,,6,1,9,4200,0,1,2,,2,002,"RT 101","PALMER RD",3696.00,S,N,A,-,Y,SB,5,101,-,-,3.800,H,-,N,Y,4,0,1,1,A,-,01,23152,A,N,F,A,A,A,H,-,A,D,0,,,,,Y,Y,A,01,0,0,1,0,0,0,0,0,0,"- ","- ",34.786569999999998,-120.32288,"SANTA BARBARA",UNINCORPORATED,-119.52911942,34.403864849999998
6907517,2015,2015-08-20,4203,2015-04-27,1825,7189,,1,5,5,4203,0,0,0,,0,003,"E GUTIERREZ ST","GARDEN ST",50.00,W,N,A,-,N,,,,,,,,,,N,4,0,1,2,A,-,08,22107,,N,B,-,A,A,H,-,A,D,0,,,,,Y,,I,10,0,0,1,0,0,0,0,0,0,"- ","- ",34.250599999999999,-119.4128,"SANTA BARBARA","SANTA BARBARA",-119.69089156,34.418978510000002
6907648,2015,2016-06-13,4203,2015-04-28,1737,2524,,2,5,5,4203,0,0,0,,0,002,"CASTILLO ST","RT 101",128.00,S,N,A,-,N,,,,,,,,,,N,3,0,2,2,A,-,03,22350,,N,C,C,A,A,H,-,A,A,0,,,,,Y,,-,,0,1,1,0,0,0,0,0,0,"- ",SO,34.244199999999999,-119.41549999999999,"SANTA BARBARA","SANTA BARBARA",-119.69894789999999,34.41197588
6907652,2015,2015-05-15,4203,2015-04-29,1441,2661,36,3,5,5,4203,0,0,0,,0,005,"CHAPALA ST","PUEBLO ST",0.00,,Y,A,-,N,,,,,,,,,,Y,3,0,2,2,A,-,09,21802,A,N,D,C,A,A,H,-,A,A,0,,,,,Y,,-,,0,1,1,0,0,0,0,0,0,"- ","- ",34.255600000000001,-119.431,"SANTA BARBARA","SANTA BARBARA",-119.71958992,34.43259011
6907676,2015,2016-05-23,4203,2015-04-26,1230,6048,,7,5,5,4203,0,0,0,,0,003,"SOLA ST","OLIVE ST",186.00,W,N,A,-,N,,,,,,,,,,Y,3,0,2,2,A,-,09,21804,A,N,D,C,A,A,H,-,A,D,0,,,,,Y,,-,,0,1,1,0,0,0,0,0,0,"- ","- ",34.254820000000002,-119.42066,"SANTA BARBARA","SANTA BARBARA",-119.70174221000001,34.430170339999997
6907680,2015,2015-05-11,4203,2015-04-26,1741,6967,,7,5,5,4203,0,0,0,,0,001,"E HALEY ST","N MILPAS ST",0.00,,Y,A,-,N,,,,,,,,,,N,4,0,1,2,A,-,03,22350,,N,-,C,A,A,H,-,A,A,0,,,,,Y,,-,,0,0,1,0,0,0,0,0,0,"- ","- ",34.253100000000003,-119.42019999999999,"SANTA BARBARA","SANTA BARBARA",-119.68537994,34.426350110000001
6908235,2015,2017-01-05,4203,2015-04-21,1250,4732,,2,5,5,4203,0,0,0,,0,006,"MISSION ST","RT 101",0.00,,Y,B,-,Y,SB,5,101,-,R,15.860,R,4,S,Y,4,0,1,2,A,-,07,21658,A,N,B,C,A,A,H,-,A,A,0,,,,,Y,,-,,0,0,1,0,0,0,0,0,0,"- ",SF,34.253100000000003,-119.4314,"SANTA BARBARA","SANTA BARBARA",-119.72227911,34.425911630000002
6908239,2015,2015-05-11,4203,2015-04-23,1552,7774,,4,5,5,4203,0,0,0,,0,004,"CHAPALA ST","W MICHELTORENA ST",55.00,N,N,A,-,N,,,,,,,,,,N,4,0,1,4,A,-,03,22350,,N,C,C,A,A,H,-,A,A,0,,,,,Y,Y,-,,0,0,1,0,0,0,0,0,0,"- ","- ",34.53116,-119.42353,"SANTA BARBARA","SANTA BARBARA",-119.70958659999999,34.425239959999999
6908311,2015,2015-05-16,9750,2015-04-27,0310,017379,,1,3,9,4200,0,3,5,,2,020,"GRACIOSA RD","RICE RANCH RD",367.00,S,N,A,-,N,,,,,,,,,,Y,3,0,1,1,A,-,01,23152,A,N,E,I,A,A,H,-,C,D,0,,,,,Y,Y,D,22,0,1,0,0,0,0,0,0,0,"- ","- ",34.857660000000003,-120.43698000000001,"SANTA BARBARA",UNINCORPORATED,-120.4369275,34.857749900000002
6925420,2015,2015-06-26,4203,2015-05-22,2153,7189,,5,5,5,4203,0,0,0,,0,003,"STATE ST","ANAPAMU ST",60.00,N,N,A,-,N,,,,,,,,,,N,4,0,1,2,D,-,00,,,F,C,C,A,A,H,-,C,A,0,,,,,Y,,-,"- ",0,0,1,0,0,0,0,0,0,"- ","- ",34.252029999999998,-119.42121,"SANTA BARBARA","SANTA BARBARA",-119.70461634,34.423461500000002
6926534,2015,2015-05-27,9760,2015-04-15,2050,17314,,3,2,9,4200,0,3,5,,2,005,"LOS CARNEROS RD","EL COLEGIO RD",15.00,N,N,A,-,N,,,,,,,,,,Y,4,0,1,2,A,-,03,22350,,N,C,C,A,A,H,-,C,D,0,,,,,Y,,A,01,0,0,1,0,0,0,0,0,0,"- ","- ",34.417459999999998,-119.86066,"SANTA BARBARA",UNINCORPORATED,-119.86067684,34.417341110000002
6926537,2015,2017-01-05,9760,2015-04-21,0001,18728,,2,3,5,4203,0,1,2,,2,011,"RT 101","JUNIPERO ST",534.00,S,N,B,-,Y,SB,5,101,-,-,16.130,H,-,S,Y,3,0,1,2,D,-,00,,,M,B,C,A,A,H,-,D,D,1,,,,,Y,,-,"- ",0,1,0,0,0,0,0,0,0,"- ","- ",34.426679999999998,-119.72602000000001,"SANTA BARBARA","SANTA BARBARA",-119.72644468999999,34.42669137
6926538,2015,2017-01-05,9760,2015-04-23,0750,14690,,4,1,5,4203,0,1,2,,2,011,"RT 101","ORTEGA ST",300.00,S,N,A,-,Y,SB,5,101,-,R,14.450,H,-,S,N,4,0,1,3,A,-,07,21658,A,N,B,C,A,A,H,-,A,D,1,,,,,Y,,A,07,0,0,1,0,0,0,0,0,0,"- ","- ",34.412790000000001,-119.70277,"SANTA BARBARA","SANTA BARBARA",-119.70402215,34.413529009999998
6926541,2015,2017-01-09,9760,2015-04-25,0800,19292,,6,1,9,4200,0,1,3,,1,016,"RT 150","RINCON HILL RD",1056.00,E,N,C,-,Y,SB,5,150,-,-,1.300,H,-,W,Y,4,0,1,1,A,-,08,22107,,N,F,A,A,B,H,-,A,D,0,,,,,Y,,A,01,0,0,1,0,0,0,0,0,0,"- ","- ",34.385689999999997,-119.47159000000001,"SANTA BARBARA",UNINCORPORATED,-119.46497968,34.388696299999999
6926542,2015,2015-05-27,9760,2015-04-27,1345,16739,,1,1,9,4200,0,3,5,,2,002,"RIBERA DR","WALNUT PARK DR S",315.00,N,N,A,-,N,,,,,,,,,,N,4,0,1,2,A,-,09,21801,A,N,D,C,A,A,H,-,A,D,0,,,,,Y,,A,01,0,0,1,0,0,0,0,0,0,"- ","- ",34.450130000000001,-119.79998999999999,"SANTA BARBARA",UNINCORPORATED,-119.79995,34.451549999999997
6926808,2015,2017-01-06,9760,2015-04-15,1610,020908,,3,2,5,4203,0,1,3,,1,014,"RT 192","TYE RD",100.00,W,N,A,-,Y,SB,5,192,-,-,2.700,H,-,E,N,4,0,3,3,A,-,03,22350,,N,C,C,A,A,H,-,A,D,0,,,,,Y,,A,07,0,0,3,0,0,0,0,0,0,"- ","- ",34.446599999999997,-119.71998000000001,"SANTA BARBARA","SANTA BARBARA",-119.71995570999999,34.446579020000001
6926810,2015,2017-01-05,9760,2015-04-16,1721,18754,,4,2,5,4203,0,1,2,,2,011,"RT 101","GARDEN ST",200.00,S,N,A,-,Y,SB,5,101,-,-,13.450,H,-,N,Y,3,0,1,2,A,-,03,22350,,N,C,C,A,A,H,-,A,D,1,,,Y,,Y,Y,C,02,0,1,0,0,0,0,0,0,1,"- ","- ",34.419690000000003,-119.6862,"SANTA BARBARA","SANTA BARBARA",-119.68908458999999,34.418807899999997
6926828,2015,2015-06-02,9760,2015-04-18,1850,019446,,6,2,9,4200,0,3,5,,2,005,"ABREGO RD","CAMINO DEL SUR",470.00,W,N,A,-,N,,,,,,,,,,N,4,0,1,2,A,-,11,21954,A,N,G,B,D,A,H,-,A,D,0,Y,,,,Y,,N,60,0,0,1,0,1,0,0,0,0,"- ","- ",34.41413,-119.86096000000001,"SANTA BARBARA",UNINCORPORATED,-119.86402685,34.414459999999998
6926831,2015,2017-01-05,9760,2015-04-25,0315,019446,,6,3,9,4200,0,1,2,,2,020,"RT 101","RT 217",200.00,N,N,A,-,Y,SB,5,101,-,-,21.450,H,-,N,Y,2,0,1,1,A,-,08,22107,,N,E,I,A,A,H,-,C,A,1,,,,,Y,Y,D,22,1,0,0,0,0,0,0,0,0,"- ","- ",34.440840000000001,-119.81712,"SANTA BARBARA",UNINCORPORATED,-119.81352305,34.441458609999998
6927311,2015,2017-01-05,9750,2015-05-07,1317,014820,,4,1,9,4200,0,1,2,,2,003,"RT 101","PALMER RD",3168.00,S,N,B,-,Y,SB,5,101,-,-,75.290,H,-,N,Y,4,0,1,1,A,-,08,22107,,N,F,A,A,A,H,-,A,D,1,,,,,Y,,A,07,0,0,1,0,0,0,0,0,0,"- ","- ",34.786819999999999,-120.32397,"SANTA BARBARA",UNINCORPORATED,-120.32438627000001,34.787282429999998
6912423,2015,2015-05-12,4204,2015-04-20,0752,22113,16,1,5,5,4204,0,0,0,,0,001,MCCLELLAND,"ALVIN AV",0.00,,Y,A,-,N,,,,,,,,,,N,4,0,3,2,A,-,09,21802,A,N,D,C,A,A,H,-,A,A,0,,,,,Y,,A,08,0,0,3,0,0,0,0,0,0,"- ","- ",,,"SANTA BARBARA","SANTA MARIA",-120.43413993999999,34.960430080000002
6913244,2015,2015-05-18,4200,2015-04-18,1111,4721,14,6,5,4,4214,0,0,0,,0,050,"CALLE REAL","FAIRVIEW AV",331.00,W,N,A,-,N,,,,,,,,,,N,4,0,1,2,A,-,08,22107,,N,D,C,A,A,H,-,A,D,0,,,,,Y,,A,01,0,0,1,0,0,0,0,0,0,"- ","- ",,,"SANTA BARBARA",GOLETA,-119.83157451,34.4412296
6913248,2015,2015-05-18,4200,2015-04-17,1717,3116,14,5,5,4,4214,0,0,0,,0,060,"HOLLISTER AV","ORANGE AV",44.00,E,N,A,-,N,,,,,,,,,,N,3,0,1,2,A,-,17,22517,,N,D,C,A,A,H,-,A,D,0,,Y,,,Y,,A,01,0,1,0,0,0,0,1,0,0,"- ","- ",,,"SANTA BARBARA",GOLETA,-119.82891471000001,34.435989739999997
6913279,2015,2016-05-23,4200,2015-04-03,1645,3116,14,5,5,4,4214,0,0,0,,0,050,"HOLLISTER AV","DEARBORN PL",0.00,,Y,A,-,N,,,,,,,,,,N,4,0,1,3,A,-,10,21950,A,N,G,B,B,A,H,-,A,A,0,Y,,,,Y,,A,01,0,0,1,0,1,0,0,0,0,"- ","- ",,,"SANTA BARBARA",GOLETA,-119.81868998,34.435490090000002
6913352,2015,2015-06-02,4200,2015-05-04,1341,3811,6,1,5,2,4206,0,0,0,,0,,"CHALK HILL RD","FREDENSBORG CANYON RD",112.00,S,N,A,-,N,,,,,,,,,,Y,3,0,1,1,A,-,03,22350,,N,E,I,A,A,H,-,A,D,0,,,,,Y,,D,22,0,1,0,0,0,0,0,0,0,"- ","- ",,,"SANTA BARBARA",SOLVANG,-120.14134606,34.600408539999997
6913394,2015,2017-01-09,9750,2015-04-27,1100,014358,,1,1,9,4200,0,1,3,,1,062,"RT 166","PINE CANYON RD",1584.00,E,N,A,-,Y,SB,5,166,-,R,25.210,H,-,W,Y,4,0,1,1,A,-,08,22107,,N,E,I,A,A,H,-,A,D,0,,,,Y,Y,,F,26,0,0,1,0,0,0,0,0,0,"- ","- ",35.029499999999999,-120.19249000000001,"SANTA BARBARA",UNINCORPORATED,-120.19190435,35.029627439999999
6913834,2015,2017-01-05,9750,2015-04-29,1120,16170,,3,1,5,4204,0,1,2,,2,001,"RT 101","MAIN ST",1584.00,N,N,A,-,Y,SB,5,101,-,-,88.900,H,-,N,Y,2,0,1,1,A,-,08,22107,,N,E,I,A,A,H,-,A,D,0,,,,,Y,,A,07,1,0,0,0,0,0,0,0,0,"- ","- ",34.958759999999998,-120.41776,"SANTA BARBARA","SANTA MARIA",-120.41737608,34.957133069999998
6913838,2015,2017-01-05,9750,2015-04-27,1050,15915,,1,1,5,4204,0,1,2,,2,001,"RT 101","STOWELL RD",1056.00,N,N,A,-,Y,SB,5,101,-,-,87.800,H,-,S,N,4,0,1,2,A,-,07,21658,A,N,B,C,A,A,H,-,A,D,0,,,,,Y,,-,"- ",0,0,1,0,0,0,0,0,0,"- ","- ",34.941330000000001,-120.41784,"SANTA BARBARA","SANTA MARIA",-120.41788158,34.941191109999998
6915218,2015,2015-06-01,4204,2015-05-02,2355,90343,13,6,5,5,4204,0,0,0,,0,001,"WESTERN AV","MCELHANEY AV",34.00,N,N,A,-,N,,,,,,,,,,Y,4,0,1,2,A,-,05,21650,,N,A,E,A,A,H,-,C,D,0,,,,,Y,,D,22,0,0,1,0,0,0,0,0,0,"- ","- ",,,"SANTA BARBARA","SANTA MARIA",-120.44994002,34.962800059999999
6916221,2015,2017-01-09,4204,2015-04-24,1443,90277,16,5,5,5,4204,0,0,0,,0,001,BROADWAY,"ALVIN AV",100.00,N,N,A,-,Y,SB,5,135,-,-,16.300,H,-,S,N,4,0,1,2,A,-,03,22350,,N,C,C,A,A,H,-,A,A,0,,,,,Y,,A,01,0,0,1,0,0,0,0,0,0,"- ","- ",,,"SANTA BARBARA","SANTA MARIA",-120.43581845,34.96075347
6916225,2015,2015-05-21,4204,2015-04-23,1939,90365,2,4,5,5,4204,0,0,0,,0,032,OAKLEY,FESLER,200.00,S,N,A,-,N,,,,,,,,,,N,4,0,1,2,A,-,11,21950,B,N,G,B,D,A,H,-,A,D,0,Y,,,,Y,,N,60,0,0,1,0,1,0,0,0,0,"- ","- ",,,"SANTA BARBARA","SANTA MARIA",-120.44684207,34.956340750000003
6908315,2015,2015-06-05,9750,2015-04-27,0640,15514,,1,1,9,4200,0,3,5,,2,020,"SANDALWOOD DR","BLACK RD",0.00,,Y,A,-,N,,,,,,,,,,Y,4,0,2,2,A,-,09,21802,A,N,D,C,A,A,H,-,A,A,0,,,,Y,Y,,D,22,0,0,2,0,0,0,0,0,0,"- ","- ",34.896639999999998,-120.49043,"SANTA BARBARA",UNINCORPORATED,-120.49046997000001,34.896510030000002
6908894,2015,2015-06-02,4204,2015-05-01,2113,23601,27,5,5,5,4204,0,0,0,,0,001,MCCLELLAND,HERMOSA,100.00,S,N,A,-,N,,,,,,,,,,N,4,0,1,2,A,-,05,21202,A,N,E,D,A,A,H,-,C,-,0,,Y,,,Y,,L,04,0,0,1,0,0,0,1,0,0,"- ","- ",,,"SANTA BARBARA","SANTA MARIA",-120.43412807999999,34.959235409999998
6909231,2015,2017-01-05,9760,2015-04-01,0750,19397,,3,1,9,4200,0,1,2,,2,010,"RT 101","CARPINTERIA AV",250.00,E,N,A,-,Y,SB,5,101,-,-,3.600,H,-,S,N,4,0,1,1,A,-,03,22350,,N,E,I,A,A,H,-,A,D,1,,,,,Y,,A,01,0,0,1,0,0,0,0,0,0,TO,"- ",34.402760000000001,-119.52533,"SANTA BARBARA",UNINCORPORATED,-119.52569599,34.403019880000002
6909232,2015,2017-01-06,9760,2015-04-01,1749,18754,,3,2,9,4200,0,1,2,,2,010,"RT 101","SANDPOINT RD",100.00,S,N,A,-,Y,SB,5,101,-,R,4.710,H,-,S,Y,4,0,1,2,A,-,01,23152,A,N,C,C,A,A,H,-,A,D,1,,,,,Y,Y,B,07,0,0,1,0,0,0,0,0,0,"- ","- ",34.060600000000001,-119.54510999999999,"SANTA BARBARA",UNINCORPORATED,-119.54450076000001,34.405919580000003
6909233,2015,2015-05-14,9760,2015-04-02,1840,17097,,4,2,9,4200,0,2,4,,1,021,"HOLLISTER AV","SAN MARCOS RD",1056.00,E,N,A,-,N,,,,,,,,,,Y,3,0,1,1,A,-,01,23152,A,N,F,A,A,A,H,-,A,D,0,,,Y,,Y,Y,C,02,0,1,0,0,0,0,0,0,1,"- ","- ",34.43571,-119.7942,"SANTA BARBARA",UNINCORPORATED,-119.79275278999999,34.435984449999999
6909234,2015,2017-01-05,9760,2015-04-03,1245,18019,,5,1,9,4200,0,1,2,,2,010,"RT 101","SAN YSIDRO RD",210.00,S,N,A,-,Y,SB,5,101,-,-,9.980,H,-,N,Y,4,0,2,2,A,-,03,22350,,M,C,C,A,A,H,-,A,D,1,,,,,Y,,A,01,0,0,2,0,0,0,0,0,0,"- ","- ",34.421469999999999,-119.62854,"SANTA BARBARA",UNINCORPORATED,-119.63083946,34.422282289999998
6909235,2015,2017-01-05,9760,2015-04-03,1805,20511,,5,2,5,4203,0,1,2,,2,011,"RT 101","QUARANTINA ST",100.00,N,N,A,-,Y,SB,5,101,-,-,13.050,H,-,S,Y,4,0,1,4,A,-,03,22350,,N,C,C,A,A,H,-,A,D,1,,,,,Y,,A,07,0,0,1,0,0,0,0,0,0,"- ","- ",34.419809999999998,-119.68317,"SANTA BARBARA","SANTA BARBARA",-119.68230441999999,34.41984429
6909236,2015,2017-01-05,9760,2015-04-04,1430,20908,,6,2,9,4200,0,1,2,,2,010,"RT 101","EVANS AV",1320.00,S,N,A,-,Y,SB,5,101,-,R,8.010,H,-,N,N,4,0,1,2,A,-,03,22350,,N,C,C,A,A,H,-,A,D,1,,,,,Y,,A,01,0,0,1,0,0,0,0,0,0,"- ","- ",34.417549999999999,-119.5889,"SANTA BARBARA",UNINCORPORATED,-119.59719438,34.420281930000002
6909237,2015,2015-05-14,9760,2015-04-04,1300,18490,,6,1,9,4200,0,3,5,,2,002,"HOLLISTER AV","AUHAY DR",15.00,E,N,A,-,N,,,,,,,,,,Y,4,0,2,2,A,-,03,22350,,N,C,C,A,A,H,-,A,A,0,,,,,Y,,A,01,0,0,2,0,0,0,0,0,0,"- ","- ",34.439360000000001,-119.77478000000001,"SANTA BARBARA",UNINCORPORATED,-119.78172241,34.438071899999997
6909238,2015,2017-01-05,9760,2015-04-02,1708,12263,,4,2,4,4214,0,1,2,,2,020,"RT 101","RT 217",2112.00,N,N,A,-,Y,SB,5,101,-,-,21.810,H,-,S,Y,4,0,2,2,A,-,03,22350,,N,C,C,A,A,H,-,A,D,1,,,,,Y,,A,01,0,0,2,0,0,0,0,0,0,"- ","- ",34.440539999999999,-119.81885,"SANTA BARBARA",GOLETA,-119.81976629,34.440600109999998
6909239,2015,2015-05-14,9760,2015-04-02,1400,19831,,4,2,9,4200,0,3,5,,2,001,"CHANNEL DR","BUTTERFLY LN",557.00,E,N,A,-,N,,,,,,,,,,N,3,0,1,2,A,-,17,22517,,N,B,G,A,A,H,-,A,D,0,,Y,,,Y,,A,01,0,1,0,0,0,0,1,0,0,"- ","- ",34.41751,-119.64646999999999,"SANTA BARBARA",UNINCORPORATED,-119.64567129,34.417346270000003
6909277,2015,2015-05-15,4204,2015-04-28,1331,90242,58,2,5,5,4204,0,0,0,,0,002,MILLER,"STOWELL RD",0.00,,Y,A,-,N,,,,,,,,,,Y,4,0,1,2,A,-,08,22107,,N,D,E,A,A,H,-,A,A,0,,,,,Y,,A,01,0,0,1,0,0,0,0,0,0,"- ","- ",,,"SANTA BARBARA","SANTA MARIA",-120.43159996,34.938480089999999
6909364,2015,2015-05-20,4203,2015-04-29,1446,2661,53,3,5,5,4203,0,0,0,,0,005,"LAS POSITAS RD","MCCAW AV",0.00,,Y,A,-,N,,,,,,,,,,Y,3,0,1,2,A,-,09,21802,A,N,D,C,A,A,H,-,A,A,0,,,,,Y,,-,,0,1,0,0,0,0,0,0,0,"- ","- ",34.261699999999998,-119.422,"SANTA BARBARA","SANTA BARBARA",-119.73393987999999,34.438530030000003
6909706,2015,2015-05-29,9760,2015-03-31,0935,015658,,2,1,9,4200,0,3,5,,2,005,"ABREGO RD","CAMINO DEL SUR",800.00,W,N,A,-,N,,,,,,,,,,N,3,0,1,2,A,-,08,22107,,N,B,G,A,A,H,-,A,D,0,,Y,,,Y,,L,04,0,1,0,0,0,0,1,0,0,"- ","- ",34.414459999999998,-119.86450000000001,"SANTA BARBARA",UNINCORPORATED,-119.86512021,34.414467770000002
6938580,2015,2015-06-17,9760,2015-05-24,0700,18019,,7,1,9,4200,0,3,5,,2,005,"CAMINO CORTO","ABREGO RD",154.00,S,N,A,-,N,,,,,,,,,,Y,4,0,1,4,A,-,01,23152,A,N,B,C,A,A,H,-,A,D,0,,,,,Y,Y,D,22,0,0,1,0,0,0,0,0,0,"- ","- ",34.414209999999997,-119.86645,"SANTA BARBARA",UNINCORPORATED,-119.86651624,34.414059020000003
6938582,2015,2017-01-09,9760,2015-05-03,1755,20323,,7,2,9,4200,0,1,3,,1,022,"RT 154","SAN ANTONIO CREEK RD",500.00,W,N,A,-,Y,SB,5,154,-,-,29.870,H,-,E,N,4,0,1,2,A,-,03,22350,,M,C,C,A,A,H,-,B,D,0,,,,,Y,,D,22,0,0,1,0,0,0,0,0,0,"- ","- ",34.469650000000001,-119.77606,"SANTA BARBARA",UNINCORPORATED,-119.77665404,34.4697909