CASE_ID,ACCIDENT_YEAR,PROC_DATE,JURIS,COLLISION_DATE,COLLISION_TIME,OFFICER_ID,REPORTING_DISTRICT,DAY_OF_WEEK,CHP_SHIFT,POPULATION,CNTY_CITY_LOC,SPECIAL_COND,BEAT_TYPE,CHP_BEAT_TYPE,CITY_DIVISION_LAPD,CHP_BEAT_CLASS,BEAT_NUMBER,PRIMARY_RD,SECONDARY_RD,DISTANCE,DIRECTION,INTERSECTION,WEATHER_1,WEATHER_2,STATE_HWY_IND,CALTRANS_COUNTY,CALTRANS_DISTRICT,STATE_ROUTE,ROUTE_SUFFIX,POSTMILE_PREFIX,POSTMILE,LOCATION_TYPE,RAMP_INTERSECTION,SIDE_OF_HWY,TOW_AWAY,COLLISION_SEVERITY,NUMBER_KILLED,NUMBER_INJURED,PARTY_COUNT,PRIMARY_COLL_FACTOR,PCF_CODE_OF_VIOL,PCF_VIOL_CATEGORY,PCF_VIOLATION,PCF_VIOL_SUBSECTION,HIT_AND_RUN,TYPE_OF_COLLISION,MVIW,PED_ACTION,ROAD_SURFACE,ROAD_COND_1,ROAD_COND_2,LIGHTING,CONTROL_DEVICE,CHP_ROAD_TYPE,PEDESTRIAN_ACCIDENT,BICYCLE_ACCIDENT,MOTORCYCLE_ACCIDENT,TRUCK_ACCIDENT,NOT_PRIVATE_PROPERTY,ALCOHOL_INVOLVED,STWD_VEHTYPE_AT_FAULT,CHP_VEHTYPE_AT_FAULT,COUNT_SEVERE_INJ,COUNT_VISIBLE_INJ,COUNT_COMPLAINT_PAIN,COUNT_PED_KILLED,COUNT_PED_INJURED,COUNT_BICYCLIST_KILLED,COUNT_BICYCLIST_INJURED,COUNT_MC_KILLED,COUNT_MC_INJURED,PRIMARY_RAMP,SECONDARY_RAMP,LATITUDE,LONGITUDE,COUNTY,CITY,POINT_X,POINT_Y
6938587,2015,2017-01-06,9760,2015-05-12,0827,16739,,2,1,9,4200,0,3,5,,2,002,"RT 192","ANTONE RD",0.00,,Y,A,-,Y,SB,5,192,-,-,0.830,I,5,E,N,4,0,1,2,A,-,09,21802,A,N,D,C,A,A,H,-,A,A,0,,,,,Y,,A,01,0,0,1,0,0,0,0,0,0,"- ","- ",34.456000000000003,-119.75017,"SANTA BARBARA",UNINCORPORATED,-119.75003602,34.455833650000002
6938589,2015,2017-01-05,9760,2015-05-10,1250,20227,,7,1,9,4200,0,1,2,,2,010,"RT 101","SHEFFIELD DR",650.00,N,N,A,-,Y,SB,5,101,-,-,9.120,H,-,N,Y,3,0,5,3,A,-,03,22350,,N,C,C,A,A,H,-,A,D,1,,,,,Y,Y,A,07,0,2,3,0,0,0,0,0,0,"- ","- ",34.421210000000002,-119.6199,"SANTA BARBARA",UNINCORPORATED,-119.61606863999999,34.421686200000003
6938590,2015,2015-07-02,9760,2015-05-04,1925,17097,,1,2,9,4200,0,3,5,,2,002,"PAINTED CAVE RD","ALTA DR",125.00,N,N,A,-,N,,,,,,,,,,Y,3,0,1,2,A,-,05,21650,,N,A,C,A,A,H,-,A,D,0,,,Y,,Y,,-,"- ",0,1,0,0,0,0,0,0,1,"- ","- ",34.506059999999998,-119.79018000000001,"SANTA BARBARA",UNINCORPORATED,-119.7900417,34.50547254
6938591,2015,2017-01-05,9760,2015-05-03,2135,20511,,7,2,5,4203,0,1,2,,2,020,"RT 101","STATE ST",282.00,S,N,A,-,Y,SB,5,101,-,-,13.740,H,-,N,Y,3,0,1,1,A,-,01,23152,A,N,E,J,A,A,H,-,C,D,1,,,,,Y,Y,D,22,0,1,0,0,0,0,0,0,0,"- ","- ",34.415759999999999,-119.69271000000001,"SANTA BARBARA","SANTA BARBARA",-119.69265113,34.415712579999997
6938592,2015,2017-01-09,9760,2015-04-28,1910,17097,,2,2,9,4200,0,1,3,,1,022,"RT 154","PARADISE RD",408.00,E,N,A,-,Y,SB,5,154,-,-,21.670,H,-,W,Y,3,0,2,1,A,-,01,23152,A,N,E,I,A,A,H,-,A,D,0,,,,,Y,Y,D,22,0,2,0,0,0,0,0,0,0,"- ","- ",34.533149999999999,-119.85675999999999,"SANTA BARBARA",UNINCORPORATED,-119.85604994000001,34.532918289999998
6938594,2015,2017-01-05,9760,2015-04-29,1743,18754,,3,2,9,4200,0,1,2,,2,010,"RT 101","SHEFFIELD DR",200.00,N,N,A,-,Y,SB,5,101,-,-,9.040,H,-,S,Y,3,0,1,2,A,-,07,21658,A,N,C,C,A,A,H,-,C,D,1,,,Y,,Y,,D,22,0,1,0,0,0,0,0,0,1,"- ","- ",34.42118,-119.61832,"SANTA BARBARA",UNINCORPORATED,-119.61469511,34.421468670000003
6916812,2015,2016-10-12,4204,2015-05-11,1121,22751,68,1,5,5,4204,0,0,0,,0,003,BROADWAY,"BATTLES RD",75.00,N,N,A,-,Y,SB,5,135,-,-,14.290,H,-,S,Y,4,0,1,2,A,-,09,21804,A,N,B,C,A,A,H,-,A,D,0,,,,,Y,,A,07,0,0,1,0,0,0,0,0,0,"- ","- ",,,"SANTA BARBARA","SANTA MARIA",-120.43611807000001,34.931607040000003
6916816,2015,2015-05-29,4204,2015-05-09,1709,90228,58,6,5,5,4204,0,0,0,,0,003,MILLER,"PARK AV",0.00,,Y,A,-,N,,,,,,,,,,Y,4,0,2,2,A,-,03,22350,,N,C,C,A,A,H,-,A,D,0,,,,,Y,,A,01,0,0,2,0,0,0,0,0,0,"- ","- ",,,"SANTA BARBARA","SANTA MARIA",-120.43141994,34.944400020000003
6916820,2015,2015-06-01,4204,2015-05-10,1200,90270,33,7,5,5,4204,0,0,0,,0,B02,MAIN,PINE,0.00,,Y,A,-,N,,,,,,,,,,Y,4,0,1,2,A,-,12,21453,A,N,D,C,A,A,H,-,A,A,0,,,,,Y,,-,"- ",0,0,1,0,0,0,0,0,0,"- ","- ",,,"SANTA BARBARA","SANTA MARIA",-120.43889987999999,34.953170020000002
6917689,2015,2015-05-21,9760,2015-03-08,0150,20511,,7,3,9,4200,0,3,5,,2,001,"TORO CANYON RD","VIA REAL",600.00,N,N,A,-,N,,,,,,,,,,Y,3,0,2,1,A,-,01,23152,A,N,E,I,A,A,H,-,D,D,0,,,,,Y,Y,A,01,0,1,1,0,0,0,0,0,0,"- ","- ",34.417589999999997,-119.57461000000001,"SANTA BARBARA",UNINCORPORATED,-119.57458664000001,34.417741409999998
6917693,2015,2015-05-21,9760,2015-03-31,1405,18490,,2,2,9,4200,0,3,5,,2,002,"MODOC RD","ENCORE DR",520.00,W,N,A,-,N,,,,,,,,,,Y,3,0,1,1,A,-,01,23152,A,N,E,I,A,A,H,-,A,D,0,,,,,Y,Y,A,01,0,1,0,0,0,0,0,0,0,"- ","- ",34.437710000000003,-119.76524000000001,"SANTA BARBARA",UNINCORPORATED,-119.76795336000001,34.438817290000003
6917697,2015,2016-09-13,9760,2015-03-28,1835,20528,,6,2,9,4200,0,1,3,,1,022,"RT 154","SAN ANTONIO CREEK RD",4224.00,W,N,A,-,Y,SB,5,154,-,-,29.160,H,-,W,Y,2,0,1,1,A,-,01,23152,A,N,E,I,A,A,H,-,A,D,0,,,,,Y,Y,A,07,1,0,0,0,0,0,0,0,0,"- ","- ",34.476349999999996,-119.76967999999999,"SANTA BARBARA",UNINCORPORATED,-119.77072445,34.476107140000003
6917701,2015,2016-10-28,9760,2015-03-31,1635,15658,,2,2,5,4203,0,1,2,,2,020,"RT 101","STATE ST",150.00,S,N,A,-,Y,SB,5,101,-,-,17.930,R,2,N,N,4,0,1,2,A,-,03,22350,,N,C,C,A,A,H,-,A,D,1,,,,,Y,,A,01,0,0,1,0,0,0,0,0,0,TO,"- ",34.439509999999999,-119.75385,"SANTA BARBARA","SANTA BARBARA",-119.75330672,34.438427480000001
6917726,2015,2015-05-21,4200,2015-03-31,1710,4608,,2,5,3,4205,0,0,0,,0,030,"CARPINTERIA AV","CASITAS PASS RD",0.00,,Y,A,-,N,,,,,,,,,,,4,0,1,2,A,-,21,22106,,N,C,C,A,A,H,-,A,A,0,,,,,Y,,A,07,0,0,1,0,0,0,0,0,0,"- ","- ",,,"SANTA BARBARA",CARPINTERIA,-119.51431995999999,34.395520050000002
6919005,2015,2015-10-24,4203,2015-09-30,1746,5751,,3,5,5,4203,0,0,0,,0,001,"COTA ST","N SALISPUEDES ST",0.00,,Y,A,-,N,,,,,,,,,,Y,4,0,1,2,A,-,09,21802,A,N,D,B,A,A,H,-,A,D,0,,,,,Y,,-,,0,0,1,0,0,0,0,0,0,"- ","- ",34.252650000000003,-119.41239,"SANTA BARBARA","SANTA BARBARA",-119.68998995,34.424100080000002
6919762,2015,2015-06-16,9750,2015-05-02,2100,16714,,6,2,9,4200,0,3,5,,2,030,"ROSEMARY RD","STOWELL RD",26.00,S,N,A,-,N,,,,,,,,,,Y,2,0,1,1,A,-,01,23152,A,N,E,I,A,A,H,-,D,A,0,,,,,Y,Y,A,08,1,0,0,0,0,0,0,0,0,"- ","- ",34.93779,-120.40026,"SANTA BARBARA",UNINCORPORATED,-120.4004906,34.93806859
6919765,2015,2017-01-09,9750,2015-05-06,1640,17616,,3,2,9,4200,0,1,3,,1,011,"RT 166","HANSON WY",1584.00,W,N,A,-,Y,SB,5,166,-,-,6.220,H,-,E,Y,4,0,1,2,A,-,03,22350,,N,C,C,A,A,H,-,A,D,0,,,,,Y,,A,01,0,0,1,0,0,0,0,0,0,"- ","- ",34.954529999999998,-120.47945,"SANTA BARBARA",UNINCORPORATED,-120.46536786999999,34.9535518
6927946,2015,2015-10-14,4204,2015-05-15,1705,90272,76,5,5,5,4204,0,0,0,,0,003,"BETTERAVIA RD","BRADLEY RD",200.00,E,N,A,-,N,,,,,,,,,,Y,4,0,1,2,A,-,03,22350,,N,C,C,A,A,H,-,A,D,0,,,,,Y,,A,01,0,0,1,0,0,0,0,0,0,"- ","- ",,,"SANTA BARBARA","SANTA MARIA",-120.42140311999999,34.923730859999999
6928245,2015,2017-01-05,9760,2015-04-25,0316,20323,,6,3,4,4214,0,1,2,,2,020,"RT 101","RT 217",220.00,N,N,A,-,Y,SB,5,101,-,-,21.450,H,-,S,Y,4,0,1,2,A,-,03,22350,,N,B,C,A,A,H,-,C,D,1,,,,,Y,Y,A,01,0,0,1,0,0,0,0,0,0,"- ","- ",34.440860000000001,-119.81712,"SANTA BARBARA",GOLETA,-119.81366658,34.441298770000003
6928249,2015,2017-01-09,9760,2015-04-20,1015,20908,,1,1,9,4200,0,1,3,,1,016,"RT 150","RINCON HILL RD",1584.00,E,N,A,-,Y,SB,5,150,-,-,1.400,H,-,W,Y,4,0,2,2,A,-,03,22350,,N,A,C,A,A,H,-,A,D,0,,,,,Y,,D,22,0,0,2,0,0,0,0,0,0,"- ","- ",34.385750000000002,-119.47092000000001,"SANTA BARBARA",UNINCORPORATED,-119.46383732,34.389618540000001
6928253,2015,2017-01-05,9760,2015-04-17,1715,20323,,5,2,5,4203,0,1,2,,2,020,"RT 101","LAS POSITAS RD",65.00,N,N,A,-,Y,SB,5,101,-,-,16.560,H,-,N,Y,4,0,1,3,A,-,03,22350,,N,C,C,A,A,H,-,A,D,1,,,Y,,Y,,A,01,0,0,1,0,0,0,0,0,1,"- ","- ",34.428060000000002,-119.73405,"SANTA BARBARA","SANTA BARBARA",-119.73389778000001,34.428101560000002
6928787,2015,2015-06-09,4203,2015-05-15,1505,7774,,5,5,5,4203,0,0,0,,0,005,"STATE ST","AMAPOLA ST",222.00,E,N,A,-,N,,,,,,,,,,Y,4,0,2,2,A,-,09,21804,A,N,D,C,A,A,H,-,A,D,0,,,,,Y,,-,,0,0,2,0,0,0,0,0,0,"- ","- ",34.262540000000001,-119.44092000000001,"SANTA BARBARA","SANTA BARBARA",-119.73579445999999,34.440399999999997
6928788,2015,2015-06-09,4203,2015-05-05,1825,7187,,2,5,5,4203,0,0,0,,0,003,"PADRE ST","ANACAPA ST",98.00,E,N,A,-,N,,,,,,,,,,Y,3,0,1,2,A,-,08,22107,,N,-,E,A,A,H,-,B,D,0,,,,,Y,,-,,0,1,0,0,0,0,0,0,0,"- ","- ",34.255890000000001,-119.42524,"SANTA BARBARA","SANTA BARBARA",-119.71457362,34.433070649999998
6928791,2015,2015-06-09,4203,2015-05-09,2230,7568,,6,5,5,4203,0,0,0,,0,0U1,"LOS CARNEROS RD","HOLLISTER AV",0.00,,Y,A,-,N,,,,,,,,,,Y,3,0,7,2,D,-,00,,,N,D,C,A,A,H,-,C,A,0,,,,,Y,,-,"- ",0,5,2,0,0,0,0,0,0,"- ","- ",34.430399999999999,-119.8596,"SANTA BARBARA","SANTA BARBARA",-119.8595899,34.430340020000003
6928795,2015,2015-06-09,4203,2015-05-14,1637,7774,,4,5,5,4203,0,0,0,,0,005,"W ALAMAR AV","QUINTO ST",12.00,N,N,B,-,N,,,,,,,,,,Y,4,0,1,2,A,-,09,21804,A,N,D,C,A,A,H,-,A,D,0,,,,,Y,,-,,0,0,1,0,0,0,0,0,0,"- ","- ",34.255400000000002,-119.43352,"SANTA BARBARA","SANTA BARBARA",-119.72693941,34.430091760000003
6928821,2015,2017-01-05,9755,2015-05-18,1147,014934,,1,1,9,4200,0,1,2,,2,004,"RT 101","RT 154",5808.00,N,N,A,-,Y,SB,5,101,-,-,63.770,H,-,N,Y,3,0,1,1,A,-,07,21658,A,N,E,I,A,A,H,-,A,D,1,,,,,Y,,A,01,0,1,0,0,0,0,0,0,0,"- ","- ",34.698920000000001,-120.16468,"SANTA BARBARA",UNINCORPORATED,-120.16281672,34.697024669999998
6931447,2015,2015-06-12,4200,2015-04-09,1316,3683,14,4,5,4,4214,0,0,0,,0,080,"STORKE RD","HOLLISTER AV",5.00,N,N,A,-,N,,,,,,,,,,N,4,0,1,2,A,-,03,22350,,N,C,C,A,A,H,-,A,D,0,,,,,Y,,A,01,0,0,1,0,0,0,0,0,0,"- ","- ",,,"SANTA BARBARA",GOLETA,-119.86974805,34.430113630000001
6931488,2015,2017-01-09,9750,2015-05-13,1750,16714,,3,2,9,4200,0,1,3,,1,011,"RT 166","BLACK RD",2376.00,E,N,A,-,Y,SB,5,166,-,-,5.270,H,-,W,Y,4,0,2,3,A,-,09,21804,A,N,D,C,A,A,H,-,A,D,0,,,,,Y,,A,01,0,0,2,0,0,0,0,0,0,"- ","- ",34.95478,-120.48141,"SANTA BARBARA",UNINCORPORATED,-120.4818013,34.95475871
6919892,2015,2017-01-09,9750,2015-05-02,0220,017616,,6,3,9,4200,0,1,3,,1,011,"RT 166","SIMAS RD",2640.00,E,N,A,-,Y,SB,5,166,-,-,1.390,H,-,W,Y,3,0,1,2,A,-,01,23152,A,N,B,C,A,A,H,-,D,D,0,,,,Y,Y,Y,A,01,0,1,0,0,0,0,0,0,0,"- ","- ",34.957940000000001,-120.54852,"SANTA BARBARA",UNINCORPORATED,-120.54950061,34.957761859999998
6919916,2015,2017-01-07,9755,2015-05-01,1726,017967,,5,2,9,4200,0,1,3,,2,041,"RT 246","CUESTA RD",0.00,,Y,A,-,Y,SB,5,246,-,-,32.780,I,5,E,Y,3,0,3,2,A,-,01,23152,E,N,A,C,A,A,H,-,A,D,0,,,,,Y,,A,07,0,1,2,0,0,0,0,0,0,"- ","- ",34.609610000000004,-120.08750999999999,"SANTA BARBARA",UNINCORPORATED,-120.08715381,34.609836739999999
6919917,2015,2016-09-29,9750,2015-05-01,0200,017616,,5,3,9,4200,0,1,3,,1,012,"RT 1","BROWN RD",10560.00,S,N,E,-,Y,SB,5,1,-,-,47.210,H,-,N,Y,2,0,2,1,A,-,08,22107,,N,E,I,A,B,H,-,D,D,0,,,,,Y,,D,22,1,1,0,0,0,0,0,0,0,"- ","- ",34.909080000000003,-120.54343,"SANTA BARBARA",UNINCORPORATED,-120.56838448000001,34.932542750000003
6919941,2015,2017-01-05,9755,2015-05-12,1545,017378,,2,2,9,4200,0,1,2,,2,004,"RT 101","OLD COAST HWY",3696.00,N,N,A,-,Y,SB,5,101,-,R,53.080,H,-,N,Y,3,0,1,1,A,-,01,23152,A,N,F,A,A,A,H,-,A,D,1,,,,,Y,Y,D,22,0,1,0,0,0,0,0,0,0,"- ","- ",34.558199999999999,-120.1999,"SANTA BARBARA",UNINCORPORATED,-120.19194937,34.55600501
6920003,2015,2017-01-07,4204,2015-04-28,1952,90322,2,2,5,5,4204,0,0,0,,0,034,MAIN,"TOWN CENTER DR",0.00,,Y,A,-,Y,SB,5,166,-,-,8.010,I,6,W,N,3,0,1,2,A,-,05,21202,A,N,D,G,A,A,H,-,B,A,0,,Y,,,Y,,L,04,0,1,0,0,0,0,1,0,0,"- ","- ",,,"SANTA BARBARA","SANTA MARIA",-120.43344489,34.953207669999998
6920449,2015,2016-10-28,9760,2015-03-26,1645,018490,,4,2,9,4200,0,1,2,,1,040,"RT 101","CAPITAN STATE BEACH RD",100.00,N,N,A,-,Y,SB,5,101,-,-,33.900,H,-,S,Y,3,0,1,1,C,-,18,,,N,E,I,A,A,H,-,A,D,1,,,,,Y,,-,"- ",0,1,0,0,0,0,0,0,0,"- ","- ",34.463299999999997,-120.0223,"SANTA BARBARA",UNINCORPORATED,-120.02229019000001,34.463287520000002
6920562,2015,2015-06-17,4203,2015-05-18,1552,7187,,1,5,5,4203,0,0,0,,0,003,"ANAPAMU ST","ANACAPA ST",0.00,,Y,A,-,N,,,,,,,,,,N,4,0,2,2,A,-,12,21453,A,N,D,C,A,A,H,-,A,A,0,,,,,Y,,-,,0,0,2,0,0,0,0,0,0,"- ","- ",34.42445,-119.70329,"SANTA BARBARA","SANTA BARBARA",-119.70327985999999,34.424470069999998
6920752,2015,2017-01-09,9755,2015-04-30,2209,16999,,4,3,9,4200,0,1,3,,1,042,"RT 154","LAKE CACHUMA ENT",3221.00,E,N,A,-,Y,SB,5,154,-,-,15.310,H,-,E,Y,2,0,1,1,A,-,01,23152,A,M,F,A,A,A,H,-,D,D,0,,,Y,,Y,Y,C,02,1,0,0,0,0,0,0,0,1,"- ","- ",34.567689999999999,-119.95017,"SANTA BARBARA",UNINCORPORATED,-119.95135451,34.56776481
6920771,2015,2016-09-29,9750,2015-04-30,1820,16714,,4,2,9,4200,0,1,3,,1,022,"RT 1","SAN ANTONIO RD E",4699.00,N,N,A,-,Y,SB,5,1,-,M,32.080,H,-,S,Y,4,0,1,1,A,-,08,22107,,N,F,A,A,A,H,-,A,D,1,,,,,Y,,A,01,0,0,1,0,0,0,0,0,0,"- ","- ",34.779139999999998,-120.47451,"SANTA BARBARA",UNINCORPORATED,-120.50269895,34.77461856
6921398,2015,2015-06-03,4200,2015-05-02,1709,4804,10,6,5,3,4205,0,0,0,,0,040,"7TH ST","YUCCA LN",40.00,E,N,A,-,N,,,,,,,,,,N,3,0,1,2,A,-,21,22106,,N,G,B,D,A,H,-,A,D,0,Y,,,,Y,Y,A,01,0,1,0,0,1,0,0,0,0,"- ","- ",,,"SANTA BARBARA",CARPINTERIA,-119.52104610000001,34.397252539999997
6921818,2015,2015-06-03,4200,2015-04-20,1827,4097,14,1,5,4,4214,0,0,0,,0,080,"ELLWOOD BEACH DR","STREHLE LN",80.00,N,N,A,-,N,,,,,,,,,,N,4,0,1,2,A,-,09,21804,A,N,B,G,A,A,H,-,A,D,0,,Y,,,Y,,L,04,0,0,1,0,0,0,1,0,0,"- ","- ",,,"SANTA BARBARA",GOLETA,-119.88564058999999,34.425589680000002
6931492,2015,2015-06-18,9750,2015-05-16,1620,16714,,6,2,9,4200,0,3,5,,2,020,"ALDERBERRY DR","DOGWOOD CT",38.00,W,N,A,-,N,,,,,,,,,,N,4,0,1,2,A,-,08,22107,,N,B,C,A,A,H,-,A,D,0,,,,,Y,,A,01,0,0,1,0,0,0,0,0,0,"- ","- ",34.894449999999999,-120.48656,"SANTA BARBARA",UNINCORPORATED,-120.48644143,34.894440260000003
6932388,2015,2015-06-09,4203,2015-05-02,1658,7570,62,6,5,5,4203,0,0,0,,0,001,"E YANONALI ST","N MILPAS ST",0.00,,Y,A,-,N,,,,,,,,,,Y,3,0,1,2,A,-,09,21801,A,N,D,C,A,A,H,-,A,A,0,,,,,Y,,A,01,0,1,0,0,0,0,0,0,0,"- ","- ",34.423439999999999,-119.68154,"SANTA BARBARA","SANTA BARBARA",-119.68147997,34.423480089999998
6932391,2015,2015-06-09,4203,2015-05-08,1038,2661,48,5,5,5,4203,0,0,0,,0,005,"E LOS OLIVOS ST","LAGUNA ST",420.00,E,N,B,-,N,,,,,,,,,,Y,3,0,2,2,A,-,08,22107,,N,B,C,A,A,H,-,A,D,0,,,,,Y,,-,,0,1,1,0,0,0,0,0,0,"- ","- ",34.261200000000002,-119.4247,"SANTA BARBARA","SANTA BARBARA",-119.71268121,34.438377719999998
6932392,2015,2015-06-09,4203,2015-05-08,1311,2661,47,5,5,5,4203,0,0,0,,0,003,"SANTA BARBARA","ARRELLAGA ST",12.00,N,N,A,-,N,,,,,,,,,,Y,4,0,1,2,A,-,08,22100,B,N,B,C,A,A,H,-,A,A,0,,,,,Y,,-,,0,0,1,0,0,0,0,0,0,"- ","- ",34.2545,-119.4226,"SANTA BARBARA","SANTA BARBARA",-119.70730972,34.42924189
6932395,2015,2015-06-09,4203,2015-05-13,1851,1584,9,3,5,5,4203,0,0,0,,0,002,"CABRILLO BL","STATE ST",0.00,,Y,B,-,N,,,,,,,,,,N,4,0,1,2,D,-,00,,,N,H,A,A,A,D,-,A,A,0,,Y,,,Y,,-,"- ",0,0,1,0,0,0,1,0,0,"- ","- ",34.244390000000003,-119.41213,"SANTA BARBARA","SANTA BARBARA",-119.6891899,34.41218009
6932396,2015,2015-06-09,4203,2015-05-09,1857,7083,4203,6,5,5,4203,0,0,0,,0,001,"N CALLE CESAR CHAVEZ","MONTECITO ST",23.00,N,N,A,-,N,,,,,,,,,,N,3,0,1,2,A,-,11,21954,A,N,G,B,D,A,H,-,A,D,0,Y,,,,Y,,N,60,0,1,0,0,1,0,0,0,0,"- ","- ",34.421199999999999,-119.6861,"SANTA BARBARA","SANTA BARBARA",-119.68621623999999,34.421322609999997
6933857,2015,2015-06-09,4203,2015-05-16,0834,7193,,6,5,5,4203,0,0,0,,0,004,"DE LA VINA ST","W ORTEGA ST",0.00,,Y,A,-,N,,,,,,,,,,Y,4,0,1,2,A,-,08,22107,,N,D,C,A,A,H,-,A,D,0,,,,,Y,,-,,0,0,1,0,0,0,0,0,0,"- ","- ",34.245910000000002,-119.42005,"SANTA BARBARA","SANTA BARBARA",-119.70031996,34.416540009999999
6933861,2015,2015-06-09,4203,2015-05-18,1708,7570,21,1,5,5,4203,0,0,0,,0,006,"SAN ANDRES ST","ANAPAMU ST",6.00,S,N,A,-,N,,,,,,,,,,N,3,0,1,2,D,-,00,,,N,D,G,A,A,H,-,A,A,0,,Y,,,Y,,-,"- ",0,1,0,0,0,0,1,0,0,"- ","- ",34.245699999999999,-119.42440000000001,"SANTA BARBARA","SANTA BARBARA",-119.71232526,34.415958949999997
6933865,2015,2015-06-09,4203,2015-05-16,1410,7774,,6,5,5,4203,0,0,0,,0,006,"W VALERIO ST","SUNSET AV",14.00,E,N,A,-,N,,,,,,,,,,N,4,0,1,2,D,-,00,,,F,B,E,A,A,H,-,A,D,0,,,,,Y,,-,"- ",0,0,1,0,0,0,0,0,0,"- ","- ",34.251609999999999,-119.43056,"SANTA BARBARA","SANTA BARBARA",-119.71809105,34.421230039999998
6933869,2015,2015-06-09,4203,2015-05-17,2226,6968,45,7,5,5,4203,0,0,0,,0,003,"LAGUNA ST","E VICTORIA ST",0.00,,Y,A,-,N,,,,,,,,,,N,3,0,1,1,A,-,13,22515,A,N,E,I,A,A,H,-,C,A,0,,,,,Y,,-,,0,1,0,0,0,0,0,0,0,"- ","- ",34.254269999999998,-119.42043,"SANTA BARBARA","SANTA BARBARA",-119.70123,34.428540050000002
6933877,2015,2015-06-09,4203,2015-05-14,1934,5086,,4,5,5,4203,0,0,0,,0,004,"W ARRELLAGA ST","BATH ST",0.00,E,N,A,-,N,,,,,,,,,,Y,4,0,1,3,A,-,08,22107,,N,B,E,A,A,H,-,B,D,0,,,,,Y,,-,,0,0,1,0,0,0,0,0,0,"- ","- ",34.252279999999999,-119.42505,"SANTA BARBARA","SANTA BARBARA",-119.7128999,34.423970079999997
6940403,2015,2017-01-05,9760,2015-04-11,1315,19464,,6,1,9,4200,0,1,2,,2,010,"RT 101","SHEFFIELD DR",800.00,S,N,A,-,Y,SB,5,101,-,-,8.850,H,-,N,Y,4,0,2,3,A,-,03,22350,,N,C,C,A,A,H,-,A,D,1,,,,,Y,,A,07,0,0,2,0,0,0,0,0,0,"- ","- ",34.421329999999998,-119.60941,"SANTA BARBARA",UNINCORPORATED,-119.61138791,34.421580050000003
6940831,2015,2017-01-13,4202,2015-06-16,1623,292,,2,5,4,4202,0,0,0,,0,,"RT 246","3RD ST",223.00,E,N,A,-,Y,SB,5,1,-,-,19.770,H,-,S,Y,3,0,1,2,A,-,09,21801,A,N,D,C,A,A,H,-,A,A,0,,,Y,,Y,,A,01,0,1,0,0,0,0,0,0,1,"- ","- ",,,"SANTA BARBARA",LOMPOC,-120.44453974,34.638856519999997
6940832,2015,2015-07-20,4202,2015-06-10,0250,230,LOMPO,3,5,4,4202,0,0,0,,0,,"CHESTNUT AV","V ST",0.00,W,N,B,-,N,,,,,,,,,,Y,3,0,1,1,A,-,08,22107,,N,E,I,A,A,H,-,C,D,0,,,,,Y,,A,01,0,1,0,0,0,0,0,0,0,"- ","- ",,,"SANTA BARBARA",LOMPOC,-120.47545991,34.642380109999998
6940934,2015,2015-07-31,4203,2015-06-15,1420,2520,4203,1,5,5,4203,0,0,0,,0,001,"HALEY ST","SALSIPUEDES ST",0.00,,Y,A,-,N,,,,,,,,,,N,3,0,1,2,A,-,03,22350,,N,C,C,A,A,H,-,A,A,0,,,,,Y,,D,22,0,1,0,0,0,0,0,0,0,"- ","- ",,,"SANTA BARBARA","SANTA BARBARA",-119.68872988,34.423180029999997
6941429,2015,2017-01-09,9750,2015-05-17,2225,16874,,7,3,9,4200,0,1,3,,1,021,"RT 135","GOODWIN RD",65.00,S,N,A,-,Y,SB,5,135,-,-,12.060,H,-,N,Y,2,0,2,2,A,-,03,22350,,N,C,C,A,A,H,-,C,A,5,,,,,Y,,A,01,1,0,1,0,0,0,0,0,0,"- ","- ",34.899340000000002,-120.43601,"SANTA BARBARA",UNINCORPORATED,-120.43600933,34.899313319999997
6941433,2015,2015-07-01,9750,2015-05-20,0800,13267,,3,1,9,4200,0,2,4,,1,024,"ORCUTT RD","FOSTER RD",0.00,,Y,B,-,N,,,,,,,,,,Y,4,0,1,2,A,-,09,21802,A,N,D,C,A,A,H,-,A,A,0,,,,,Y,,A,01,0,0,1,0,0,0,0,0,0,"- ","- ",34.883249999999997,-120.43617,"SANTA BARBARA",UNINCORPORATED,-120.43615991999999,34.883060049999997
6941778,2015,2015-06-24,4204,2015-05-06,0818,22807,51,3,5,5,4204,0,0,0,,0,002,SMITH,LEMON,0.00,,Y,A,-,N,,,,,,,,,,N,4,0,1,2,D,-,00,,,N,D,C,A,A,H,-,A,D,0,,,,,Y,,-,"- ",0,0,1,0,0,0,0,0,0,"- ","- ",,,"SANTA BARBARA","SANTA MARIA",-120.44260998999999,34.94779011