CASE_ID,ACCIDENT_YEAR,PROC_DATE,JURIS,COLLISION_DATE,COLLISION_TIME,OFFICER_ID,REPORTING_DISTRICT,DAY_OF_WEEK,CHP_SHIFT,POPULATION,CNTY_CITY_LOC,SPECIAL_COND,BEAT_TYPE,CHP_BEAT_TYPE,CITY_DIVISION_LAPD,CHP_BEAT_CLASS,BEAT_NUMBER,PRIMARY_RD,SECONDARY_RD,DISTANCE,DIRECTION,INTERSECTION,WEATHER_1,WEATHER_2,STATE_HWY_IND,CALTRANS_COUNTY,CALTRANS_DISTRICT,STATE_ROUTE,ROUTE_SUFFIX,POSTMILE_PREFIX,POSTMILE,LOCATION_TYPE,RAMP_INTERSECTION,SIDE_OF_HWY,TOW_AWAY,COLLISION_SEVERITY,NUMBER_KILLED,NUMBER_INJURED,PARTY_COUNT,PRIMARY_COLL_FACTOR,PCF_CODE_OF_VIOL,PCF_VIOL_CATEGORY,PCF_VIOLATION,PCF_VIOL_SUBSECTION,HIT_AND_RUN,TYPE_OF_COLLISION,MVIW,PED_ACTION,ROAD_SURFACE,ROAD_COND_1,ROAD_COND_2,LIGHTING,CONTROL_DEVICE,CHP_ROAD_TYPE,PEDESTRIAN_ACCIDENT,BICYCLE_ACCIDENT,MOTORCYCLE_ACCIDENT,TRUCK_ACCIDENT,NOT_PRIVATE_PROPERTY,ALCOHOL_INVOLVED,STWD_VEHTYPE_AT_FAULT,CHP_VEHTYPE_AT_FAULT,COUNT_SEVERE_INJ,COUNT_VISIBLE_INJ,COUNT_COMPLAINT_PAIN,COUNT_PED_KILLED,COUNT_PED_INJURED,COUNT_BICYCLIST_KILLED,COUNT_BICYCLIST_INJURED,COUNT_MC_KILLED,COUNT_MC_INJURED,PRIMARY_RAMP,SECONDARY_RAMP,LATITUDE,LONGITUDE,COUNTY,CITY,POINT_X,POINT_Y
6941969,2015,2015-06-29,4204,2015-05-23,0947,23397,80,6,5,5,4204,0,0,0,,0,003,"BETTERAVIA RD","BLOSSER RD",50.00,W,N,A,-,N,,,,,,,,,,N,4,0,1,2,A,-,03,22350,,N,C,C,A,A,H,-,A,A,0,,,,,Y,,A,01,0,0,1,0,0,0,0,0,0,"- ","- ",,,"SANTA BARBARA","SANTA MARIA",-120.45425659,34.920635840000003
6941973,2015,2015-06-29,4204,2015-05-12,1729,90323,59,2,5,5,4204,0,0,0,,0,002,"SIERRA MADRE AV","BRADLEY RD",423.00,W,N,A,-,N,,,,,,,,,,N,4,0,1,2,A,-,21,22106,,N,B,C,A,A,H,-,A,D,0,,,Y,,Y,,A,01,0,0,1,0,0,0,0,0,1,"- ","- ",,,"SANTA BARBARA","SANTA MARIA",-120.41973459,34.94018191
6943898,2015,2015-07-02,4203,2015-05-21,1812,3597,,4,5,5,4203,0,0,0,,0,006,"MODOC RD","EUCALYPTUS AV",120.00,S,N,A,-,N,,,,,,,,,,Y,4,0,1,2,A,-,08,22107,,N,A,E,A,A,H,-,A,D,0,,,,,Y,,-,,0,0,1,0,0,0,0,0,0,"- ","- ",34.252899999999997,-119.43247,"SANTA BARBARA","SANTA BARBARA",-119.72457679,34.424969349999998
6943902,2015,2015-07-02,4203,2015-05-25,0942,6700,11,1,5,5,4203,0,0,0,,0,002,"CABRILLO BL","CHANNEL DR",0.00,,Y,B,-,N,,,,,,,,,,Y,4,0,1,2,A,-,09,21802,A,N,D,C,A,A,H,-,A,A,0,,,,,Y,,A,08,0,0,1,0,0,0,0,0,0,"- ","- ",34.251690000000004,-119.39228,"SANTA BARBARA","SANTA BARBARA",-119.65636997999999,34.421400050000003
6921821,2015,2015-05-21,4200,2015-04-27,1623,3640,,1,5,3,4205,0,0,0,,0,,"LINDEN AV","CARPINTERIA AV",0.00,,Y,A,-,N,,,,,,,,,,N,4,0,1,3,A,-,21,22106,,N,C,C,A,A,H,-,A,A,0,,,,,Y,,-,,0,0,1,0,0,0,0,0,0,"- ","- ",,,"SANTA BARBARA",CARPINTERIA,-119.51839991999999,34.39893008
6921822,2015,2015-05-21,4200,2015-04-26,1158,3640,10,7,5,3,4205,0,0,0,,0,030,"CARPINTERIA AV","LINDEN AV",0.00,,Y,A,-,N,,,,,,,,,,N,3,0,1,2,A,-,09,21453,C,N,D,G,A,A,H,-,A,A,0,,Y,,,Y,,-,"- ",0,1,0,0,0,0,1,0,0,"- ","- ",,,"SANTA BARBARA",CARPINTERIA,-119.51839991999999,34.39893008
6921825,2015,2015-05-21,4200,2015-04-19,0803,4658,14,7,5,4,4214,0,0,0,,0,080,"SAN BLANCO DR","SAN MILANO DR",0.00,,Y,B,-,N,,,,,,,,,,N,3,0,1,2,A,-,11,21954,A,N,G,B,E,A,H,-,A,A,0,Y,,,,Y,,N,60,0,1,0,0,1,0,0,0,0,"- ","- ",,,"SANTA BARBARA",GOLETA,-119.88561992,34.434030069999999
6921858,2015,2016-09-28,4202,2015-04-24,1026,239,LOMPO,5,5,4,4202,0,0,0,,0,004,"RT 1","CENTRAL AV",15.00,S,N,A,B,Y,SB,5,1,-,-,22.070,H,-,N,N,4,0,1,2,A,-,04,21703,,N,C,C,A,A,H,-,A,A,0,,,,,Y,,A,01,0,0,1,0,0,0,0,0,0,"- ","- ",,,"SANTA BARBARA",LOMPOC,-120.45762473000001,34.660835730000002
6922055,2015,2015-10-16,4204,2015-05-01,2329,90273,14,5,5,5,4204,0,0,0,,0,001,CURRYER,ORCHARD,0.00,,Y,A,-,N,,,,,,,,,,Y,4,0,1,2,A,-,01,23152,A,N,B,E,A,A,H,-,C,A,0,,,,,Y,Y,A,01,0,0,1,0,0,0,0,0,0,"- ","- ",,,"SANTA BARBARA","SANTA MARIA",-120.44190995,34.965910039999997
6922199,2015,2015-06-12,4203,2015-05-07,1411,6700,36,4,5,5,4203,0,0,0,,0,005,"DE LA VINA ST","ALAMAR AV",156.00,N,N,B,-,N,,,,,,,,,,N,4,0,1,2,A,-,03,22350,,N,C,C,A,A,H,-,A,A,0,,,,,Y,,A,01,0,0,1,0,0,0,0,0,0,"- ","- ",34.268929999999997,-119.43319,"SANTA BARBARA","SANTA BARBARA",-119.72544947999999,34.43576977
6922203,2015,2015-06-12,4203,2015-05-02,2043,7187,,6,5,5,4203,0,0,0,,0,003,"STATE ST","ARRELLAGA ST",0.00,,Y,A,-,N,,,,,,,,,,N,2,0,1,2,A,-,09,21801,A,N,D,G,A,A,H,-,C,A,0,,Y,,,Y,,-,,1,0,0,0,0,0,1,0,0,"- ","- ",34.429000000000002,-119.7097,"SANTA BARBARA","SANTA BARBARA",-119.70958994,34.427100039999999
6922207,2015,2015-06-12,4203,2015-05-06,1346,6700,42,3,5,5,4203,0,0,0,,0,003,"ANACAPA ST","FIGUEROA ST",209.00,N,N,A,-,N,,,,,,,,,,N,4,0,1,2,A,-,10,21950,A,N,D,B,B,A,H,-,A,D,0,Y,,,,Y,,A,01,0,0,1,0,1,0,0,0,0,"- ","- ",34.252600000000001,-119.42957,"SANTA BARBARA","SANTA BARBARA",-119.70251446,34.423904129999997
6922211,2015,2015-06-12,4203,2015-05-06,1715,5086,,3,5,5,4203,0,0,0,,0,004,"W ARRELLAGA ST","DE LA VINA ST",98.00,E,N,A,-,N,,,,,,,,,,N,3,0,1,3,A,-,17,22517,,N,H,G,A,A,H,-,A,D,0,,Y,,,Y,,-,,0,1,0,0,0,0,1,0,0,"- ","- ",34.253030000000003,-119.42424,"SANTA BARBARA","SANTA BARBARA",-119.71164770999999,34.425186140000001
6922215,2015,2015-06-12,4203,2015-05-08,1833,7189,,5,5,5,4203,0,0,0,,0,003,"ANACAPA ST","ANAPAMU ST",0.00,,Y,A,-,N,,,,,,,,,,Y,4,0,2,2,A,-,12,21453,A,N,D,D,A,A,H,-,A,A,0,,,,,Y,,A,08,0,0,2,0,0,0,0,0,0,"- ","- ",34.424399999999999,-119.7032,"SANTA BARBARA","SANTA BARBARA",-119.70327985999999,34.424470069999998
6922220,2015,2015-06-23,4204,2015-05-02,1232,90272,32,6,5,5,4204,0,0,0,,0,002,FESLER,BENWILEY,0.00,,Y,A,-,N,,,,,,,,,,Y,4,0,1,2,A,-,12,22450,,N,-,C,A,A,H,-,A,D,0,,,,,Y,,A,01,0,0,1,0,0,0,0,0,0,"- ","- ",,,"SANTA BARBARA","SANTA MARIA",-120.4456399,34.95687006
6934009,2015,2017-01-05,9760,2015-04-14,0950,14690,,2,1,5,4203,0,1,2,,2,011,"RT 101","JUNIPERO ST",257.00,S,N,A,-,Y,SB,5,101,-,-,16.180,H,-,N,Y,4,0,1,2,A,-,07,21658,A,N,B,C,A,A,H,-,A,D,1,,,,,Y,,A,01,0,0,1,0,0,0,0,0,0,"- ","- ",34.426909999999999,-119.7272,"SANTA BARBARA","SANTA BARBARA",-119.72726339,34.426928609999997
6934010,2015,2017-01-05,9760,2015-04-12,1745,20511,,7,2,9,4200,0,1,2,,2,010,"RT 101","SHEFFIELD DR",500.00,N,N,A,-,Y,SB,5,101,-,-,9.090,H,-,S,Y,4,0,1,3,A,-,03,22350,,N,C,C,A,A,H,-,A,D,1,,,,,Y,,A,07,0,0,1,0,0,0,0,0,0,"- ","- ",34.421610000000001,-119.61637,"SANTA BARBARA",UNINCORPORATED,-119.61556462,34.42146374
6934013,2015,2017-01-05,9760,2015-04-10,1635,18019,,5,2,4,4214,0,1,2,,2,020,"RT 101","RT 217",20.00,N,N,A,-,Y,SB,5,101,-,-,21.410,H,-,S,Y,4,0,1,2,A,-,03,22350,,N,C,C,A,A,H,-,A,D,1,,,,,Y,,A,08,0,0,1,0,0,0,0,0,0,"- ","- ",34.441380000000002,-119.8133,"SANTA BARBARA",GOLETA,-119.81301743,34.441415630000002
6934014,2015,2017-01-05,9760,2015-04-09,1655,19464,,4,2,5,4203,0,1,2,,2,011,"RT 101","GARDEN ST",600.00,S,N,A,-,Y,SB,5,101,-,-,13.380,H,-,N,N,4,0,2,3,A,-,03,22350,,N,C,C,A,A,H,-,E,D,1,,,,,Y,,A,01,0,0,2,0,0,0,0,0,0,"- ","- ",34.419800000000002,-119.68622000000001,"SANTA BARBARA","SANTA BARBARA",-119.68800874999999,34.419296070000001
6934017,2015,2017-01-05,9760,2015-04-08,1720,18754,,3,2,5,4203,0,1,2,,2,011,"RT 101","CASTILLO ST",200.00,S,N,A,-,Y,SB,5,101,-,R,14.150,H,-,S,N,4,0,1,2,A,-,03,22350,,N,C,C,A,A,H,-,A,D,1,,,,,Y,,A,08,0,0,1,0,0,0,0,0,0,"- ","- ",34.412799999999997,-119.69589999999999,"SANTA BARBARA","SANTA BARBARA",-119.69825505999999,34.412228929999998
6934018,2015,2017-01-05,9760,2015-04-07,0540,15658,,2,3,3,4205,0,1,2,,2,010,"RT 101","SANTA MONICA CREEK",36.00,N,N,B,-,Y,SB,5,101,-,-,3.780,H,-,S,Y,3,0,2,2,C,-,18,,,N,C,C,A,A,G,-,D,D,1,,,,,Y,,-,"- ",0,1,1,0,0,0,0,0,0,"- ","- ",34.403649999999999,-119.52894999999999,"SANTA BARBARA",CARPINTERIA,-119.52877493,34.403621139999998
6934021,2015,2017-01-05,9760,2015-04-07,1635,15658,,2,2,5,4203,0,1,2,,2,011,"RT 101","CARRILLO ST",300.00,N,N,A,-,Y,SB,5,101,-,R,14.850,H,-,S,Y,4,0,1,3,A,-,03,22350,,N,C,C,A,B,H,-,A,D,1,,,,,Y,,A,01,0,0,1,0,0,0,0,0,0,TO,"- ",34.417279999999998,-119.70935,"SANTA BARBARA","SANTA BARBARA",-119.70850759,34.417002920000002
6934022,2015,2017-01-05,9760,2015-04-06,1455,15658,,1,2,9,4200,0,1,2,,1,030,"RT 101","DOS PUEBLOS CANYON RD",1100.00,N,N,A,-,Y,SB,5,101,-,-,30.270,H,-,S,Y,2,0,1,1,A,-,08,22107,,N,E,I,A,A,H,-,A,D,5,,,,,Y,,A,01,1,0,0,0,0,0,0,0,0,"- ","- ",34.4499,-119.96259999999999,"SANTA BARBARA",UNINCORPORATED,-119.96226077999999,34.449661679999998
6934025,2015,2017-01-05,9760,2015-04-04,1323,15658,,6,1,4,4214,0,1,2,,1,030,"RT 101","FAIRVIEW AV",100.00,N,N,A,-,Y,SB,5,101,-,-,22.550,H,-,N,Y,3,0,3,3,A,-,03,22350,,N,C,C,A,A,D,-,A,D,1,,,,,Y,,A,08,0,2,1,0,0,0,0,0,0,"- ","- ",34.439549999999997,-119.83333,"SANTA BARBARA",GOLETA,-119.83272556999999,34.439577540000002
6934026,2015,2017-01-05,9760,2015-04-06,1230,18490,,1,1,9,4200,0,1,2,,2,010,"RT 101","N PADARO RD",3696.00,S,N,A,-,Y,SB,5,101,-,R,6.440,H,-,N,Y,4,0,1,3,A,-,03,22350,,N,C,C,A,A,H,-,A,D,1,,,,,Y,,A,08,0,0,1,0,0,0,0,0,0,"- ","- ",34.416409999999999,-119.57013999999999,"SANTA BARBARA",UNINCORPORATED,-119.57073183,34.41628034
6934029,2015,2017-01-05,9760,2015-04-06,0935,18490,,1,1,9,4200,0,1,2,,2,010,"RT 101","SANTA YNEZ AV",600.00,S,N,A,-,Y,SB,5,101,-,-,3.540,H,-,N,Y,4,0,2,2,A,-,03,22350,,N,C,C,A,A,H,-,A,D,1,,,,,Y,,A,01,0,0,2,0,0,0,0,0,0,"- ","- ",34.402830000000002,-119.52391,"SANTA BARBARA",UNINCORPORATED,-119.52465883000001,34.403019450000002
6934030,2015,2017-01-05,9760,2015-04-06,0745,20908,,1,1,3,4205,0,1,2,,2,010,"RT 101","SANTA MONICA RD",2640.00,N,N,A,-,Y,SB,5,101,-,-,4.270,H,-,N,N,4,0,1,2,A,-,03,22350,,N,C,C,A,A,H,-,A,D,1,,,,,Y,,A,01,0,0,1,0,0,0,0,0,0,"- ","- ",34.40569,-119.53857000000001,"SANTA BARBARA",CARPINTERIA,-119.53697101,34.405348760000003
6934033,2015,2017-01-05,9760,2015-04-06,1105,20908,,1,1,3,4205,0,1,2,,2,010,"RT 101","SANTA MONICA RD",1500.00,S,N,A,-,Y,SB,5,101,-,-,3.480,H,-,N,Y,4,0,1,3,A,-,03,22350,,N,C,C,A,A,H,-,A,D,1,,,,,Y,,A,07,0,0,1,0,0,0,0,0,0,"- ","- ",34.40305,-119.52472,"SANTA BARBARA",CARPINTERIA,-119.52362687,34.402823869999999
6934034,2015,2015-06-04,9760,2015-04-07,1505,16739,,2,2,9,4200,0,3,5,,2,002,"PATTERSON AV","AGANA DR",0.00,,Y,A,-,N,,,,,,,,,,Y,4,0,1,2,A,-,03,22350,,N,C,C,A,A,H,-,A,D,0,,,,,Y,,A,01,0,0,1,0,0,0,0,0,0,"- ","- ",34.44802,-119.80746000000001,"SANTA BARBARA",UNINCORPORATED,-119.80755000000001,34.448140049999999
6934049,2015,2015-06-05,9760,2015-04-09,0115,18431,,4,3,9,4200,0,3,5,,2,005,"SABADO TARDE RD","CAMINO PESCADERO",300.00,E,N,A,-,N,,,,,,,,,,N,3,0,1,2,A,-,01,21200,5,N,B,E,A,A,H,-,C,D,0,,Y,,,Y,Y,L,04,0,1,0,0,0,0,1,0,0,"- ","- ",34.410429999999998,-119.85754,"SANTA BARBARA",UNINCORPORATED,-119.85770606,34.410444509999998
6934378,2015,2015-07-29,4204,2015-05-09,1850,90323,79,6,5,5,4204,0,0,0,,0,003,"WESTGATE RD","PASEO JACARANDA",0.00,,Y,A,-,N,,,,,,,,,,N,4,0,2,2,A,-,09,21802,,N,D,C,A,A,H,-,A,D,0,,,,,Y,,A,01,0,0,2,0,0,0,0,0,0,"- ","- ",,,"SANTA BARBARA","SANTA MARIA",-120.45991995999999,34.921890079999997
6934381,2015,2017-01-09,4204,2015-05-06,2013,90365,05,3,5,5,4204,0,0,0,,0,001,BROADWAY,GRANT,0.00,,Y,A,-,Y,SB,5,135,-,-,17.130,H,-,N,Y,4,0,1,2,A,-,09,21802,A,N,-,C,A,A,H,-,C,A,0,,,,,Y,,A,01,0,0,1,0,0,0,0,0,0,"- ","- ",,,"SANTA BARBARA","SANTA MARIA",-120.43554462,34.972774819999998
6935230,2015,2015-07-13,4202,2015-06-22,0132,230,LOMPO,1,5,4,4202,0,0,0,,0,,"LEMON AV","F ST",0.00,,Y,B,-,N,,,,,,,,,,Y,3,0,1,1,A,-,01,23152,A,N,E,I,A,A,H,-,C,A,0,,,Y,,Y,Y,C,02,0,1,0,0,0,0,0,0,1,"- ","- ",,,"SANTA BARBARA",LOMPOC,-120.45516996000001,34.652580110000002
6935336,2015,2015-07-16,4202,2015-06-20,1049,GREEN,LOMPO,6,5,4,4202,0,0,0,,0,,"N L ST","W CHESTNUT AV",23.00,N,N,A,-,N,,,,,,,,,,N,4,0,1,4,A,-,09,21802,A,N,D,C,A,A,H,-,A,A,0,,,,,Y,,A,01,0,0,1,0,0,0,0,0,0,"- ","- ",,,"SANTA BARBARA",LOMPOC,-120.46293,34.642323179999998
6935443,2015,2017-01-09,9760,2015-04-07,1205,12518,,2,1,9,4200,0,1,3,,1,022,"RT 154","WEST CAMINO CIELO",2640.00,E,N,B,C,Y,SB,5,154,-,-,25.670,H,-,E,Y,4,0,1,2,A,-,03,22350,,N,A,C,A,B,C,-,A,D,0,,,,,Y,,D,22,0,0,1,0,0,0,0,0,0,"- ","- ",34.503779999999999,-119.80489,"SANTA BARBARA",UNINCORPORATED,-119.80412164000001,34.503635979999999
6935447,2015,2015-06-03,9760,2015-04-07,1440,15658,,2,2,9,4200,0,3,5,,2,002,"ORCHID DR","SHORELINE DR",30.00,E,N,B,-,N,,,,,,,,,,Y,4,0,2,2,A,-,03,22350,,N,B,C,A,B,H,-,A,D,0,,,,,Y,,D,22,0,0,2,0,0,0,0,0,0,"- ","- ",34.424280000000003,-119.80509000000001,"SANTA BARBARA",UNINCORPORATED,-119.80515664000001,34.424366650000003
6935451,2015,2017-01-05,9760,2015-04-07,0535,15658,,2,3,3,4205,0,1,2,,2,010,"RT 101","SANTA MONICA CREEK",135.00,N,N,B,-,Y,SB,5,101,-,-,3.800,H,-,S,Y,3,0,1,2,A,-,03,22350,,N,C,C,A,A,H,-,D,D,1,,,,Y,Y,,A,01,0,1,0,0,0,0,0,0,0,"- ","- ",34.403649999999999,-119.52894999999999,"SANTA BARBARA",CARPINTERIA,-119.52911301,34.403677590000001
6922456,2015,2015-05-26,4200,2015-03-13,0740,3116,14,5,5,4,4214,0,0,0,,0,080,"CATHEDRAL OAKS RD","GLENN ANNIE RD",0.00,,Y,A,-,N,,,,,,,,,,N,3,0,1,2,A,-,05,21650,1,N,D,G,A,A,H,-,A,A,0,,Y,,,Y,,L,04,0,1,0,0,0,0,1,0,0,"- ","- ",,,"SANTA BARBARA",GOLETA,-119.87452991000001,34.440840110000003
6923033,2015,2015-06-02,4204,2015-05-04,1425,90271,4204,1,5,5,4204,0,0,0,,0,001,"CABOOSE AV","CESAR E CHAVEZ",100.00,E,N,A,-,N,,,,,,,,,,Y,4,0,1,1,A,-,03,22350,,N,E,I,A,A,H,-,A,D,0,,,,,Y,,A,01,0,0,1,0,0,0,0,0,0,"- ","- ",,,"SANTA BARBARA","SANTA MARIA",-120.44838639,34.983662670000001
6923606,2015,2015-06-10,4204,2015-05-03,1313,90342,40,7,5,5,4204,0,0,0,,0,002,"BLOSSER RD",COOK,0.00,,Y,A,-,N,,,,,,,,,,Y,4,0,1,2,A,-,03,22350,,N,C,C,A,A,H,-,A,A,0,,,,,Y,,A,01,0,0,1,0,0,0,0,0,0,"- ","- ",,,"SANTA BARBARA","SANTA MARIA",-120.45376996,34.949620109999998
6923622,2015,2016-10-06,4204,2015-05-12,1553,90364,081,2,5,5,4204,0,0,0,,0,B03,BROADWAY,"WESTERN VILLAGE DR",0.00,,Y,A,-,Y,SB,5,135,-,-,13.710,H,-,S,Y,4,0,1,2,A,-,03,22350,,N,C,C,A,A,H,-,A,A,0,,,,,Y,,A,01,0,0,1,0,0,0,0,0,0,"- ","- ",,,"SANTA BARBARA","SANTA MARIA",-120.43614821,34.923335539999997
6951853,2015,2017-01-06,9760,2015-05-24,0230,019819,,7,3,5,4203,0,1,2,,1,040,"RT 101","ARROYO HONDO PRESERVE",168.00,S,N,A,-,Y,SB,5,101,-,-,41.090,H,-,N,Y,3,0,1,2,A,-,01,23152,A,N,C,C,A,A,H,-,D,D,5,,,,Y,Y,Y,A,01,0,1,0,0,0,0,0,0,0,"- ","- ",34.47486,-119.14207,"SANTA BARBARA","SANTA BARBARA",-120.14192457,34.474769790000003
6951889,2015,2017-01-05,9760,2015-05-25,1432,019397,,1,2,5,4203,0,1,2,,2,011,"RT 101","ARRELLAGA ST",528.00,S,N,A,-,Y,SB,5,101,-,R,15.220,H,-,N,Y,3,0,1,1,A,-,01,23152,A,N,E,I,A,A,H,-,A,D,1,,,,,Y,Y,D,22,0,1,0,0,0,0,0,0,0,"- ","- ",34.419550000000001,-119.71203,"SANTA BARBARA","SANTA BARBARA",-119.71335109,34.420547740000004
6951924,2015,2017-01-06,9760,2015-05-29,1614,019656,,5,2,9,4200,0,1,3,,1,028,"RT 192","LA CUMBRE RD",20.00,W,N,A,-,Y,SB,5,192,-,-,0.740,H,-,E,N,4,0,1,2,A,-,01,23152,A,N,C,C,A,A,H,-,A,D,0,,,,,Y,Y,A,01,0,0,1,0,0,0,0,0,0,"- ","- ",,,"SANTA BARBARA",UNINCORPORATED,-119.75144701000001,34.455304099999999
6951928,2015,2015-06-22,9760,2015-05-28,0755,017674,,4,1,9,4200,0,2,4,,1,021,"HOLLISTER AV","MODOC RD",885.00,E,N,B,-,N,,,,,,,,,,N,3,0,2,3,A,-,09,21804,A,N,D,G,A,A,H,-,A,D,0,,Y,,,Y,,A,07,0,2,0,0,0,0,2,0,0,"- ","- ",,,"SANTA BARBARA",UNINCORPORATED,-119.76751,34.440510000000003
6951952,2015,2017-01-09,9760,2015-05-28,2015,017097,,4,2,9,4200,0,1,3,,1,022,"RT 154","SAN ANTONIO CREEK RD",8448.00,W,N,A,-,Y,SB,5,154,-,-,28.360,H,-,W,Y,4,0,1,1,A,-,08,22107,,N,E,I,A,A,H,-,B,D,0,,,,,Y,,A,01,0,0,1,0,0,0,0,0,0,"- ","- ",,,"SANTA BARBARA",UNINCORPORATED,-119.77640845000001,34.483772690000002
6951963,2015,2015-06-22,9760,2015-05-25,1840,020908,,1,2,9,4200,0,3,5,,2,001,"LILLIE AV","GREENWELL AV",205.00,W,N,A,-,N,,,,,,,,,,Y,3,0,2,3,A,-,03,22350,,N,C,C,A,A,H,-,A,D,0,,,,,Y,,A,01,0,1,1,0,0,0,0,0,0,"- ","- ",,,"SANTA BARBARA",UNINCORPORATED,-119.59159252000001,34.41914311
6951967,2015,2017-01-05,9760,2015-05-25,1415,16739,,1,2,4,4214,0,1,2,,1,030,"RT 101","LOS CARNEROS RD",3168.00,S,N,A,-,Y,SB,5,101,-,-,23.110,H,-,N,N,4,0,1,2,A,-,03,22350,,N,C,C,A,A,D,-,A,A,1,,,,,Y,,A,07,0,0,1,0,0,0,0,0,0,"- ","- ",,,"SANTA BARBARA",GOLETA,-119.84245045,34.438671919999997
6943906,2015,2015-07-02,4203,2015-05-16,1111,7193,,6,5,5,4203,0,0,0,,0,004,"DE LA VINA ST","W ORTEGA ST",62.00,S,N,A,-,N,,,,,,,,,,N,4,0,1,2,A,-,07,21658,A,N,B,C,A,A,H,-,A,D,0,,,,,Y,,-,,0,0,1,0,0,0,0,0,0,"- ","- ",34.253169999999997,-119.4203,"SANTA BARBARA","SANTA BARBARA",-119.70016640999999,34.416426960000003
6943910,2015,2016-09-08,4203,2015-05-21,1343,2520,4203,4,5,5,4203,0,0,0,,0,002,"CLIFF DR","LOMA ALTA DR",0.00,,Y,B,-,Y,SB,5,225,-,-,4.140,H,-,E,N,3,0,1,1,A,-,03,22350,,N,G,A,A,A,H,-,A,D,0,,Y,,,Y,,L,04,0,1,0,0,0,0,1,0,0,"- ","- ",34.258000000000003,-119.4156,"SANTA BARBARA","SANTA BARBARA",-119.70062076000001,34.406839480000002
6943914,2015,2016-09-08,4203,2015-05-14,1414,2661,16,4,5,5,4203,0,0,0,,0,006,"CLIFF DR","BARRANCA AV",115.00,E,N,C,-,Y,SB,5,225,-,-,33.750,H,-,E,Y,4,0,1,2,A,-,09,21801,A,N,D,C,A,B,H,-,A,D,0,,,,,Y,,-,,0,0,1,0,0,0,0,0,0,"- ","- ",34.241399999999999,-119.4222,"SANTA BARBARA","SANTA BARBARA",-119.70610008,34.403934679999999
6943918,2015,2015-07-02,4203,2015-05-24,1407,7587,,7,5,5,4203,0,0,0,,0,005,"CALLE REAL","LAS POSITAS",72.00,E,N,A,-,N,,,,,,,,,,N,4,0,1,2,A,-,03,22350,,N,C,C,A,A,H,-,A,A,0,,,,,Y,,-,,0,0,1,0,0,0,0,0,0,"- ","- ",34.254269999999998,-119.44001,"SANTA BARBARA","SANTA BARBARA",-119.7335047,34.428557320000003
6944569,2015,2015-06-24,9750,2015-05-29,1100,013766,,5,1,9,4200,0,3,5,,2,030,"ROSEMARY RD","BETTERAVIA RD",4.00,N,N,A,-,N,,,,,,,,,,Y,4,0,1,2,A,-,09,21802,A,N,D,C,A,A,H,-,A,D,0,,,,,Y,,D,22,0,0,1,0,0,0,0,0,0,"- ","- ",34.923929999999999,-120.40069,"SANTA BARBARA",UNINCORPORATED,-120.40062988,34.92381099
6947086,2015,2015-06-09,9760,2015-04-03,0154,19656,,5,3,9,4200,0,3,5,,2,002,"SUNSET RD","HOPE AV",400.00,W,N,A,-,N,,,,,,,,,,Y,4,0,1,3,A,-,08,22107,,N,F,C,A,A,H,-,D,D,0,,,,,Y,,A,07,0,0,1,0,0,0,0,0,0,"- ","- ",34.445509999999999,-119.74791999999999,"SANTA BARBARA",UNINCORPORATED,-119.74792566000001,34.445531850000002
6947090,2015,2017-01-06,9760,2015-04-17,1800,20323,,5,2,9,4200,0,3,5,,2,001,"RT 192","SYCAMORE CANYON RD",300.00,E,N,A,-,Y,SB,5,192,-,-,5.390,H,-,W,Y,3,0,1,1,A,-,03,22350,,N,F,A,A,A,H,-,A,D,0,,,Y,,Y,,C,02,0,1,0,0,0,0,0,0,1,"- ","- ",34.433889999999998,-119.65434,"SANTA BARBARA",UNINCORPORATED,-119.68195545,34.446691870000002
6947094,2015,2015-06-09,9760,2015-04-22,1225,12263,,3,1,9,4200,0,2,4,,1,021,"HOLLISTER AV","MAGNA VISTA ST",200.00,E,N,B,-,N,,,,,,,,,,N,4,0,1,3,A,-,09,21804,A,N,G,B,F,A,H,-,A,A,0,Y,,,,Y,,A,01,0,0,1,0,1,0,0,0,0,"- ","- ",34.437399999999997,-119.78601999999999,"SANTA BARBARA",UNINCORPORATED,-119.7861316,34.437253939999998
6947098,2015,2015-06-09,9760,2015-04-24,2310,20323,,5,3,9,4200,0,3,5,,2,005,"SABADO TARDE RD","CAMINO CORTO",78.00,E,N,A,-,N,,,,,,,,,,N,4,0,1,1,A,-,01,21200,5,N,F,A,A,A,H,-,C,D,0,,Y,,,Y,Y,L,04,0,0,1,0,0,0,1,0,0,"- ","- ",34.41095,-119.86639,"SANTA BARBARA",UNINCORPORATED,-119.86618158,34.41048799