CASE_ID,ACCIDENT_YEAR,PROC_DATE,JURIS,COLLISION_DATE,COLLISION_TIME,OFFICER_ID,REPORTING_DISTRICT,DAY_OF_WEEK,CHP_SHIFT,POPULATION,CNTY_CITY_LOC,SPECIAL_COND,BEAT_TYPE,CHP_BEAT_TYPE,CITY_DIVISION_LAPD,CHP_BEAT_CLASS,BEAT_NUMBER,PRIMARY_RD,SECONDARY_RD,DISTANCE,DIRECTION,INTERSECTION,WEATHER_1,WEATHER_2,STATE_HWY_IND,CALTRANS_COUNTY,CALTRANS_DISTRICT,STATE_ROUTE,ROUTE_SUFFIX,POSTMILE_PREFIX,POSTMILE,LOCATION_TYPE,RAMP_INTERSECTION,SIDE_OF_HWY,TOW_AWAY,COLLISION_SEVERITY,NUMBER_KILLED,NUMBER_INJURED,PARTY_COUNT,PRIMARY_COLL_FACTOR,PCF_CODE_OF_VIOL,PCF_VIOL_CATEGORY,PCF_VIOLATION,PCF_VIOL_SUBSECTION,HIT_AND_RUN,TYPE_OF_COLLISION,MVIW,PED_ACTION,ROAD_SURFACE,ROAD_COND_1,ROAD_COND_2,LIGHTING,CONTROL_DEVICE,CHP_ROAD_TYPE,PEDESTRIAN_ACCIDENT,BICYCLE_ACCIDENT,MOTORCYCLE_ACCIDENT,TRUCK_ACCIDENT,NOT_PRIVATE_PROPERTY,ALCOHOL_INVOLVED,STWD_VEHTYPE_AT_FAULT,CHP_VEHTYPE_AT_FAULT,COUNT_SEVERE_INJ,COUNT_VISIBLE_INJ,COUNT_COMPLAINT_PAIN,COUNT_PED_KILLED,COUNT_PED_INJURED,COUNT_BICYCLIST_KILLED,COUNT_BICYCLIST_INJURED,COUNT_MC_KILLED,COUNT_MC_INJURED,PRIMARY_RAMP,SECONDARY_RAMP,LATITUDE,LONGITUDE,COUNTY,CITY,POINT_X,POINT_Y
6947317,2015,2017-01-07,4202,2015-05-12,1011,292,,2,5,4,4202,0,0,0,,0,,"RT 246","N C ST",0.00,,Y,A,-,Y,SB,5,1,-,-,20.170,I,5,S,Y,4,0,2,2,A,-,09,21802,A,N,D,C,A,A,H,-,A,A,0,,,,,Y,,D,23,0,0,2,0,0,0,0,0,0,"- ","- ",,,"SANTA BARBARA",LOMPOC,-120.4515662,34.638867259999998
6947919,2015,2015-06-23,9760,2015-05-18,1600,018995,,1,2,9,4200,0,3,5,,2,002,"VIEJA DR","MOCKINGBIRD LN",306.00,S,N,A,-,N,,,,,,,,,,N,2,0,1,2,A,-,11,21954,A,N,G,B,E,A,H,-,A,D,0,Y,,,,Y,,N,60,1,0,0,0,1,0,0,0,0,"- ","- ",34.42801,-119.78816999999999,"SANTA BARBARA",UNINCORPORATED,-119.78853218,34.427916420000003
6951971,2015,2017-01-05,9760,2015-05-26,0525,16739,,2,3,9,4200,0,1,2,,1,040,"RT 101","TAJIGUAS WASTE FACILITY",2112.00,S,N,A,-,Y,SB,5,101,-,-,38.380,H,-,N,Y,2,0,2,1,A,-,08,22107,,N,E,I,A,A,H,-,D,D,5,,,,,Y,,A,01,1,1,0,0,0,0,0,0,0,"- ","- ",,,"SANTA BARBARA",UNINCORPORATED,-120.09707797,34.463533130000002
6951991,2015,2017-01-05,9760,2015-05-26,1955,019464,,2,2,5,4203,0,1,2,,2,020,"RT 101","LAS POSITAS RD",45.00,N,N,A,-,Y,SB,5,101,-,-,16.720,R,1,S,Y,4,0,2,2,A,-,01,23152,A,N,C,C,A,A,H,-,C,A,1,,,,,Y,Y,A,08,0,0,2,0,0,0,0,0,0,TO,"- ",,,"SANTA BARBARA","SANTA BARBARA",-119.73655768,34.428189449999998
6951995,2015,2015-06-19,9760,2015-05-21,1410,019397,,4,2,9,4200,0,3,5,,2,001,"CHELHAM WY","PASO ROBLES DR",650.00,N,N,B,-,N,,,,,,,,,,N,3,0,2,1,A,-,17,21204,B,N,-,-,A,A,H,-,A,D,0,,Y,,,Y,,L,04,0,2,0,0,0,0,2,0,0,"- ","- ",,,"SANTA BARBARA",UNINCORPORATED,-119.66411184,34.444632489999996
6951999,2015,2017-01-05,9760,2015-05-25,1229,019656,,1,1,5,4203,0,1,2,,2,010,"RT 101","SAN YSIDRO RD",200.00,S,N,A,-,Y,SB,5,101,-,-,9.980,H,-,S,Y,4,0,1,3,A,-,03,22350,,N,C,C,A,A,H,-,A,D,1,,,,,Y,,A,01,0,0,1,0,0,0,0,0,0,"- ","- ",,,"SANTA BARBARA","SANTA BARBARA",-119.63084043000001,34.422117059999998
6952117,2015,2017-01-05,9760,2015-06-03,1658,020628,,3,2,5,4203,0,1,2,,2,011,"RT 101","LAS POSITAS RD",1084.00,S,N,B,-,Y,SB,5,101,-,-,16.340,H,-,S,Y,4,0,1,2,A,-,03,22350,,N,C,C,A,A,H,-,A,D,1,,,,,Y,,A,01,0,0,1,0,0,0,0,0,0,"- ","- ",34.426859999999998,-119.72777000000001,"SANTA BARBARA","SANTA BARBARA",-119.73008034999999,34.4272274
6952121,2015,2017-01-05,9760,2015-06-03,1656,020628,,3,2,5,4203,0,1,2,,2,011,"RT 101","LAS POSITAS RD",1168.00,S,N,A,-,Y,SB,5,101,-,-,16.330,H,-,S,N,4,0,1,2,A,-,03,22350,,N,C,C,A,A,H,-,A,D,1,,,,,Y,,A,01,0,0,1,0,0,0,0,0,0,"- ","- ",34.426859999999998,-119.72777000000001,"SANTA BARBARA","SANTA BARBARA",-119.72990609999999,34.427194790000001
6952125,2015,2017-01-05,9760,2015-06-03,1135,017662,,3,1,9,4200,0,1,2,,2,010,"RT 101","NORTH PADARO LN",1476.00,N,N,B,-,Y,SB,5,101,-,R,7.420,H,-,N,Y,3,0,1,1,A,-,08,22107,,N,E,I,A,A,A,-,A,D,1,,,,,Y,,A,01,0,1,0,0,0,0,0,0,0,"- ","- ",34.417520000000003,-119.58772,"SANTA BARBARA",UNINCORPORATED,-119.58748613,34.417376769999997
6952153,2015,2017-01-05,9760,2015-06-04,1730,020628,,4,2,3,4205,0,1,2,,2,010,"RT 101","SANTA YNEZ AV",1032.00,S,N,B,-,Y,SB,5,101,-,-,3.450,H,-,S,Y,4,0,1,2,A,-,03,22350,,M,C,C,A,A,H,-,A,D,1,,,,,Y,,A,01,0,0,1,0,0,0,0,0,0,"- ","- ",34.402979999999999,-119.52543,"SANTA BARBARA",CARPINTERIA,-119.52315953,34.402544499999998
6952157,2015,2017-01-05,9760,2015-06-03,1657,020628,,3,2,5,4203,0,1,2,,2,011,"RT 101","LAS POSITAS RD",1137.00,S,N,A,-,Y,SB,5,101,-,-,16.330,H,-,S,Y,4,0,1,2,A,-,03,22350,,N,C,C,A,A,H,-,A,D,1,,,,,Y,,A,07,0,0,1,0,0,0,0,0,0,"- ","- ",34.426859999999998,-119.72777000000001,"SANTA BARBARA","SANTA BARBARA",-119.72990609999999,34.427194790000001
6953055,2015,2017-01-05,9760,2015-05-06,1636,020628,,3,2,3,4205,0,1,2,,2,010,"RT 101","BAILARD AV",2336.00,N,N,A,-,Y,SB,5,101,-,-,2.060,H,-,N,Y,4,0,1,1,A,-,08,22107,,N,E,I,A,A,H,-,A,D,1,,,,,Y,,A,08,0,0,1,0,0,0,0,0,0,"- ","- ",34.39076,-119.50545,"SANTA BARBARA",CARPINTERIA,-119.50487606,34.390669780000003
6953056,2015,2015-06-18,9760,2015-05-02,2100,019656,,6,2,9,4200,0,3,5,,2,005,"CAMINO PESCADERO","MADRID RD",0.00,,Y,A,-,N,,,,,,,,,,N,4,0,1,2,A,-,09,21801,A,N,H,G,A,A,H,-,C,D,0,,Y,,,Y,,L,04,0,0,1,0,0,0,1,0,0,"- ","- ",34.412399999999998,-119.85856,"SANTA BARBARA",UNINCORPORATED,-119.85868987000001,34.412470089999999
6935506,2015,2017-01-09,9760,2015-04-13,0250,020511,,1,3,9,4200,0,1,3,,1,022,"RT 154","WHITTAKERS CURVE",100.00,E,N,A,-,Y,SB,5,154,-,-,27.660,H,-,W,Y,4,0,2,2,A,-,01,23152,A,N,A,C,A,A,H,-,D,D,0,,,,,Y,Y,D,22,0,0,2,0,0,0,0,0,0,"- ","- ",34.490099999999998,-119.78313,"SANTA BARBARA",UNINCORPORATED,-119.78275848,34.490071810000003
6935514,2015,2017-01-05,9760,2015-04-07,1410,020908,,2,2,3,4205,0,1,2,,2,010,"RT 101","CASITAS PASS RD",800.00,N,N,C,-,Y,SB,5,101,-,-,2.790,H,-,N,Y,3,0,1,1,A,-,01,23152,A,N,E,I,A,B,H,-,A,D,1,,,,,Y,Y,D,22,0,1,0,0,0,0,0,0,0,"- ","- ",34.399839999999998,-119.51409,"SANTA BARBARA",CARPINTERIA,-119.51286874,34.398754959999998
6935836,2015,2015-07-01,4204,2015-05-20,0825,90232,12,3,5,5,4204,0,0,0,,0,001,DONOVAN,SURREY,0.00,,Y,B,-,N,,,,,,,,,,Y,3,0,3,2,A,-,09,21802,A,N,D,C,A,A,H,-,A,A,0,,,,Y,Y,,A,01,0,1,2,0,0,0,0,0,0,"- ","- ",,,"SANTA BARBARA","SANTA MARIA",-120.41474995999999,34.967560069999998
6935923,2015,2015-06-02,4204,2015-05-12,1516,90357,37,2,5,5,4204,0,0,0,,0,002,MAIN,"SUEY RD",0.00,,Y,B,-,N,,,,,,,,,,N,3,0,1,2,A,-,10,21950,A,N,G,B,B,A,H,-,A,A,0,Y,,,,Y,,A,01,0,1,0,0,1,0,0,0,0,"- ","- ",,,"SANTA BARBARA","SANTA MARIA",-120.40903992,34.952840000000002
6935924,2015,2017-01-09,9755,2015-05-24,1002,16999,,7,1,9,4200,0,3,5,,2,040,"LIVE OAK RD","RT 154",77.00,N,N,A,-,Y,SB,5,154,-,R,32.260,H,-,E,Y,2,0,1,1,A,-,03,22350,,N,F,A,A,A,H,-,A,D,0,,,Y,,Y,,C,02,1,0,0,0,0,0,0,0,1,"- ","- ",34.545250000000003,-119.87792,"SANTA BARBARA",UNINCORPORATED,-119.75997329,34.442335819999997
6935956,2015,2015-06-02,9750,2015-05-12,1525,17379,,2,2,9,4200,0,3,5,,2,020,"HILLVIEW RD","PAULINE CT",116.00,S,N,A,-,N,,,,,,,,,,Y,4,0,1,2,A,-,01,23152,E,N,E,I,A,A,H,-,A,D,0,,,,,Y,,A,07,0,0,1,0,0,0,0,0,0,"- ","- ",34.891539999999999,-120.42519,"SANTA BARBARA",UNINCORPORATED,-120.42522597,34.891501400000003
6936558,2015,2016-09-29,9750,2015-05-17,2300,17267,,7,3,9,4200,0,1,3,,1,022,"RT 1","GRACIOSA RD",13200.00,N,N,B,-,Y,SB,5,1,-,-,34.270,H,-,N,Y,4,0,1,1,A,-,08,22107,,N,E,I,A,A,H,-,D,D,1,,,,,Y,,D,22,0,0,1,0,0,0,0,0,0,"- ","- ",34.847990000000003,-120.45225000000001,"SANTA BARBARA",UNINCORPORATED,-120.45374237999999,34.792592259999999
6936648,2015,2016-10-06,4204,2015-05-12,1221,21338,081,2,5,5,4204,0,0,0,,0,003,BROADWAY,"MCCOY LN",300.00,S,N,A,-,Y,SB,5,135,-,-,13.200,H,-,S,N,4,0,1,2,A,-,03,22350,,N,C,C,A,A,H,-,A,A,0,,,,,Y,,A,07,0,0,1,0,0,0,0,0,0,"- ","- ",,,"SANTA BARBARA","SANTA MARIA",-120.4360796,34.91580527
6936713,2015,2017-01-05,9755,2015-05-16,2025,017967,,6,2,9,4200,0,1,2,,2,004,"RT 101","RT 1",8448.00,N,N,A,-,Y,SB,5,101,-,R,50.450,H,-,S,Y,4,0,1,1,A,-,01,23152,A,N,E,I,A,A,H,-,D,D,1,,,,,Y,Y,A,01,0,0,1,0,0,0,0,0,0,"- ","- ",34.523519999999998,-120.20595,"SANTA BARBARA",UNINCORPORATED,-120.20606635999999,34.52364798
6938136,2015,2015-10-03,4200,2015-09-11,1212,3116,14,5,5,4,4214,0,0,0,,0,080,"STORKE RD","BOLLAY DR",0.00,,Y,A,-,N,,,,,,,,,,Y,4,0,1,2,A,-,09,21802,A,N,D,C,A,A,H,-,A,A,0,,,,,Y,,D,22,0,0,1,0,0,0,0,0,0,"- ","- ",,,"SANTA BARBARA",GOLETA,-119.86976,34.428060029999997
6938138,2015,2015-10-03,4200,2015-09-11,1343,3116,14,5,5,4,4214,0,0,0,,0,080,"STORKE RD","PHELPS RD",37.00,S,N,A,-,N,,,,,,,,,,N,4,0,1,2,A,-,03,22350,,N,C,C,A,A,H,-,A,A,0,,,,,Y,,D,22,0,0,1,0,0,0,0,0,0,"- ","- ",,,"SANTA BARBARA",GOLETA,-119.86978073,34.4241484
6948102,2015,2015-06-17,4204,2015-05-28,2117,90276,,4,5,5,4204,0,0,0,,0,B03,"MAHONEY RD","BLACK RD",2300.00,E,N,A,-,N,,,,,,,,,,Y,4,0,1,2,A,-,08,22107,,N,D,C,A,A,H,-,D,D,0,,,,,Y,,D,22,0,0,1,0,0,0,0,0,0,"- ","- ",,,"SANTA BARBARA","SANTA MARIA",-120.48440745000001,34.913792720000004
6948555,2015,2015-06-29,4204,2015-05-25,1940,90278,53,1,5,5,4204,0,0,0,,0,002,MILLER,"CENTRAL AV",0.00,,Y,A,-,N,,,,,,,,,,Y,4,0,3,2,A,-,01,23153,A,N,D,C,A,A,H,-,B,D,0,,,,,Y,Y,A,01,0,0,3,0,0,0,0,0,0,"- ","- ",,,"SANTA BARBARA","SANTA MARIA",-120.43148988999999,34.947910010000001
6948562,2015,2015-06-23,4204,2015-05-28,1456,22751,49,4,5,5,4204,0,0,0,,0,002,CHURCH,PALISADE,30.00,W,N,A,-,N,,,,,,,,,,N,4,0,1,2,A,-,21,22106,,N,C,C,A,A,G,-,A,D,0,,,,,Y,,A,07,0,0,1,0,0,0,0,0,0,"- ","- ",,,"SANTA BARBARA","SANTA MARIA",-120.41221007,34.952051070000003
6948744,2015,2015-07-07,4204,2015-05-31,1557,90341,79,7,5,5,4204,0,0,0,,0,003,"SKYWAY DR","BETTERAVIA RD",50.00,S,N,A,-,N,,,,,,,,,,N,4,0,2,2,D,-,00,,,N,C,C,A,A,H,-,A,A,0,,,,,Y,,-,"- ",0,0,2,0,0,0,0,0,0,"- ","- ",,,"SANTA BARBARA","SANTA MARIA",-120.45409241,34.920492680000002
6948809,2015,2017-01-09,9755,2015-06-03,1750,12436,,3,2,9,4200,0,1,3,,1,042,"RT 154","LAKEVIEW RD",8448.00,E,N,A,-,Y,SB,5,154,-,-,16.300,H,-,E,Y,2,0,1,1,C,-,18,,,N,F,A,A,A,H,-,A,D,0,,,,,Y,,-,"- ",1,0,0,0,0,0,0,0,0,"- ","- ",34.336919999999999,-119.55591,"SANTA BARBARA",UNINCORPORATED,-119.93555563,34.564134209999999
6949321,2015,2015-06-24,4200,2015-05-23,0932,3637,10,6,5,3,4205,0,0,0,,0,040,"ASH AV","SANDYLAND RD",61.00,S,N,B,-,N,,,,,,,,,,N,3,0,1,3,A,-,13,22515,A,N,G,B,E,D,H,-,A,D,0,Y,,,,Y,,-,,0,1,0,0,1,0,0,0,0,"- ","- ",,,"SANTA BARBARA",CARPINTERIA,-119.52836708,34.395676979999998
6949665,2015,2017-01-05,9760,2015-05-07,2040,19464,,4,2,5,4203,0,1,2,,2,020,"RT 101","LAS POSITAS RD",600.00,N,N,B,-,Y,SB,5,101,-,-,16.660,H,-,N,Y,4,0,1,2,A,-,07,21658,A,M,B,C,A,A,H,-,C,D,1,,,,,Y,,-,99,0,0,1,0,0,0,0,0,0,"- ","- ",34.428829999999998,-119.73863,"SANTA BARBARA","SANTA BARBARA",-119.7355481,34.428240389999999
6949853,2015,2016-09-28,9755,2015-06-03,1120,16058,,3,1,9,4200,0,1,3,,1,051,"RT 1","JALAMA RD",15840.00,S,N,A,-,Y,SB,5,1,-,-,12.010,H,-,N,N,4,0,1,2,A,-,03,22350,,N,A,C,A,A,H,-,A,D,0,,,,,Y,,A,01,0,0,1,0,0,0,0,0,0,"- ","- ",34.574649999999998,-120.37345000000001,"SANTA BARBARA",UNINCORPORATED,-120.36945655,34.56955112
6950802,2015,2015-06-25,4200,2015-05-08,0420,,,5,5,3,4205,0,0,0,,0,,"REYNOLDS AV","CARPINTERIA AV",58.00,N,N,B,-,N,,,,,,,,,,Y,4,0,1,1,A,-,03,22350,,N,E,I,A,B,H,-,C,A,0,,,,,Y,,D,22,0,0,1,0,0,0,0,0,0,"- ","- ",34.402700000000003,-119.5241,"SANTA BARBARA",CARPINTERIA,-119.52531949,34.401877169999999
6950803,2015,2017-01-09,9760,2015-05-14,0850,012518,,4,1,9,4200,0,1,3,,1,022,"RT 154","PAINTED CAVE RD",4224.00,E,N,B,C,Y,SB,5,154,-,-,27.490,H,-,W,Y,4,0,1,1,A,-,03,22350,,N,E,I,A,B,H,-,A,D,0,,,,,Y,,D,22,0,0,1,0,0,0,0,0,0,"- ","- ",34.48856,-119.78552000000001,"SANTA BARBARA",UNINCORPORATED,-119.78488555,34.488676400000003
6950805,2015,2017-01-05,9760,2015-05-19,0810,020628,,2,1,3,4205,0,1,2,,2,010,"RT 101","BAILARD AV",104.00,S,N,A,-,Y,SB,5,101,-,-,1.600,H,-,N,N,4,0,2,3,A,-,03,22350,,N,C,C,A,A,H,-,A,A,1,,,,,Y,,A,01,0,0,2,0,0,0,0,0,0,"- ","- ",34.388750000000002,-119.4973,"SANTA BARBARA",CARPINTERIA,-119.49759691,34.38833004
6953057,2015,2015-06-18,9760,2015-05-04,0745,16739,,1,1,9,4200,0,3,5,,2,001,"E MOUNTAIN RD","ASHLEY RD",265.00,E,N,A,-,N,,,,,,,,,,N,3,0,1,2,A,-,09,21804,A,N,D,G,A,A,H,-,A,D,0,,Y,,,Y,,A,01,0,1,0,0,0,0,1,0,0,"- ","- ",34.449120000000001,-119.64842,"SANTA BARBARA",UNINCORPORATED,-119.64840237999999,34.44907645
6953058,2015,2017-01-05,9760,2015-05-07,0730,020227,,4,1,3,4205,0,1,2,,2,010,"RT 101","BAILARD AV",1478.00,N,N,A,-,Y,SB,5,101,-,-,1.900,H,-,N,Y,4,0,1,2,A,-,07,21658,A,N,B,C,A,A,H,-,A,D,1,,,Y,,Y,,A,01,0,0,1,0,0,0,0,0,1,"- ","- ",34.390009999999997,-119.50266999999999,"SANTA BARBARA",CARPINTERIA,-119.50234042,34.389868219999997
6953059,2015,2017-01-09,9760,2015-05-10,1510,020227,,7,2,9,4200,0,1,3,,1,016,"RT 150","RT 192",55.00,W,N,A,-,Y,SB,5,150,-,R,1.590,H,-,E,Y,3,0,1,2,A,-,03,22350,,N,C,C,A,A,H,-,A,D,0,,,Y,,Y,,C,02,0,1,0,0,0,0,0,0,1,"- ","- ",34.390889999999999,-119.46288,"SANTA BARBARA",UNINCORPORATED,-119.46213997,34.391844519999999
6953060,2015,2015-06-18,9760,2015-05-11,1726,018754,,1,2,9,4200,0,2,4,,1,021,"HOLLISTER AV","AUHAY DR",0.00,,Y,A,-,N,,,,,,,,,,Y,3,0,1,2,A,-,03,22350,,N,C,C,A,A,H,-,A,A,0,,,,,Y,,A,01,0,1,0,0,0,0,0,0,0,"- ","- ",34.439540000000001,-119.77469000000001,"SANTA BARBARA",UNINCORPORATED,-119.78176987000001,34.43806009
6953061,2015,2015-06-17,9760,2015-05-13,1715,012518,,3,2,9,4200,0,3,5,,2,002,"PATTERSON AV","UNIVERSITY DR",25.00,S,N,A,-,N,,,,,,,,,,N,4,0,1,2,A,-,21,22106,,N,C,C,A,A,H,-,A,A,0,,,,,Y,,A,01,0,0,1,0,0,0,0,0,0,"- ","- ",34.445360000000001,-119.80779,"SANTA BARBARA",UNINCORPORATED,-119.80785318,34.445282229999997
6953062,2015,2017-01-05,9760,2015-05-12,1720,020628,,2,2,5,4203,0,1,2,,2,011,"RT 101","SALINAS ST",755.00,S,N,A,-,Y,SB,5,101,-,-,11.960,H,-,S,Y,4,0,3,3,A,-,03,22350,,N,C,C,A,A,H,-,A,D,1,,,,,Y,,A,01,0,0,3,0,0,0,0,0,0,"- ","- ",34.422229999999999,-119.66336,"SANTA BARBARA","SANTA BARBARA",-119.66373148,34.421898599999999
6953063,2015,2015-06-17,9760,2015-05-13,1810,017097,,3,2,9,4200,0,3,5,,2,001,"SUMMIT RD","HOT SPRINGS RD",0.00,,Y,A,-,N,,,,,,,,,,Y,2,0,2,2,A,-,09,21802,A,N,D,C,A,A,H,-,A,A,0,,,,,Y,,A,01,1,1,0,0,0,0,0,0,0,"- ","- ",34.425530000000002,-119.64864,"SANTA BARBARA",UNINCORPORATED,-119.64858993999999,34.425580029999999
6953064,2015,2015-06-17,9760,2015-05-05,2210,018019,,2,3,9,4200,0,3,5,,2,005,"SUENO RD","CAMINO CORTO",528.00,E,N,A,-,N,,,,,,,,,,N,3,0,1,2,A,-,11,21954,A,N,G,B,E,A,H,-,C,D,0,Y,,,,Y,,N,60,0,1,0,0,1,0,0,0,0,"- ","- ",34.412590000000002,-119.86563,"SANTA BARBARA",UNINCORPORATED,-119.86466059999999,34.412672749999999
6953065,2015,2017-01-05,9760,2015-05-04,1050,16739,,1,1,9,4200,0,1,2,,2,010,"RT 101","SOUTH PADARO LN",1056.00,S,N,A,-,Y,SB,5,101,-,R,5.080,H,-,N,Y,3,0,1,1,A,-,08,22107,,N,E,I,A,A,H,-,A,D,1,,,,,Y,,A,01,0,1,0,0,0,0,0,0,0,"- ","- ",34.408679999999997,-119.54995,"SANTA BARBARA",UNINCORPORATED,-119.54998255,34.408772509999999
6953106,2015,2015-06-26,4203,2015-05-14,1002,22854,,4,5,5,4203,0,0,0,,0,003,"SANTA BARBARA ST","HALEY ST",0.00,,Y,B,-,N,,,,,,,,,,Y,4,0,1,2,A,-,12,21453,A,N,D,C,A,B,H,-,A,A,0,,,,,Y,,-,"- ",0,0,1,0,0,0,0,0,0,"- ","- ",34.258000000000003,-119.4136,"SANTA BARBARA","SANTA BARBARA",-119.69322991999999,34.418960050000003
6953107,2015,2015-06-16,4203,2015-05-13,1047,5618,44,3,5,5,4203,0,0,0,,0,003,"SANTA BARBARA","E CANON PERDIDO ST",111.00,S,N,B,-,N,,,,,,,,,,N,4,0,1,2,A,-,08,22107,,N,B,-,A,A,H,-,A,D,0,,Y,,,Y,,L,04,0,0,1,0,0,0,1,0,0,"- ","- ",34.251989999999999,-119.4152,"SANTA BARBARA","SANTA BARBARA",-119.69802605,34.422446659999999
6953108,2015,2015-06-16,4203,2015-05-30,1946,5751,,6,5,5,4203,0,0,0,,0,004,"CHAPALA ST","W ORTEGA ST",0.00,,Y,A,-,N,,,,,,,,,,Y,4,0,2,2,A,-,12,21453,A,N,D,C,A,A,H,-,A,A,0,,,,,Y,,-,,0,0,2,0,0,0,0,0,0,"- ","- ",34.253999999999998,-119.4157,"SANTA BARBARA","SANTA BARBARA",-119.69917986999999,34.41763005
6953109,2015,2015-06-26,4203,2015-05-31,1244,2720,,7,5,5,4203,0,0,0,,0,004,"BATH ST","W DE LA GUERRA",48.00,S,N,B,-,N,,,,,,,,,,N,2,0,1,2,A,-,21,22106,,N,-,B,E,A,H,-,A,D,0,Y,,,,Y,,-,,1,0,0,0,1,0,0,0,0,"- ","- ",34.24586,-119.42091000000001,"SANTA BARBARA","SANTA BARBARA",-119.70257938,34.41637411
6953253,2015,2017-01-09,9750,2015-05-20,1720,016773,,3,2,5,4204,0,1,3,,1,064,"RT 166","CEBRIAN AV",0.00,,Y,A,-,Y,SB,5,166,-,-,64.300,I,5,W,Y,4,0,6,3,A,-,09,21801,A,N,A,C,A,A,H,-,A,D,0,,,,,Y,,A,07,0,0,6,0,0,0,0,0,0,"- ","- ",34.94594,-119.68069,"SANTA BARBARA","SANTA MARIA",-119.6917065,34.94894987
6953254,2015,2016-09-30,9750,2015-05-22,0555,016469,,5,3,9,4200,0,1,3,,1,012,"RT 1","BROWN RD",0.00,,Y,A,B,Y,SB,5,1,-,-,47.210,I,5,S,Y,4,0,4,2,A,-,09,21802,A,N,D,C,A,A,H,-,A,A,0,,,,,Y,,D,22,0,0,4,0,0,0,0,0,0,"- ","- ",34.932569999999998,-120.56842,"SANTA BARBARA",UNINCORPORATED,-120.56838448000001,34.932542750000003
6953305,2015,2015-07-09,4203,2015-06-04,1314,6700,62,4,5,5,4203,0,0,0,,0,001,"MILPAS ST","QUINIENTOS ST",42.00,N,N,B,-,N,,,,,,,,,,N,4,0,1,2,A,-,04,21703,,N,C,C,A,A,H,-,A,A,0,,,,,Y,,D,22,0,0,1,0,0,0,0,0,0,"- ","- ",34.251829999999998,-119.40445,"SANTA BARBARA","SANTA BARBARA",-119.67900353,34.421697049999999
6953336,2015,2015-07-01,4203,2015-05-30,1220,1497,,6,5,5,4203,0,0,0,,0,004,"CHAPALA ST","CARRILLO ST",0.00,,Y,A,-,N,,,,,,,,,,N,4,0,3,2,A,-,21,22106,,N,C,C,A,A,H,-,A,A,0,,,,,Y,,-,,0,0,3,0,0,0,0,0,0,"- ","- ",,,"SANTA BARBARA","SANTA BARBARA",-119.70296994,34.420450109999997
6953337,2015,2015-07-01,4203,2015-05-31,1101,6048,,7,5,5,4203,0,0,0,,0,003,"ANACAPA ST","LOS OLIVOS ST",0.00,,Y,B,-,N,,,,,,,,,,Y,4,0,3,2,A,-,09,21802,A,N,D,C,A,A,H,-,A,D,0,,,,,Y,,-,,0,0,3,0,0,0,0,0,0,"- ","- ",34.260150000000003,-119.42577,"SANTA BARBARA","SANTA BARBARA",-119.71605992000001,34.433759999999999
6954816,2015,2015-07-02,4200,2015-04-20,1652,3683,14,1,5,4,4214,0,0,0,,0,080,"HOLLISTER AV","LOWELL WY",14.00,E,N,A,-,N,,,,,,,,,,N,3,0,1,2,A,-,09,21801,A,F,H,A,A,A,H,-,A,D,0,,Y,,,Y,,A,07,0,1,0,0,0,0,1,0,0,"- ","- ",,,"SANTA BARBARA",GOLETA,-119.88148363000001,34.430021410000002
6954964,2015,2017-01-05,4203,2015-06-19,2034,6968,35,5,5,5,4203,0,0,0,,0,004,"W MISSION ST","RT 101",0.00,,Y,A,-,Y,SB,5,101,-,R,15.860,R,4,N,Y,3,0,1,2,A,-,09,21801,A,N,D,C,A,A,H,-,C,A,0,,,,,Y,,-,,0,1,0,0,0,0,0,0,0,"- ",NO,34.253279999999997,-119.43118,"SANTA BARBARA","SANTA BARBARA",-119.72218999,34.426047570000001
6954976,2015,2015-07-10,4203,2015-06-18,1610,2661,56,4,5,5,4203,0,0,0,,0,005,"STATE ST","LA CUMBRE RD",0.00,,Y,A,-,N,,,,,,,,,,N,3,0,1,2,A,-,10,21950,C,N,G,B,B,A,H,-,A,A,0,Y,,,,Y,,-,,0,1,0,0,1,0,0,0,0,"- ","- ",34.262500000000003,-119.453,"SANTA BARBARA","SANTA BARBARA",-119.75104997,34.440500049999997
6954980,2015,2015-07-10,4203,2015-06-07,0046,6377,,7,5,5,4203,0,0,0,,0,003,"COTA ST","ANACAPA ST",56.00,W,N,-,-,N,,,,,,,,,,N,2,0,1,2,D,-,00,,,F,A,B,D,A,H,-,C,D,0,Y,,,,Y,Y,-,"- ",1,0,0,0,1,0,0,0,0,"- ","- ",34.250500000000002,-119.41459999999999,"SANTA BARBARA","SANTA BARBARA",-119.69574174,34.418743970000001