CASE_ID,ACCIDENT_YEAR,PROC_DATE,JURIS,COLLISION_DATE,COLLISION_TIME,OFFICER_ID,REPORTING_DISTRICT,DAY_OF_WEEK,CHP_SHIFT,POPULATION,CNTY_CITY_LOC,SPECIAL_COND,BEAT_TYPE,CHP_BEAT_TYPE,CITY_DIVISION_LAPD,CHP_BEAT_CLASS,BEAT_NUMBER,PRIMARY_RD,SECONDARY_RD,DISTANCE,DIRECTION,INTERSECTION,WEATHER_1,WEATHER_2,STATE_HWY_IND,CALTRANS_COUNTY,CALTRANS_DISTRICT,STATE_ROUTE,ROUTE_SUFFIX,POSTMILE_PREFIX,POSTMILE,LOCATION_TYPE,RAMP_INTERSECTION,SIDE_OF_HWY,TOW_AWAY,COLLISION_SEVERITY,NUMBER_KILLED,NUMBER_INJURED,PARTY_COUNT,PRIMARY_COLL_FACTOR,PCF_CODE_OF_VIOL,PCF_VIOL_CATEGORY,PCF_VIOLATION,PCF_VIOL_SUBSECTION,HIT_AND_RUN,TYPE_OF_COLLISION,MVIW,PED_ACTION,ROAD_SURFACE,ROAD_COND_1,ROAD_COND_2,LIGHTING,CONTROL_DEVICE,CHP_ROAD_TYPE,PEDESTRIAN_ACCIDENT,BICYCLE_ACCIDENT,MOTORCYCLE_ACCIDENT,TRUCK_ACCIDENT,NOT_PRIVATE_PROPERTY,ALCOHOL_INVOLVED,STWD_VEHTYPE_AT_FAULT,CHP_VEHTYPE_AT_FAULT,COUNT_SEVERE_INJ,COUNT_VISIBLE_INJ,COUNT_COMPLAINT_PAIN,COUNT_PED_KILLED,COUNT_PED_INJURED,COUNT_BICYCLIST_KILLED,COUNT_BICYCLIST_INJURED,COUNT_MC_KILLED,COUNT_MC_INJURED,PRIMARY_RAMP,SECONDARY_RAMP,LATITUDE,LONGITUDE,COUNTY,CITY,POINT_X,POINT_Y
6954984,2015,2015-07-10,4203,2015-06-11,2102,1436,,4,5,5,4203,0,0,0,,0,004,"MISSION ST","DE LA VINA ST",6.00,W,N,A,-,N,,,,,,,,,,N,4,0,1,2,A,-,11,21950,B,N,D,B,B,A,H,-,C,A,0,Y,,,,Y,,N,60,0,0,1,0,1,0,0,0,0,"- ","- ",34.428699999999999,-119.71698000000001,"SANTA BARBARA","SANTA BARBARA",-119.71696626000001,34.428714360000001
6954988,2015,2015-07-11,4203,2015-06-11,0926,2520,4203,4,5,5,4203,0,0,0,,0,004,"CARRILLO ST","DE LA VINA ST",0.00,,Y,B,-,N,,,,,,,,,,Y,3,0,1,2,A,-,09,21801,A,N,D,C,A,A,H,-,A,A,0,,,,,Y,,-,,0,1,0,0,0,0,0,0,0,"- ","- ",34.416200000000003,-119.423,"SANTA BARBARA","SANTA BARBARA",-119.70413992,34.419350080000001
6954992,2015,2015-07-11,4203,2015-06-19,1636,22854,,5,5,5,4203,0,0,0,,0,006,"MODOC RD","GREENWELL LN",2.00,W,N,A,-,N,,,,,,,,,,Y,4,0,3,2,A,-,08,22107,,N,D,C,A,A,H,-,A,D,0,,,,,Y,,-,,0,0,3,0,0,0,0,0,0,"- ","- ",34.253149999999998,-119.43583,"SANTA BARBARA","SANTA BARBARA",-119.73259643999999,34.425431289999999
6955166,2015,2017-01-05,9760,2015-04-09,0840,19464,,4,1,3,4205,0,1,2,,2,010,"RT 101","SANTA MONICA RD",1800.00,N,N,A,-,Y,SB,5,101,-,-,4.110,H,-,N,N,4,0,1,2,A,-,03,22350,,N,C,C,A,A,H,-,A,D,1,,,,,Y,,A,01,0,0,1,0,0,0,0,0,0,"- ","- ",34.40569,-119.53854,"SANTA BARBARA",CARPINTERIA,-119.53430086,34.404846149999997
6955379,2015,2017-01-05,9760,2015-05-06,0115,020227,,3,3,9,4200,0,1,2,,2,010,"RT 101","PARDARO LN",2110.00,N,N,A,-,Y,SB,5,101,-,R,7.520,H,-,S,Y,4,0,1,1,A,-,01,23152,A,N,E,I,A,A,H,-,D,D,1,,,,,Y,Y,A,01,0,0,1,0,0,0,0,0,0,"- ","- ",34.417279999999998,-119.58799999999999,"SANTA BARBARA",UNINCORPORATED,-119.58911347999999,34.417665280000001
6955380,2015,2017-01-05,9760,2015-05-20,1029,020628,,3,1,3,4205,0,1,2,,2,010,"RT 101","SANTA YNEZ AV",3960.00,N,N,A,-,Y,SB,5,101,-,-,4.400,H,-,S,Y,4,0,2,1,A,-,08,22107,,N,F,A,A,A,H,-,A,D,1,,,,,Y,,A,07,0,0,2,0,0,0,0,0,0,"- ","- ",34.405459999999998,-119.539,"SANTA BARBARA",CARPINTERIA,-119.53918733,34.40560206
6955381,2015,2017-01-05,9760,2015-05-20,1530,018995,,3,2,5,4203,0,1,2,,2,020,"RT 101","LAS POSITAS RD",1918.00,N,N,A,-,Y,SB,5,101,-,-,16.910,H,-,N,Y,2,0,1,1,A,-,01,23152,A,N,E,I,A,A,H,-,A,D,1,,,,,Y,Y,A,01,1,0,0,0,0,0,0,0,0,"- ","- ",34.426760000000002,-119.72739,"SANTA BARBARA","SANTA BARBARA",-119.739592,34.429020389999998
6955382,2015,2017-01-05,9760,2015-05-11,0815,014690,,1,1,5,4203,0,1,2,,2,011,"RT 101","JUNIPERO ST PED",100.00,S,N,A,-,Y,SB,5,101,-,-,16.210,H,-,S,N,4,0,1,2,A,-,03,22350,,N,C,C,A,A,H,-,A,D,1,,,,,Y,,A,01,0,0,1,0,0,0,0,0,0,"- ","- ",34.426780000000001,-119.7269,"SANTA BARBARA","SANTA BARBARA",-119.7278075,34.426879999999997
6955383,2015,2015-07-09,9760,2015-05-14,1735,018431,,4,2,9,4200,0,3,5,,2,005,"EMBARCADERO DEL MAR","PICASSO RD",20.00,S,N,A,-,N,,,,,,,,,,N,4,0,1,2,A,-,03,22350,,N,C,C,A,A,H,-,A,D,0,,,,,Y,,A,08,0,0,1,0,0,0,0,0,0,"- ","- ",34.414999999999999,-119.85697,"SANTA BARBARA",UNINCORPORATED,-119.85702000000001,34.415045079999999
6955384,2015,2017-01-05,9760,2015-05-14,1720,019464,,4,2,4,4214,0,1,2,,2,020,"RT 101","RT 217",850.00,N,N,B,-,Y,SB,5,101,-,-,21.520,H,-,S,Y,3,0,1,2,A,-,08,22107,,N,B,C,A,B,H,-,A,D,1,,,,,Y,,A,07,0,1,0,0,0,0,0,0,0,"- ","- ",34.441009999999999,-119.81626,"SANTA BARBARA",GOLETA,-119.81479636,34.441114730000002
6955385,2015,2015-07-09,9760,2015-05-16,1320,017674,,6,1,9,4200,0,2,4,,2,024,"SAN MARCOS RD","VIA PARVA",700.00,N,N,B,-,N,,,,,,,,,,N,3,0,1,1,A,-,03,22350,,N,F,A,A,A,H,-,A,D,0,,Y,,,Y,,L,04,0,1,0,0,0,0,1,0,0,"- ","- ",34.458930000000002,-119.79526,"SANTA BARBARA",UNINCORPORATED,-119.79561778,34.459595360000002
6938196,2015,2015-10-08,4200,2015-09-05,1039,4907,10,6,5,3,4205,0,0,0,,0,030,"CARPINTERIA AV","BAILARD AV",0.00,,Y,A,-,N,,,,,,,,,,N,4,0,1,2,A,-,12,22450,A,F,D,G,A,A,H,-,A,A,0,,Y,,,Y,,L,04,0,0,1,0,0,0,1,0,0,"- ","- ",,,"SANTA BARBARA",CARPINTERIA,-119.49844998,34.387300080000003
6938197,2015,2015-10-08,4200,2015-09-19,1739,3886,10,6,5,3,4205,0,0,0,,0,040,"CARPINTERIA AV","HOLLY AV",0.00,,Y,A,-,N,,,,,,,,,,N,3,0,1,2,A,-,08,22107,,N,D,G,A,A,H,-,A,D,0,,Y,,,Y,,-,,0,1,0,0,0,0,1,0,0,"- ","- ",,,"SANTA BARBARA",CARPINTERIA,-119.52047988,34.400700059999998
6938401,2015,2015-09-24,4203,2015-09-16,1703,2736,,3,5,5,4203,0,0,0,,0,002,"EAST CABRILLO BL","ANACAPA ST",4.00,E,N,A,-,N,,,,,,,,,,N,3,0,1,2,A,-,05,21202,A,N,D,G,A,A,D,-,A,A,0,,Y,,,Y,,L,04,0,1,0,0,0,0,1,0,0,"- ","- ",34.244900000000001,-119.4118,"SANTA BARBARA","SANTA BARBARA",-119.68800131,34.413268289999998
6966112,2015,2017-01-07,4200,2015-05-09,0950,4652,14,6,5,4,4214,0,0,0,,0,080,"STORKE RD","RT 101",20.00,S,N,A,-,Y,SB,5,101,-,-,24.590,R,4,N,N,4,0,1,2,A,-,03,22350,,M,C,C,A,A,H,-,A,D,0,,,,,Y,,-,99,0,0,1,0,0,0,0,0,0,"- ",SO,,,"SANTA BARBARA",GOLETA,-119.86788755000001,34.434971429999997
6966193,2015,2017-01-06,9755,2015-06-16,0120,017910,,2,3,9,4200,0,1,3,,1,053,"RT 246","TULAROSA RD",76.00,E,N,A,-,Y,SB,5,246,-,R,14.770,H,-,W,Y,4,0,2,3,A,-,03,22350,,N,C,C,A,A,H,-,D,A,0,,,,,Y,,A,01,0,0,2,0,0,0,0,0,0,"- ","- ",34.664650000000002,-120.36904,"SANTA BARBARA",UNINCORPORATED,-120.36936480999999,34.664613439999997
6966460,2015,2015-06-29,4200,2015-05-28,1930,2892,14,4,5,4,4214,0,0,0,,0,060,"MAGNOLIA AV","HOLLISTER AV",100.00,N,N,A,-,N,,,,,,,,,,N,4,0,1,2,A,-,08,22107,,N,D,C,A,A,H,-,A,D,0,,,Y,,Y,,C,03,0,0,1,0,0,0,0,0,1,"- ","- ",,,"SANTA BARBARA",GOLETA,-119.8280254,34.436212089999998
6966501,2015,2017-01-05,4200,2015-05-16,1150,4652,14,6,5,4,4214,0,0,0,,0,080,"STORKE RD","RT 101",0.00,,Y,A,-,Y,SB,5,101,-,-,24.590,R,4,S,Y,3,0,2,2,A,-,12,21453,A,N,D,C,A,A,H,-,A,A,0,,,,,Y,,A,07,0,1,1,0,0,0,0,0,0,"- ",SO,,,"SANTA BARBARA",GOLETA,-119.86783574,34.434818399999997
6966712,2015,2015-06-26,4200,2015-04-28,1548,3116,14,2,5,4,4214,0,0,0,,0,080,"STORKE RD","BOLLAY DR",0.00,,Y,A,-,N,,,,,,,,,,Y,3,0,2,2,A,-,09,21802,A,N,D,C,A,A,H,-,A,A,0,,,,,Y,,A,07,0,2,0,0,0,0,0,0,0,"- ","- ",,,"SANTA BARBARA",GOLETA,-119.86976,34.428060029999997
6968525,2015,2015-11-05,4203,2015-06-01,1303,9480,,1,5,5,4203,0,0,0,,0,005,"STATE ST","CALLE PALO COLORADO",57.00,E,N,A,-,N,,,,,,,,,,N,4,0,1,2,A,-,03,22350,A,N,C,C,A,A,H,-,A,A,0,,,,,Y,,-,,0,0,1,0,0,0,0,0,0,"- ","- ",34.262639999999998,-119.43525,"SANTA BARBARA","SANTA BARBARA",-119.7308211,34.440379999999998
6968711,2015,2015-07-11,4203,2015-06-09,1920,2736,,2,5,5,4203,0,0,0,,0,002,"CABRILLO BL","STATE ST",30.00,W,N,B,-,N,,,,,,,,,,N,4,0,1,2,D,-,00,,,F,-,C,A,B,H,-,A,A,0,,,,,Y,Y,-,"- ",0,0,1,0,0,0,0,0,0,"- ","- ",34.244329999999998,-119.41208,"SANTA BARBARA","SANTA BARBARA",-119.68925965,34.412121239999998
6968712,2015,2015-07-11,4203,2015-06-08,1318,6700,32,1,5,5,4203,0,0,0,,0,004,"CARRILLO ST","DE LA VINA ST",0.00,,Y,A,-,N,,,,,,,,,,N,3,0,1,2,A,-,08,22101,D,N,D,B,B,A,H,-,A,A,0,Y,,,,Y,,A,01,0,1,0,0,1,0,0,0,0,"- ","- ",34.259779999999999,-119.42156,"SANTA BARBARA","SANTA BARBARA",-119.70413992,34.419350080000001
6951230,2015,2015-10-17,4202,2015-05-07,1431,265,LOMPO,4,5,4,4202,0,0,0,,0,4202,"N V ST","WEST CHERRY AV",42.00,S,N,A,-,N,,,,,,,,,,Y,4,0,1,2,A,-,03,22350,,N,C,C,A,A,H,-,A,D,0,,,,,Y,,A,01,0,0,1,0,0,0,0,0,0,"- ","- ",,,"SANTA BARBARA",LOMPOC,-120.47536255999999,34.651084650000001
6951352,2015,2015-06-27,4202,2015-05-08,1425,239,LOMPO,5,5,4,4202,0,0,0,,0,010,"LAUREL AV","K ST",0.00,,Y,B,-,N,,,,,,,,,,Y,4,0,1,2,A,-,09,21802,A,N,D,C,A,A,H,-,A,A,0,,,,,Y,,A,01,0,0,1,0,0,0,0,0,0,"- ","- ",,,"SANTA BARBARA",LOMPOC,-120.46165986,34.643850100000002
6951360,2015,2015-06-27,4202,2015-05-04,1342,265,LOMPO,1,5,4,4202,0,0,0,,0,4202,"E PINE AV","N A ST",20.00,E,N,A,-,N,,,,,,,,,,Y,2,0,1,1,A,-,03,22350,,N,A,J,A,A,H,-,A,D,0,,,,,Y,,A,01,1,0,0,0,0,0,0,0,0,"- ","- ",,,"SANTA BARBARA",LOMPOC,-120.44882352,34.650120000000001
6951384,2015,2015-06-19,4202,2015-05-19,1328,239,LOMPO,2,5,4,4202,0,0,0,,0,011,"CHESTNUT AV","E ST",0.00,,Y,A,-,N,,,,,,,,,,N,4,0,1,2,A,-,09,21802,A,N,D,G,A,A,H,-,A,A,0,,,Y,,Y,,C,02,0,0,1,0,0,0,0,0,1,"- ","- ",,,"SANTA BARBARA",LOMPOC,-120.45405995,34.642190059999997
6951427,2015,2015-06-19,4204,2015-05-31,1141,90341,74,7,5,5,4204,0,0,0,,0,003,"NEWLOVE DR",THORNBURG,0.00,,Y,A,-,N,,,,,,,,,,N,4,0,1,2,A,-,11,21950,B,N,G,B,D,A,H,-,A,A,0,Y,,,,Y,,N,60,0,0,1,0,1,0,0,0,0,"- ","- ",,,"SANTA BARBARA","SANTA MARIA",-120.44050996,34.92994006
6980174,2015,2017-01-09,9760,2015-06-08,1625,15658,,1,2,9,4200,0,1,3,,1,022,"RT 154","CATHEDRAL OAKS RD",10.00,E,N,A,-,Y,SB,5,154,-,R,31.734,R,1,W,N,4,0,2,2,A,-,21,22106,,N,C,C,A,A,H,-,A,D,1,,,,,Y,,A,07,0,0,2,0,0,0,0,0,0,"- ","- ",34.451560000000001,-119.76145,"SANTA BARBARA",UNINCORPORATED,-119.76048939,34.449049359999997
6980178,2015,2017-01-09,9760,2015-06-09,1730,17097,,2,2,9,4200,0,1,3,,1,022,"RT 154","SAN ANTONIO CREEK RD",1056.00,W,N,B,C,Y,SB,5,154,-,-,29.760,H,-,E,Y,3,0,1,1,A,-,03,22350,,N,E,I,A,B,H,-,A,D,0,,,,,Y,,A,01,0,1,0,0,0,0,0,0,0,"- ","- ",34.470379999999999,-119.77775,"SANTA BARBARA",UNINCORPORATED,-119.77802585000001,34.470849440000002
6980672,2015,2016-09-28,4202,2015-05-06,1644,239,,3,5,4,4202,0,0,0,,0,,"RT 1","CENTRAL AV",475.00,N,N,B,-,Y,SB,5,1,-,-,22.160,H,-,S,N,4,0,1,2,A,-,03,22350,,N,C,C,A,A,H,-,A,A,0,,,,,Y,,A,08,0,0,1,0,0,0,0,0,0,"- ","- ",,,"SANTA BARBARA",LOMPOC,-120.45779292,34.66213432
6980733,2015,2017-01-06,9760,2015-05-08,1255,19831,,5,1,9,4200,0,1,3,,2,027,"RT 217","HOLLISTER AV",372.00,E,N,A,-,Y,SB,5,217,-,-,2.300,H,-,W,N,4,0,1,2,A,-,07,21658,A,F,B,C,A,A,H,-,A,D,1,,,,,Y,,-,,0,0,1,0,0,0,0,0,0,"- ","- ",34,-119,"SANTA BARBARA",UNINCORPORATED,-119.81726978,34.436272670000001
6981029,2015,2017-01-06,9755,2015-06-29,0643,016999,,1,1,9,4200,0,1,3,,1,053,"RT 246","MISSION GATE RD",1200.00,W,N,B,-,Y,SB,5,246,-,R,11.130,H,-,W,Y,4,0,1,2,A,-,03,22350,,N,C,C,A,A,H,-,A,D,0,,,Y,,Y,,C,02,0,0,1,0,0,0,0,0,1,"- ","- ",34.6584,-120.42458000000001,"SANTA BARBARA",UNINCORPORATED,-120.42396759,34.660636789999998
6983400,2015,2017-01-14,4200,2015-07-06,1517,4038,11,1,5,2,4212,0,0,0,,0,,"RT 246","CENTRAL AV",0.00,,Y,A,-,Y,SB,5,246,-,R,25.960,I,5,W,Y,4,0,1,2,A,-,09,21804,A,N,D,C,A,A,H,-,A,D,0,,,,,Y,,A,01,0,0,1,0,0,0,0,0,0,"- ","- ",,,"SANTA BARBARA",BUELLTON,-120.19494775,34.614009439999997
6968794,2015,2017-01-05,4200,2015-06-02,1047,4041,14,2,5,4,4214,0,0,0,,0,080,"STORKE RD","RT 101",0.00,,Y,A,-,Y,SB,5,101,-,-,24.590,R,3,S,Y,3,0,1,1,C,-,18,,,N,E,I,A,A,H,-,A,A,0,,,,,Y,,-,"- ",0,1,0,0,0,0,0,0,0,"- ",SO,,,"SANTA BARBARA",GOLETA,-119.86783574,34.434818399999997
6968807,2015,2015-07-13,9750,2015-06-18,2230,017616,,4,3,9,4200,0,3,5,,2,010,"LOMPOC CASMALIA RD","POINT SAL RD",175.00,S,N,A,-,N,,,,,,,,,,Y,3,0,2,1,A,-,08,22107,,N,E,I,A,A,H,-,D,D,0,,,,,Y,,A,01,0,1,1,0,0,0,0,0,0,"- ","- ",34.840919999999997,-120.52574,"SANTA BARBARA",UNINCORPORATED,-120.5256747,34.841094339999998
6968808,2015,2015-07-13,9750,2015-06-04,0820,013766,,4,1,9,4200,0,2,4,,1,024,"FOSTER RD","DARTMOUTH LN",603.00,E,N,B,-,N,,,,,,,,,,N,4,0,1,2,A,-,08,22107,,M,E,I,A,A,H,-,A,D,0,,Y,,,Y,,A,01,0,0,1,0,0,0,1,0,0,"- ","- ",34.883099999999999,-120.42953,"SANTA BARBARA",UNINCORPORATED,-120.42937009000001,34.883045729999999
6968880,2015,2017-01-05,9760,2015-06-13,2345,020323,,6,3,3,4205,0,1,2,,2,010,"RT 101","CASITAS PASS RD",816.00,N,N,A,-,Y,SB,5,101,-,-,2.790,H,-,S,Y,2,0,2,1,A,-,01,23152,A,N,E,I,A,A,H,-,C,D,1,,,,,Y,,A,01,2,0,0,0,0,0,0,0,0,"- ","- ",34.398589999999999,-119.51309000000001,"SANTA BARBARA",CARPINTERIA,-119.51304363,34.398603569999999
6968887,2015,2015-07-15,9760,2015-06-07,1940,20908,,7,2,9,4200,0,3,5,,2,001,"GIBRALTAR RD","E CAMINO CIELO RD",11616.00,S,N,A,-,N,,,,,,,,,,N,2,0,1,2,A,-,11,21956,A,N,A,B,A,A,H,-,A,D,0,,,,,Y,,M,95,1,0,0,0,0,0,0,0,0,"- ","- ",34.473500000000001,-119.68089999999999,"SANTA BARBARA",UNINCORPORATED,-119.68138433,34.480716729999997
6968888,2015,2017-01-09,9760,2015-06-09,1005,16739,,2,1,9,4200,0,1,3,,1,022,"RT 154","PAINTED CAVE RD",4752.00,E,N,B,C,Y,SB,5,154,-,-,27.590,H,-,W,Y,3,0,2,1,A,-,08,22107,,N,E,I,A,B,H,-,A,D,0,,,,,Y,,D,22,0,1,1,0,0,0,0,0,0,"- ","- ",34.48948,-119.78407,"SANTA BARBARA",UNINCORPORATED,-119.78382455000001,34.489716719999997
6968890,2015,2015-07-15,9760,2015-06-11,0258,18431,,4,3,9,4200,0,3,5,,2,002,"SHORELINE DR","ANDERSON LN",528.00,E,N,A,-,N,,,,,,,,,,Y,3,0,1,1,A,-,03,22350,,N,E,I,A,A,H,-,C,D,0,,,,,Y,,D,22,0,1,0,0,0,0,0,0,0,"- ","- ",34.42342,-119.80898000000001,"SANTA BARBARA",UNINCORPORATED,-119.80848397,34.42351
6968892,2015,2017-01-05,9760,2015-06-15,1355,15658,,1,1,9,4200,0,1,2,,1,040,"RT 101","REFUGIO RD",8448.00,S,N,A,-,Y,SB,5,101,-,R,35.020,H,-,N,Y,3,0,1,1,A,-,08,22107,,N,F,A,A,A,H,-,A,D,1,,,,,Y,,D,22,0,1,0,0,0,0,0,0,0,"- ","- ",34.464120000000001,-120.04261,"SANTA BARBARA",UNINCORPORATED,-120.04150808,34.464196029999997
6969034,2015,2017-01-05,4203,2015-06-17,1451,6110,,3,5,5,4203,0,0,0,,0,006,"MISSION ST","RT 101",0.00,,Y,A,-,Y,SB,5,101,-,R,15.640,R,4,S,N,2,0,1,2,A,-,08,22107,,N,D,G,A,A,H,-,A,A,0,,Y,,,Y,,-,,1,0,0,0,0,0,1,0,0,"- ","- ",34.425060000000002,-119.7206,"SANTA BARBARA","SANTA BARBARA",-119.71896595,34.42443205
6970001,2015,2017-01-05,9760,2015-06-05,1630,20227,,5,2,9,4200,0,1,2,,2,010,"RT 101","SHEFFIELD DR",600.00,N,N,A,-,Y,SB,5,101,-,-,9.110,H,-,N,Y,4,0,1,2,A,-,03,22350,,N,C,C,A,A,H,-,A,D,1,,,,,Y,,M,47,0,0,1,0,0,0,0,0,0,"- ","- ",34.421239999999997,-119.6186,"SANTA BARBARA",UNINCORPORATED,-119.61589592999999,34.421706690000001
6970005,2015,2017-01-05,9760,2015-06-12,1020,20227,,5,1,3,4205,0,1,2,,2,010,"RT 101","SANTA YNEZ AV",100.00,N,N,B,-,Y,SB,5,101,-,-,3.670,H,-,N,Y,4,0,1,2,A,-,03,22350,,N,C,C,A,A,H,-,A,D,1,,,,,Y,,A,01,0,0,1,0,0,0,0,0,0,"- ","- ",34.404359999999997,-119.52995,"SANTA BARBARA",CARPINTERIA,-119.52689497999999,34.403443240000001
6955386,2015,2015-07-08,9760,2015-06-05,2355,018431,,5,3,9,4200,0,3,5,,2,005,"LOS CARNEROS RD","EL COLEGIO RD",0.00,,Y,A,-,N,,,,,,,,,,N,3,0,1,2,A,-,09,21453,B,N,H,G,A,A,H,-,C,D,0,,Y,,,Y,,A,01,0,1,0,0,0,0,1,0,0,"- ","- ",34.41724,-119.86076,"SANTA BARBARA",UNINCORPORATED,-119.86067996,34.417300009999998
6955388,2015,2017-01-05,9760,2015-05-21,1710,019831,,4,2,5,4203,0,1,2,,2,011,"RT 101","MISSION ST",814.00,S,N,B,-,Y,SB,5,101,-,R,15.580,H,-,S,Y,4,0,1,2,A,-,03,22350,,N,C,C,A,A,H,-,A,D,1,,,,,Y,,A,01,0,0,1,0,0,0,0,0,0,"- ","- ",,,"SANTA BARBARA","SANTA BARBARA",-119.71819702000001,34.423846060000002
6955389,2015,2017-01-05,9760,2015-05-22,1648,020227,,5,2,9,4200,0,1,2,,2,010,"RT 101","EVANS AV",200.00,S,N,A,-,Y,SB,5,101,-,R,8.220,H,-,N,N,4,0,2,2,A,-,03,22350,,N,C,C,A,A,H,-,A,D,1,,,,,Y,,-,99,0,0,2,0,0,0,0,0,0,"- ","- ",34.421579999999999,-119.60209999999999,"SANTA BARBARA",UNINCORPORATED,-119.60066775999999,34.421254519999998
6955390,2015,2017-01-05,9760,2015-05-22,1625,019656,,5,2,5,4203,0,1,2,,2,020,"RT 101","LA CUMBRE AV",310.00,S,N,A,-,Y,SB,5,101,-,-,17.720,H,-,S,Y,4,0,1,2,A,-,01,23152,A,N,C,C,A,A,H,-,A,D,1,,,,,Y,Y,A,01,0,0,1,0,0,0,0,0,0,"- ","- ",34.434849999999997,-119.7495,"SANTA BARBARA","SANTA BARBARA",-119.75091956,34.436070600000001
6955391,2015,2017-01-05,9760,2015-05-24,1030,020227,,7,1,3,4205,0,1,2,,2,010,"RT 101","SANTA YNEZ AV",250.00,N,N,A,-,Y,SB,5,101,-,-,3.700,H,-,N,Y,4,0,1,2,A,-,03,22350,,N,C,C,A,A,H,-,A,D,1,,,,,Y,,A,01,0,0,1,0,0,0,0,0,0,"- ","- ",34.403680000000001,-119.52827000000001,"SANTA BARBARA",CARPINTERIA,-119.52741134,34.403541109999999
6955392,2015,2015-07-08,9760,2015-05-24,1150,020227,,7,1,3,4205,0,3,5,,2,001,"VIA REAL","NIDEVER RD",800.00,N,N,A,-,N,,,,,,,,,,N,4,0,1,2,A,-,03,22350,,N,C,C,A,A,H,-,A,D,0,,,,,Y,,A,01,0,0,1,0,0,0,0,0,0,"- ","- ",34.416730000000001,-119.56361,"SANTA BARBARA",CARPINTERIA,-119.56057,34.416449999999998
6955393,2015,2015-07-09,9760,2015-05-16,1845,020511,,6,2,9,4200,0,3,5,,2,001,"SAN YSIDRO RD","SINALOA DR",323.00,N,N,A,-,N,,,,,,,,,,Y,3,0,1,1,A,-,01,23152,A,N,E,J,A,A,H,-,A,D,0,,,,,Y,Y,A,01,0,1,0,0,0,0,0,0,0,"- ","- ",34.42989,-119.63175,"SANTA BARBARA",UNINCORPORATED,-119.63171666,34.429942390000001
6955842,2015,2015-07-06,4203,2015-06-08,1444,7587,,1,5,5,4203,0,0,0,,0,,"CLIFF DR","LIGHTHOUSE RD",0.00,,Y,A,-,N,,,,,,,,,,Y,4,0,1,2,A,-,09,21802,A,N,D,C,A,A,H,-,A,D,0,,,Y,,Y,,-,,0,0,1,0,0,0,0,0,1,"- ","- ",,,"SANTA BARBARA","SANTA BARBARA",-119.72099993,34.401310080000002
6955846,2015,2015-07-06,4203,2015-06-01,1420,2661,56,1,5,5,4203,0,0,0,,0,005,"STATE ST","LA CUMBRE RD",0.00,,Y,A,-,N,,,,,,,,,,N,4,0,1,3,A,-,03,22350,,N,C,C,A,A,H,-,A,A,0,,,,,Y,,-,,0,0,1,0,0,0,0,0,0,"- ","- ",,,"SANTA BARBARA","SANTA BARBARA",-119.75104997,34.440500049999997
6957063,2015,2017-01-05,9750,2015-05-30,2340,015514,,6,3,5,4204,0,1,2,,2,001,"RT 101","STOWELL RD",1056.00,S,N,A,-,Y,SB,5,101,-,-,87.400,H,-,S,Y,4,0,2,2,A,-,01,23152,A,N,C,C,A,A,H,-,D,D,0,,,,,Y,Y,A,01,0,0,2,0,0,0,0,0,0,"- ","- ",34.934739999999998,-120.41800000000001,"SANTA BARBARA","SANTA MARIA",-120.41794336,34.935386719999997
6957773,2015,2015-07-15,4200,2015-04-27,1242,3683,14,1,5,4,4214,0,0,0,,0,060,"HOLLISTER AV","LOS CARNEROS RD",40.00,W,N,A,-,N,,,,,,,,,,N,4,0,1,2,A,-,03,22350,,N,C,C,A,A,H,-,A,A,0,,,,,Y,,D,22,0,0,1,0,0,0,0,0,0,"- ","- ",,,"SANTA BARBARA",GOLETA,-119.85988181,34.430408370000002
6983493,2015,2016-09-29,9750,2015-06-19,1930,015514,,5,2,5,4204,0,1,3,,1,022,"RT 1","SAN ANTONIO RD",454.00,N,N,A,-,Y,SB,5,1,-,-,32.550,H,-,N,Y,3,0,1,1,A,-,03,22350,,N,F,A,A,A,H,-,A,D,1,,,Y,,Y,,C,02,0,1,0,0,0,0,0,0,1,"- ","- ",34.775799999999997,-120.49469999999999,"SANTA BARBARA","SANTA MARIA",-120.47996037999999,34.778326970000002
6983579,2015,2017-01-06,4200,2015-06-20,1645,4222,11,6,5,2,4212,0,0,0,,0,,"EAST RT 246","FREEAR DR",115.00,W,N,A,-,Y,SB,5,246,-,-,26.510,H,-,E,N,4,0,1,2,A,-,03,22350,,N,C,C,A,A,H,-,A,A,0,,,,,Y,,A,01,0,0,1,0,0,0,0,0,0,"- ","- ",,,"SANTA BARBARA",BUELLTON,-120.18657557,34.610696590000003
6984278,2015,2015-07-21,9750,2015-07-05,1155,16773,,7,1,9,4200,0,3,5,,2,020,"HARRIS GRADE RD","RT 135",18480.00,S,N,A,-,N,,,,,,,,,,N,4,0,1,2,A,-,03,22350,,N,C,G,A,A,H,-,A,D,0,,Y,,,Y,,A,01,0,0,1,0,0,0,1,0,0,"- ","- ",34.738999999999997,-120.43777,"SANTA BARBARA",UNINCORPORATED,-120.44218764,34.730877479999997