CASE_ID,ACCIDENT_YEAR,PROC_DATE,JURIS,COLLISION_DATE,COLLISION_TIME,OFFICER_ID,REPORTING_DISTRICT,DAY_OF_WEEK,CHP_SHIFT,POPULATION,CNTY_CITY_LOC,SPECIAL_COND,BEAT_TYPE,CHP_BEAT_TYPE,CITY_DIVISION_LAPD,CHP_BEAT_CLASS,BEAT_NUMBER,PRIMARY_RD,SECONDARY_RD,DISTANCE,DIRECTION,INTERSECTION,WEATHER_1,WEATHER_2,STATE_HWY_IND,CALTRANS_COUNTY,CALTRANS_DISTRICT,STATE_ROUTE,ROUTE_SUFFIX,POSTMILE_PREFIX,POSTMILE,LOCATION_TYPE,RAMP_INTERSECTION,SIDE_OF_HWY,TOW_AWAY,COLLISION_SEVERITY,NUMBER_KILLED,NUMBER_INJURED,PARTY_COUNT,PRIMARY_COLL_FACTOR,PCF_CODE_OF_VIOL,PCF_VIOL_CATEGORY,PCF_VIOLATION,PCF_VIOL_SUBSECTION,HIT_AND_RUN,TYPE_OF_COLLISION,MVIW,PED_ACTION,ROAD_SURFACE,ROAD_COND_1,ROAD_COND_2,LIGHTING,CONTROL_DEVICE,CHP_ROAD_TYPE,PEDESTRIAN_ACCIDENT,BICYCLE_ACCIDENT,MOTORCYCLE_ACCIDENT,TRUCK_ACCIDENT,NOT_PRIVATE_PROPERTY,ALCOHOL_INVOLVED,STWD_VEHTYPE_AT_FAULT,CHP_VEHTYPE_AT_FAULT,COUNT_SEVERE_INJ,COUNT_VISIBLE_INJ,COUNT_COMPLAINT_PAIN,COUNT_PED_KILLED,COUNT_PED_INJURED,COUNT_BICYCLIST_KILLED,COUNT_BICYCLIST_INJURED,COUNT_MC_KILLED,COUNT_MC_INJURED,PRIMARY_RAMP,SECONDARY_RAMP,LATITUDE,LONGITUDE,COUNTY,CITY,POINT_X,POINT_Y
6984294,2015,2015-07-21,9750,2015-07-04,0553,14820,,6,3,9,4200,0,3,5,,2,030,"PRELL RD","TELEPHONE RD",7920.00,W,N,B,-,N,,,,,,,,,,N,4,0,1,2,A,-,06,21750,A,N,C,C,A,B,H,-,B,D,0,,,,,Y,,A,01,0,0,1,0,0,0,0,0,0,"- ","- ",34.91648,-120.40940999999999,"SANTA BARBARA",UNINCORPORATED,-120.40941736000001,34.916421389999996
6984310,2015,2017-01-14,9750,2015-07-03,0133,17616,,5,3,5,4204,0,1,3,,1,022,"RT 1","FIREFIGHTER RD",3696.00,N,N,E,-,Y,SB,5,1,-,M,31.880,H,-,S,Y,4,0,1,2,C,-,18,,,N,D,C,A,B,H,-,D,D,0,,,,,Y,,-,"- ",0,0,1,0,0,0,0,0,0,"- ","- ",34.774810000000002,-120.50592,"SANTA BARBARA","SANTA MARIA",-120.50620436,34.774836919999998
6984314,2015,2017-01-12,9750,2015-07-02,2315,17616,,4,3,9,4200,0,1,2,,2,001,"RT 101","SANTA MARIA WY",1000.00,S,N,B,-,Y,SB,5,101,-,-,84.120,H,-,N,N,4,0,1,2,A,-,03,22350,,N,C,C,A,A,H,-,D,D,0,,,,,Y,,A,01,0,0,1,0,0,0,0,0,0,"- ","- ",34.886969999999998,-120.41471,"SANTA BARBARA",UNINCORPORATED,-120.41579579,34.88825284
6984318,2015,2015-07-21,9750,2015-07-02,1815,17379,,4,2,9,4200,0,3,5,,2,020,"HARRIS GRADE RD","RT 135",3696.00,S,N,A,-,N,,,,,,,,,,Y,4,0,1,1,A,-,08,22107,,N,E,I,A,A,H,-,A,D,0,,,,,Y,,A,01,0,0,1,0,0,0,0,0,0,"- ","- ",34.75761,-120.42684,"SANTA BARBARA",UNINCORPORATED,-120.42746291,34.756883850000001
6984322,2015,2015-07-21,4202,2015-05-26,0553,280,LOMPO,2,5,4,4202,0,0,0,,0,,"LAUREL AV","8TH ST",0.00,,Y,A,-,N,,,,,,,,,,Y,4,0,1,2,A,-,09,21800,A,N,B,C,A,A,H,-,A,A,0,,,,,Y,,A,01,0,0,1,0,0,0,0,0,0,"- ","- ",,,"SANTA BARBARA",LOMPOC,-120.43892987,34.643680099999997
6984872,2015,2015-07-14,4200,2015-04-23,1228,3116,14,4,5,4,4214,0,0,0,,0,060,"HOLLISTER AV","COROMAR DR",400.00,W,N,A,-,N,,,,,,,,,,Y,4,0,1,2,A,-,09,21804,A,N,D,C,A,A,H,-,A,D,0,,,Y,,Y,,C,02,0,0,1,0,0,0,0,0,1,"- ","- ",,,"SANTA BARBARA",GOLETA,-119.86502517,34.430259999999997
6984876,2015,2015-07-14,4200,2015-04-08,0737,4804,10,3,5,3,4205,0,0,0,,0,040,"LINDEN AV","7TH ST",0.00,,Y,A,-,N,,,,,,,,,,N,4,0,1,2,A,-,21,22106,,M,D,G,A,A,H,-,A,D,0,,Y,,,Y,,A,01,0,0,1,0,0,0,1,0,0,"- ","- ",,,"SANTA BARBARA",CARPINTERIA,-119.52073991,34.397000069999997
6984920,2015,2015-07-23,9755,2015-07-01,1450,15973,,3,2,9,4200,0,3,5,,2,050,"WEST CENTRAL AV","ARTESIA AV",0.00,,Y,B,-,N,,,,,,,,,,Y,4,0,1,2,A,-,05,21752,D,N,B,C,A,A,H,-,A,D,0,,,,,Y,,E,22,0,0,1,0,0,0,0,0,0,"- ","- ",34.661540000000002,-120.52833,"SANTA BARBARA",UNINCORPORATED,-120.52800000000001,34.661560049999999
6970009,2015,2017-01-05,9760,2015-06-09,1400,17662,,2,2,9,4200,0,1,2,,2,010,"RT 101","BATES RD",1056.00,N,N,B,C,Y,SB,5,101,-,R,0.250,H,-,S,Y,3,0,2,1,A,-,03,22350,,N,E,I,A,B,H,-,A,D,1,,,,,Y,,A,01,0,1,1,0,0,0,0,0,0,"- ","- ",34.37885,-119.48117999999999,"SANTA BARBARA",UNINCORPORATED,-119.48119481000001,34.37895159
6970013,2015,2017-01-05,9760,2015-06-09,1725,017662,,2,2,5,4203,0,1,2,,2,011,"RT 101","MISSION ST",300.00,S,N,B,C,Y,SB,5,101,-,R,15.670,H,-,N,Y,4,0,1,3,A,-,03,22350,,N,C,C,A,B,H,-,A,D,1,,,,,Y,,A,07,0,0,1,0,0,0,0,0,0,"- ","- ",34.424160000000001,-119.7182,"SANTA BARBARA","SANTA BARBARA",-119.71924662000001,34.424823600000003
6970017,2015,2017-01-05,9760,2015-06-07,1545,018019,,7,2,5,4203,0,1,2,,2,011,"RT 101","CARRILLO ST",173.00,S,N,A,-,Y,SB,5,101,-,R,14.730,H,-,S,Y,4,0,2,2,A,-,03,22350,,N,C,C,A,A,H,-,A,D,1,,,,,Y,,A,01,0,0,2,0,0,0,0,0,0,"- ","- ",34.415730000000003,-119.70641000000001,"SANTA BARBARA","SANTA BARBARA",-119.70693133,34.416008359999999
6970597,2015,2015-07-27,4203,2015-07-01,0801,6700,42,3,5,5,4203,0,0,0,,0,004,"VICTORIA ST","CHAPALA ST",181.00,E,N,B,-,N,,,,,,,,,,N,4,0,1,2,A,-,08,22107,,N,B,E,A,A,H,-,A,D,0,,,,Y,Y,,F,26,0,0,1,0,0,0,0,0,0,"- ","- ",34.252510000000001,-119.42234999999999,"SANTA BARBARA","SANTA BARBARA",-119.70648558000001,34.423606970000002
6970846,2015,2016-12-22,9750,2015-07-05,2205,017267,,7,3,9,4200,0,1,3,,1,063,"RT 166","ALAMO CREEK RD",4752.00,W,N,B,-,Y,SLO,5,166,-,-,16.860,H,-,E,Y,4,0,1,2,A,-,01,23152,A,N,B,C,A,A,H,-,D,D,0,,,,,Y,Y,D,22,0,0,1,0,0,0,0,0,0,"- ","- ",35.020110000000003,-120.32483999999999,"SANTA BARBARA",UNINCORPORATED,-120.31783926999999,35.020434020000003
6971316,2015,2015-10-24,4203,2015-09-30,2105,5751,,3,5,5,4203,0,0,0,,0,001,"S MILPAS ST","QUINIENTOS ST",0.00,,Y,A,-,N,,,,,,,,,,N,3,0,1,2,D,-,00,,,N,B,C,B,A,H,-,C,A,0,Y,,,,Y,Y,-,"- ",0,1,0,0,1,0,0,0,0,"- ","- ",,,"SANTA BARBARA","SANTA BARBARA",-119.67889987,34.421620060000002
6971904,2015,2016-10-28,9760,2015-03-20,1200,019464,,5,1,9,4200,0,1,2,,2,010,"RT 101","SAN YSIDRO RD",1140.00,S,N,A,-,Y,SB,5,101,-,-,8.600,H,-,S,Y,4,0,1,3,A,-,03,22350,,N,C,C,A,A,H,-,A,D,1,,,,,Y,,A,01,0,0,1,0,0,0,0,0,0,"- ","- ",34.421239999999997,-119.62796,"SANTA BARBARA",UNINCORPORATED,-119.60710960999999,34.420678279999997
6972975,2015,2017-01-05,9750,2015-06-07,1635,12697,,7,2,9,4200,0,1,2,,2,003,"RT 101","ALISOS CANYON RD",2636.00,N,N,A,-,Y,SB,5,101,-,-,69.250,H,-,S,Y,3,0,1,1,A,-,08,22107,,N,F,I,A,A,H,-,A,D,1,,,,,Y,,D,22,0,1,0,0,0,0,0,0,0,"- ","- ",34.734499999999997,-120.24366999999999,"SANTA BARBARA",UNINCORPORATED,-120.2437712,34.734604050000002
6972978,2015,2017-01-05,9750,2015-06-13,1225,15514,,6,1,9,4200,0,1,2,,2,001,"RT 101","UNION VALLEY PKWY",2640.00,N,N,A,-,Y,SB,5,101,-,-,83.920,H,-,N,N,3,0,1,2,C,-,18,,,N,A,C,A,A,H,-,A,D,0,,,,,Y,,-,"- ",0,1,0,0,0,0,0,0,0,"- ","- ",34.880740000000003,-120.40915,"SANTA BARBARA",UNINCORPORATED,-120.41377000999999,34.885881869999999
6972979,2015,2015-07-15,9750,2015-06-14,0525,15915,,7,3,9,4200,0,3,5,,2,020,"RICE RANCH RD","DOMINO AV",72.00,E,N,B,-,N,,,,,,,,,,Y,3,0,1,3,A,-,01,23152,A,N,C,E,A,A,H,-,B,D,0,,,,,Y,Y,D,22,0,1,0,0,0,0,0,0,0,"- ","- ",34.857579999999999,-120.42193,"SANTA BARBARA",UNINCORPORATED,-120.4207601,34.857587799999997
6972980,2015,2015-07-15,9750,2015-06-15,1615,12697,,1,2,9,4200,0,3,5,,2,030,"PHILBRIC RD","MAIN ST",52.00,S,N,A,-,N,,,,,,,,,,Y,4,0,2,2,A,-,03,22350,,N,B,D,A,A,H,-,A,D,0,,,Y,,Y,Y,C,02,0,0,2,0,0,0,0,0,2,"- ","- ",34.952449999999999,-120.38298,"SANTA BARBARA",UNINCORPORATED,-120.37366385,34.944997630000003
6958298,2015,2017-01-05,9755,2015-06-04,1440,015281,,4,2,9,4200,0,1,2,,2,004,"RT 101","SANTA ROSA RD",9504.00,S,N,A,-,Y,SB,5,101,-,-,42.210,H,-,N,N,4,0,1,2,A,-,08,22107,,N,D,C,A,A,H,-,A,D,0,,,,,Y,,A,01,0,0,1,0,0,0,0,0,0,"- ","- ",34.571980000000003,-120.19201,"SANTA BARBARA",UNINCORPORATED,-120.16110528,34.472934809999998
6958434,2015,2015-07-09,4204,2015-06-02,1119,23397,49,2,5,5,4204,0,0,0,,0,002,"PALISADES DR",CHURCH,0.00,,Y,A,-,N,,,,,,,,,,Y,4,0,1,2,A,-,09,21804,A,N,D,C,A,A,H,-,A,D,0,,,,,Y,,A,01,0,0,1,0,0,0,0,0,0,"- ","- ",,,"SANTA BARBARA","SANTA MARIA",-120.41210992000001,34.952050100000001
6958438,2015,2016-10-06,4204,2015-06-01,1047,22807,68,1,5,5,4204,0,0,0,,0,003,BROADWAY,"ENOS DR",0.00,,Y,A,-,Y,SB,5,135,-,-,14.460,H,-,N,N,4,0,1,2,A,-,03,22350,,N,C,C,A,A,H,-,A,A,0,,,,,Y,,A,01,0,0,1,0,0,0,0,0,0,"- ","- ",,,"SANTA BARBARA","SANTA MARIA",-120.43592098000001,34.933971380000003
6959377,2015,2017-01-09,4204,2015-06-09,0958,23240,36,2,5,5,4204,0,0,0,,0,002,MAIN,"COLLEGE DR",50.00,E,N,B,C,Y,SB,5,166,-,-,8.520,H,-,W,N,4,0,1,3,A,-,03,22350,,N,C,C,A,B,H,-,A,A,0,,,,,Y,,D,22,0,0,1,0,0,0,0,0,0,"- ","- ",,,"SANTA BARBARA","SANTA MARIA",-120.42455716000001,34.953165179999999
6960117,2015,2015-07-02,4204,2015-06-04,1409,23656,10,4,5,5,4204,0,0,0,,0,001,DONOVAN,LYNNE,0.00,,Y,A,-,N,,,,,,,,,,Y,4,0,1,2,A,-,09,21801,A,N,D,C,A,A,H,-,A,A,0,,,,,Y,,A,01,0,0,1,0,0,0,0,0,0,"- ","- ",,,"SANTA BARBARA","SANTA MARIA",-120.42674999,34.967660049999999
6960129,2015,2015-07-02,4204,2015-06-08,1915,90242,01,1,5,5,4204,0,0,0,,0,001,"JULESTON DR","HIDDEN PINES WY",0.00,,Y,A,-,N,,,,,,,,,,N,4,0,1,2,A,-,09,21801,,N,G,G,A,A,H,-,A,D,0,,Y,,,Y,,A,01,0,0,1,0,0,0,1,0,0,"- ","- ",,,"SANTA BARBARA","SANTA MARIA",-120.45028995,34.986000060000002
6960204,2015,2017-01-09,9750,2015-06-02,0545,14358,,2,3,9,4200,0,1,3,,1,011,"RT 166","HANSON WY",300.00,W,N,A,-,Y,SB,5,166,-,-,6.440,H,-,W,N,4,0,1,2,A,-,03,22350,,N,E,C,A,A,H,-,B,D,0,,,,,Y,,A,07,0,0,1,0,0,0,0,0,0,"- ","- ",34.953440000000001,-120.46187,"SANTA BARBARA",UNINCORPORATED,-120.46155861,34.953361350000002
6960374,2015,2017-01-05,9750,2015-05-21,2215,15514,,4,3,9,4200,0,1,2,,2,001,"RT 101","SANTA MARIA WAY",2640.00,S,N,B,-,Y,SB,5,101,-,-,83.840,H,-,N,Y,3,0,1,1,A,-,01,23152,A,N,E,I,A,A,H,-,D,D,0,,,,,Y,Y,A,07,0,1,0,0,0,0,0,0,0,"- ","- ",34.885440000000003,-120.41325000000001,"SANTA BARBARA",UNINCORPORATED,-120.41295114,34.884938890000001
6961382,2015,2017-01-05,9760,2015-04-25,1120,18019,,6,1,9,4200,0,1,2,,1,040,"RT 101","GAVIOTA BEACH RD",412.00,S,N,B,C,Y,SB,5,101,-,-,46.280,H,-,N,Y,3,0,1,2,A,-,03,22350,,N,E,I,A,B,H,-,A,D,5,,,,,Y,,A,01,0,1,0,0,0,0,0,0,0,"- ","- ",34.474620000000002,-120.22667,"SANTA BARBARA",UNINCORPORATED,-120.22778971,34.476521679999998
6962604,2015,2015-07-15,4203,2015-06-15,1519,6378,,1,5,5,4203,0,0,0,,0,004,"CASTILLO ST","W COTA ST",31.00,N,N,A,-,N,,,,,,,,,,Y,4,0,1,3,D,-,00,,,N,A,E,A,A,H,-,A,D,0,,,,,Y,,-,"- ",0,0,1,0,0,0,0,0,0,"- ","- ",34.413600000000002,-119.70140000000001,"SANTA BARBARA","SANTA BARBARA",-119.70134686999999,34.41359645
6962754,2015,2015-07-15,4203,2015-06-15,1723,6967,,1,5,5,4203,0,0,0,,0,001,"SALINAS ST","CARPINTERIA ST",0.00,,Y,A,-,N,,,,,,,,,,Y,4,0,1,2,A,-,09,21802,A,N,D,C,A,A,H,-,A,A,0,,,,,Y,,-,,0,0,1,0,0,0,0,0,0,"- ","- ",,,"SANTA BARBARA","SANTA BARBARA",-119.67205989999999,34.425900009999999
6986575,2015,2015-07-23,4203,2015-06-19,1827,7083,4203,5,5,5,4203,0,0,0,,0,004,"W VICTORIA ST","STATE ST",222.00,W,N,A,-,N,,,,,,,,,,N,4,0,1,2,A,-,09,21804,A,N,D,C,A,A,H,-,A,D,0,,,,,Y,,A,01,0,0,1,0,0,0,0,0,0,"- ","- ",34.423000000000002,-119.7063,"SANTA BARBARA","SANTA BARBARA",-119.70622805000001,34.423843949999998
6986774,2015,2017-01-09,4204,2015-06-27,0102,20894,34,6,5,5,4204,0,0,0,,0,002,BROADWAY,MAIN,4.00,N,N,A,-,Y,SB,5,166,-,-,7.870,I,6,W,N,3,0,1,2,A,-,17,21658,B,N,D,C,A,A,H,-,C,D,0,,Y,,,Y,,L,04,0,1,0,0,0,0,1,0,0,"- ","- ",,,"SANTA BARBARA","SANTA MARIA",-120.43588557,34.953210480000003
6987880,2015,2015-07-23,4203,2015-07-03,1432,2661,54,5,5,5,4203,0,0,0,,0,005,"CALLE REAL","HOPE AV",0.00,,Y,A,-,N,,,,,,,,,,Y,4,0,1,2,D,-,00,,,N,D,C,A,A,H,-,-,A,0,,,,,Y,,-,"- ",0,0,1,0,0,0,0,0,0,"- ","- ",,,"SANTA BARBARA","SANTA BARBARA",-119.74770986999999,34.434150090000003
6987884,2015,2015-07-23,4203,2015-07-01,1845,2661,38,3,5,5,4203,0,0,0,,0,005,"DE LA VINA ST","ALAMAR AV",0.00,,Y,A,-,N,,,,,,,,,,N,4,0,1,2,D,-,00,,,N,C,C,A,A,H,-,A,A,0,,,,,Y,,-,"- ",0,0,1,0,0,0,0,0,0,"- ","- ",34.267000000000003,-119.43300000000001,"SANTA BARBARA","SANTA BARBARA",-119.72511987,34.435440079999999
6988027,2015,2015-07-20,4203,2015-06-29,2154,7187,,1,5,5,4203,0,0,0,,0,003,"GARDEN ST","HALEY ST",0.00,,Y,A,-,N,,,101,,,,,,,Y,3,0,2,2,A,-,12,21453,A,N,D,C,A,A,H,-,C,A,0,,,,,Y,,-,,0,1,1,0,0,0,0,0,0,"- ","- ",34.419989999999999,-119.64216999999999,"SANTA BARBARA","SANTA BARBARA",-119.64217235,34.420000420000001
6988031,2015,2015-07-20,4203,2015-06-28,1931,7193,,7,5,5,4203,0,0,0,,0,002,"CASTILLO ST","W MONTECITO ST",0.00,,Y,A,-,N,,,,,,,,,,N,4,0,1,2,A,-,03,22350,,N,C,C,A,A,H,-,A,A,0,,,,,Y,,-,,0,0,1,0,0,0,0,0,0,"- ","- ",34.25318,-119.42027,"SANTA BARBARA","SANTA BARBARA",-119.69748988000001,34.410680040000003
6988035,2015,2015-07-20,4203,2015-06-23,1056,2264,,2,5,5,4203,0,0,0,,0,003,"SANTA BARBARA ST","E CARRILLO ST",0.00,,Y,A,-,N,,,,,,,,,,Y,4,0,2,2,A,-,12,21453,,N,D,C,A,A,H,-,A,A,0,,,,,Y,,-,,0,0,2,0,0,0,0,0,0,"- ","- ",34.252400000000002,-119.41595,"SANTA BARBARA","SANTA BARBARA",-119.69963989999999,34.423640089999999
6988051,2015,2015-07-20,4203,2015-06-23,1204,2520,4203,2,5,5,4203,0,0,0,,0,004,"MISSION ST","CASTILLO ST",0.00,,Y,A,-,N,,,,,,,,,,Y,4,0,1,1,A,-,03,22350,,N,E,I,A,A,H,-,A,D,0,,,,,Y,,-,,0,0,1,0,0,0,0,0,0,"- ","- ",,,"SANTA BARBARA","SANTA BARBARA",-119.71907985999999,34.426570099999999
6988765,2015,2015-07-23,4203,2015-06-30,0951,2661,47,2,5,5,4203,0,0,0,,0,003,"STATE ST","VALERIO ST",50.00,S,N,A,-,N,,,,,,,,,,N,4,0,1,2,A,-,03,22350,,N,C,C,A,A,H,-,A,A,0,,,,,Y,,-,,0,0,1,0,0,0,0,0,0,"- ","- ",34.253900000000002,-119.4238,"SANTA BARBARA","SANTA BARBARA",-119.71072636,34.427938619999999
6989022,2015,2015-07-27,4204,2015-06-23,2352,90322,41,2,5,5,4204,0,0,0,,0,002,DEPOT,CYPRESS,300.00,N,N,A,-,N,,,,,,,,,,Y,3,0,1,2,A,-,08,22107,,F,A,E,A,A,H,-,C,D,0,,,,,Y,,A,01,0,1,0,0,0,0,0,0,0,"- ","- ",,,"SANTA BARBARA","SANTA MARIA",-120.44367446,34.951803910000002
6989309,2015,2016-12-22,9750,2015-07-10,1705,016714,,5,2,9,4200,0,1,3,,1,011,"RT 166","BONITA SCHOOL RD",38.00,E,N,A,-,Y,SB,5,166,-,-,3.740,H,-,W,N,4,0,1,2,A,-,03,22350,,F,C,C,A,A,H,-,A,A,0,,,,,Y,,-,99,0,0,1,0,0,0,0,0,0,"- ","- ",34.959670000000003,-120.50826000000001,"SANTA BARBARA",UNINCORPORATED,-120.50857999999999,34.956979500000003
6973772,2015,2015-08-05,4202,2015-06-03,1709,291,,3,5,4,4202,0,0,0,,0,,"PINE AV","A ST",139.00,E,N,A,-,N,,,,,,,,,,N,4,0,1,3,A,-,03,22350,,N,C,C,A,A,H,-,A,D,0,,,,,Y,,A,01,0,0,1,0,0,0,0,0,0,"- ","- ",,,"SANTA BARBARA",LOMPOC,-120.44842798000001,34.650120000000001
6974518,2015,2015-07-06,4203,2015-06-16,0900,6700,63,2,5,5,4203,0,0,0,,0,001,"VOLUNTARIO ST","INDIO MUERTO ST",160.00,N,N,B,-,N,,,,,,,,,,N,4,0,1,2,A,-,09,21804,A,N,D,C,A,A,H,-,A,D,0,,,,,Y,,A,07,0,0,1,0,0,0,0,0,0,"- ","- ",34.251640000000002,-119.40237999999999,"SANTA BARBARA","SANTA BARBARA",-119.67321911000001,34.421209130000001
6974522,2015,2015-07-07,4203,2015-06-17,1207,2661,13,3,5,5,4203,0,0,0,,0,002,"CABRILLO BL","STATE ST",57.00,W,N,A,-,N,,,,,,,,,,Y,4,0,1,2,A,-,03,22350,,N,C,C,A,A,H,-,A,A,0,,,,,Y,,-,,0,0,1,0,0,0,0,0,0,"- ","- ",34.244300000000003,-119.4121,"SANTA BARBARA","SANTA BARBARA",-119.68932233,34.412068349999998
6975958,2015,2017-01-06,9755,2015-06-22,1636,016999,,1,2,9,4200,0,1,3,,1,053,"RT 246","TULAROSA RD",0.00,,Y,A,-,Y,SB,5,246,-,R,14.750,H,-,E,Y,3,0,2,2,A,-,03,22350,,N,C,C,A,A,H,-,A,D,0,,,,,Y,,D,22,0,1,1,0,0,0,0,0,0,"- ","- ",34.685209999999998,-120.4378,"SANTA BARBARA",UNINCORPORATED,-120.36972258999999,34.6646158
6975962,2015,2017-01-13,9755,2015-06-23,1700,012436,,2,2,9,4200,0,1,3,,2,041,"RT 246","EDISON ST",0.00,,Y,A,-,Y,SB,5,246,-,-,33.120,I,5,W,Y,3,0,1,3,A,-,12,21453,A,N,D,C,A,A,H,-,A,A,0,,,,,Y,,D,22,0,1,0,0,0,0,0,0,0,"- ","- ",34.610669999999999,-120.08207,"SANTA BARBARA",UNINCORPORATED,-120.08125443,34.610526479999997
6976041,2015,2017-01-05,9760,2015-06-13,1625,018019,,6,2,9,4200,0,1,2,,1,040,"RT 101","VISTA POINT",2640.00,N,N,A,-,Y,SB,5,101,-,-,41.480,H,-,S,Y,4,0,1,2,A,-,03,22350,,N,C,C,A,A,H,-,A,D,5,,,,,Y,,D,22,0,0,1,0,0,0,0,0,0,"- ","- ",34.47428,-120.14608,"SANTA BARBARA",UNINCORPORATED,-120.14857585999999,34.474251180000003
6976053,2015,2017-01-05,9760,2015-06-19,1035,019292,,5,1,9,4200,0,1,2,,2,020,"RT 101","PATTERSON AV",1290.00,S,N,A,-,Y,SB,5,101,-,-,20.920,H,-,S,N,4,0,1,2,A,-,03,22350,,M,C,C,A,A,H,-,A,D,1,,,,,Y,,-,99,0,0,1,0,0,0,0,0,0,"- ","- ",34.441400000000002,-119.80448,"SANTA BARBARA",UNINCORPORATED,-119.80441707999999,34.441513260000001
6976065,2015,2017-01-05,9760,2015-06-02,1610,012518,,2,2,5,4203,0,1,2,,2,011,"RT 101","MILPAS ST",1056.00,N,N,A,-,Y,SB,5,101,-,-,12.950,H,-,S,Y,4,0,2,3,A,-,03,22350,,N,C,C,A,A,H,-,A,D,1,,,,,Y,,A,01,0,0,2,0,0,0,0,0,0,"- ","- ",34.41995,-119.68197000000001,"SANTA BARBARA","SANTA BARBARA",-119.68059030000001,34.420019320000002
6976068,2015,2017-01-06,4200,2015-06-13,1132,3811,6,6,5,2,4206,0,0,0,,0,,"MISSION DR","1ST PL",0.00,,Y,A,-,Y,SB,5,246,-,-,29.620,H,-,E,N,4,0,1,2,A,-,21,22106,,N,C,D,A,A,H,-,A,D,0,,,,Y,Y,,G,25,0,0,1,0,0,0,0,0,0,"- ","- ",,,"SANTA BARBARA",SOLVANG,-120.13869683999999,34.596002599999998
6976089,2015,2017-01-09,9755,2015-06-26,1826,17967,,5,2,9,4200,0,1,3,,1,042,"RT 154","CACHUMA LAKE ENTRANCE",6336.00,E,N,A,-,Y,SB,5,154,-,-,15.970,H,-,E,Y,4,0,1,3,A,-,03,22350,,M,C,C,A,A,H,-,A,D,0,,,,,Y,,A,01,0,0,1,0,0,0,0,0,0,"- ","- ",34.566279999999999,-119.93980000000001,"SANTA BARBARA",UNINCORPORATED,-119.94045899,34.566493309999998
6976234,2015,2015-07-14,4203,2015-06-18,0754,6700,32,4,5,5,4203,0,0,0,,0,004,"FIGUEROA ST","DE LA VINA ST",35.00,E,N,B,-,N,,,,,,,,,,N,3,0,1,1,B,-,22,,,N,H,A,A,A,H,-,A,D,0,,Y,,,Y,,L,04,0,1,0,0,0,0,1,0,0,"- ","- ",34.251359999999998,-119.42193,"SANTA BARBARA","SANTA BARBARA",-119.70537256,34.420371529999997
6963286,2015,2015-07-10,4203,2015-06-06,1006,22856,,6,5,5,4203,0,0,0,,0,005,"STATE ST","AMAPOLA DR",45.00,E,N,A,-,N,,,,,,,,,,N,3,0,1,2,A,-,09,21801,A,N,E,I,A,A,H,-,A,D,0,,,,,Y,,-,,0,1,0,0,0,0,0,0,0,"- ","- ",,,"SANTA BARBARA","SANTA BARBARA",-119.73638094,34.44040597
6963404,2015,2015-11-10,4203,2015-06-12,1251,3433,,5,5,5,4203,0,0,0,,0,001,"N MILPAS ST","REDDICK AV",84.00,S,N,B,-,N,,,,,,,,,,N,4,0,2,2,A,-,08,22107,,N,-,C,A,B,H,-,A,D,0,,,,,Y,,A,01,0,0,2,0,0,0,0,0,0,"- ","- ",34.025320000000001,-119.41045,"SANTA BARBARA","SANTA BARBARA",-119.68447844000001,34.425700140000004
6963453,2015,2015-07-20,4200,2015-06-02,1647,570,10,2,5,3,4205,0,0,0,,0,030,"CARPINTERIA AV","WALNUT AV",0.00,W,N,A,-,N,,,,,,,,,,,4,0,2,3,A,-,03,22350,,N,C,C,A,A,H,-,A,D,0,,,,,Y,,D,22,0,0,2,0,0,0,0,0,0,"- ","- ",,,"SANTA BARBARA",CARPINTERIA,-119.51648999,34.397350109999998
6964131,2015,2015-06-26,4202,2015-05-29,1552,239,LOMPO,5,5,4,4202,0,0,0,,0,009,"MAPLE AV","T ST",0.00,E,N,A,-,N,,,,,,,,,,Y,2,0,2,2,A,-,01,23152,E,N,H,J,A,A,H,-,A,D,0,,,,,Y,,D,22,2,0,0,0,0,0,0,0,0,"- ","- ",,,"SANTA BARBARA",LOMPOC,-120.47301991,34.645540060000002
6964244,2015,2015-07-10,4203,2015-06-01,1303,6700,56,1,5,5,4203,0,0,0,,0,005,"PESETAS LN","CALLE REAL",7.00,N,N,A,-,N,,,,,,,,,,N,3,0,1,2,A,-,09,21804,A,N,D,G,A,A,H,-,A,A,0,,Y,,,Y,,L,04,0,1,0,0,0,0,1,0,0,"- ","- ",34.262990000000002,-119.45308,"SANTA BARBARA","SANTA BARBARA",-119.75841007,34.44152922