CASE_ID,ACCIDENT_YEAR,PROC_DATE,JURIS,COLLISION_DATE,COLLISION_TIME,OFFICER_ID,REPORTING_DISTRICT,DAY_OF_WEEK,CHP_SHIFT,POPULATION,CNTY_CITY_LOC,SPECIAL_COND,BEAT_TYPE,CHP_BEAT_TYPE,CITY_DIVISION_LAPD,CHP_BEAT_CLASS,BEAT_NUMBER,PRIMARY_RD,SECONDARY_RD,DISTANCE,DIRECTION,INTERSECTION,WEATHER_1,WEATHER_2,STATE_HWY_IND,CALTRANS_COUNTY,CALTRANS_DISTRICT,STATE_ROUTE,ROUTE_SUFFIX,POSTMILE_PREFIX,POSTMILE,LOCATION_TYPE,RAMP_INTERSECTION,SIDE_OF_HWY,TOW_AWAY,COLLISION_SEVERITY,NUMBER_KILLED,NUMBER_INJURED,PARTY_COUNT,PRIMARY_COLL_FACTOR,PCF_CODE_OF_VIOL,PCF_VIOL_CATEGORY,PCF_VIOLATION,PCF_VIOL_SUBSECTION,HIT_AND_RUN,TYPE_OF_COLLISION,MVIW,PED_ACTION,ROAD_SURFACE,ROAD_COND_1,ROAD_COND_2,LIGHTING,CONTROL_DEVICE,CHP_ROAD_TYPE,PEDESTRIAN_ACCIDENT,BICYCLE_ACCIDENT,MOTORCYCLE_ACCIDENT,TRUCK_ACCIDENT,NOT_PRIVATE_PROPERTY,ALCOHOL_INVOLVED,STWD_VEHTYPE_AT_FAULT,CHP_VEHTYPE_AT_FAULT,COUNT_SEVERE_INJ,COUNT_VISIBLE_INJ,COUNT_COMPLAINT_PAIN,COUNT_PED_KILLED,COUNT_PED_INJURED,COUNT_BICYCLIST_KILLED,COUNT_BICYCLIST_INJURED,COUNT_MC_KILLED,COUNT_MC_INJURED,PRIMARY_RAMP,SECONDARY_RAMP,LATITUDE,LONGITUDE,COUNTY,CITY,POINT_X,POINT_Y
6964245,2015,2015-07-10,4203,2015-06-04,0656,6700,17,4,5,5,4203,0,0,0,,0,006,"SANTA CRUZ BL","CLIFF DR",54.00,S,N,A,-,N,,,,,,,,,,Y,3,0,1,1,A,-,00,23123,A,N,A,I,A,A,H,-,B,D,0,,,,,Y,,A,01,0,1,0,0,0,0,0,0,0,"- ","- ",34.24248,-119.42531,"SANTA BARBARA","SANTA BARBARA",-119.71475031,34.400805429999998
6964468,2015,2015-07-10,4203,2015-06-04,1615,6700,65,4,5,5,4203,0,0,0,,0,001,"VOLUNTARIO ST","HALEY ST",0.00,,Y,A,-,N,,,,,,,,,,N,4,0,1,2,A,-,09,21802,A,N,D,C,A,A,H,-,A,A,0,,,,,Y,,A,01,0,0,1,0,0,0,0,0,0,"- ","- ",34.254240000000003,-119.40594,"SANTA BARBARA","SANTA BARBARA",-119.68312998,34.428430079999998
6964902,2015,2016-10-28,9760,2015-03-27,1755,020323,,5,2,4,4214,0,1,2,,2,020,"RT 101","FAIRVIEW AV",125.00,S,N,A,-,Y,SB,5,101,-,-,22.510,H,-,N,N,4,0,1,2,A,-,03,22350,,N,C,C,A,A,H,-,A,D,1,,,,,Y,,D,22,0,0,1,0,0,0,0,0,0,"- ","- ",34.439680000000003,-119.83206,"SANTA BARBARA",GOLETA,-119.83202975,34.439629949999997
6964906,2015,2016-10-28,9760,2015-03-24,0336,018803,,2,3,3,4205,0,1,2,,2,010,"RT 101","LINDEN AV",1000.00,N,N,A,-,Y,SB,5,101,-,-,3.250,H,-,S,Y,3,0,1,2,A,-,03,22350,,N,C,C,A,A,H,-,C,D,1,,,,Y,Y,,G,27,0,1,0,0,0,0,0,0,0,"- ","- ",34.401980000000002,-119.52018,"SANTA BARBARA",CARPINTERIA,-119.51976136,34.401904170000002
6964914,2015,2016-09-13,9760,2015-03-26,0755,020908,,4,1,9,4200,0,1,3,,1,014,"RT 192","NIDEVER RD",1584.00,E,N,A,-,Y,SB,5,192,-,-,14.870,H,-,W,Y,4,0,1,2,A,-,06,21750,,N,D,C,A,A,H,-,A,D,0,,,,,Y,,A,01,0,0,1,0,0,0,0,0,0,"- ","- ",34.418309999999998,-119.55625000000001,"SANTA BARBARA",UNINCORPORATED,-119.55545952999999,34.418544599999997
6965167,2015,2016-09-29,4202,2015-06-17,1829,291,,3,5,4,4202,0,0,0,,0,,"RT 1","PINE AV",33.00,N,N,A,-,Y,SB,5,1,-,-,21.340,H,-,S,N,4,0,2,3,A,-,03,22350,,N,C,C,A,A,H,-,A,A,0,,,,,Y,,A,01,0,0,2,0,0,0,0,0,0,"- ","- ",,,"SANTA BARBARA",LOMPOC,-120.45783102,34.650226349999997
6976548,2015,2015-07-06,4203,2015-05-23,1841,5751,,6,5,5,4203,0,0,0,,0,004,"STATE ST","MISSION ST",0.00,,Y,A,-,N,,,,,,,,,,Y,2,0,3,2,A,-,09,21801,A,N,A,C,A,A,H,-,A,A,0,,,,,Y,Y,-,,1,0,2,0,0,0,0,0,0,"- ","- ",34.255000000000003,-119.4252,"SANTA BARBARA","SANTA BARBARA",-119.71470997,34.430830010000001
6976598,2015,2015-07-13,9750,2015-06-21,1240,015915,,7,1,9,4200,0,3,5,,2,010,"LOMPOC CASMALIA RD","SAN ANTONIO RD",1.50,N,N,A,-,N,,,,,,,,,,Y,2,0,1,1,A,-,08,22107,,N,F,A,A,A,H,-,A,D,0,,,,,Y,,A,07,1,0,0,0,0,0,0,0,0,"- ","- ",,,"SANTA BARBARA",UNINCORPORATED,-120.54252611,34.78371259
6976622,2015,2015-07-13,9750,2015-06-16,0150,017267,,2,3,9,4200,0,3,5,,2,020,"HARRIS GRADE RD","RT 135",8448.00,S,N,B,-,N,,,,,,,,,,Y,3,0,1,1,A,-,08,22107,,N,F,A,A,A,H,-,D,D,0,,,,,Y,,A,07,0,1,0,0,0,0,0,0,0,"- ","- ",,,"SANTA BARBARA",UNINCORPORATED,-120.43557875,34.749382509999997
6976626,2015,2017-01-05,9750,2015-06-16,0949,015915,,2,1,9,4200,0,1,2,,2,001,"RT 101","RT 135",528.00,N,N,A,-,Y,SB,5,101,-,-,90.840,R,2,N,Y,2,0,2,1,A,-,03,22350,,N,F,A,A,A,H,-,A,D,0,,,Y,,Y,,C,02,1,0,1,0,0,0,0,0,2,TO,"- ",,,"SANTA BARBARA",UNINCORPORATED,-120.43197347,34.982526249999999
6976672,2015,2017-01-05,9750,2015-06-23,1240,016714,,2,1,5,4204,0,1,2,,2,001,"RT 101",BROADWAY,348.00,N,N,A,-,Y,SB,5,101,-,-,90.850,R,2,S,Y,4,0,1,1,A,-,08,22107,,N,F,I,A,A,H,-,A,D,0,,,,Y,Y,,F,26,0,0,1,0,0,0,0,0,0,"- ","- ",34.981140000000003,-120.43286000000001,"SANTA BARBARA","SANTA MARIA",-120.43222999,34.982671279999998
6976744,2015,2015-07-13,9750,2015-06-25,0545,13267,,4,3,9,4200,0,3,5,,2,010,"BETTERAVIA RD","SINTON RD",2640.00,W,N,B,-,N,,,,,,,,,,Y,2,0,3,1,A,-,03,22350,,N,F,A,A,A,H,-,A,D,0,,,,,Y,,A,01,1,0,2,0,0,0,0,0,0,"- ","- ",34.921349999999997,-120.52634,"SANTA BARBARA",UNINCORPORATED,-120.52270138,34.920690110000002
6976748,2015,2017-01-09,9750,2015-06-27,1735,17616,,6,2,9,4200,0,1,3,,1,023,"RT 135","WINTER RD",595.00,S,N,B,-,Y,SB,5,135,-,-,11.960,H,-,N,Y,3,0,4,2,A,-,03,22350,,N,C,C,A,A,H,-,A,A,5,,,,,Y,,A,01,0,2,2,0,0,0,0,0,0,"- ","- ",34.897860000000001,-120.43617,"SANTA BARBARA",UNINCORPORATED,-120.43622283000001,34.897862920000001
6976816,2015,2015-11-13,4203,2015-06-26,0115,7189,,5,5,5,4203,0,0,0,,0,005,"CALLE REAL","LESLIE DR",168.00,E,N,A,-,N,,,,,,,,,,Y,4,0,1,1,A,-,08,22107,,N,E,I,A,A,H,-,D,D,0,,,,,Y,Y,A,01,0,0,1,0,0,0,0,0,0,"- ","- ",34.254069999999999,-119.43512,"SANTA BARBARA","SANTA BARBARA",-119.73086116,34.427940390000003
6976882,2015,2017-01-05,9750,2015-06-24,1905,17267,,3,2,9,4200,0,1,2,,2,002,"RT 101","PALMER RD",8448.00,N,N,A,-,Y,SB,5,101,-,-,77.490,H,-,N,Y,4,0,1,2,A,-,08,22107,,N,B,C,A,A,H,-,A,D,1,,,,,Y,,A,01,0,0,1,0,0,0,0,0,0,"- ","- ",34.8187,-120.3511,"SANTA BARBARA",UNINCORPORATED,-120.34596323,34.811904920000003
6976906,2015,2015-07-10,9750,2015-06-28,1400,16714,,7,2,9,4200,0,3,5,,2,030,"FOXEN CANYON RD","BROOKS ST",4224.00,E,N,A,-,N,,,,,,,,,,Y,4,0,1,1,A,-,03,22350,,N,E,I,A,A,H,-,A,A,0,,,Y,,Y,,C,02,0,0,1,0,0,0,0,0,1,"- ","- ",34.864109999999997,-120.27719999999999,"SANTA BARBARA",UNINCORPORATED,-120.280743,34.859442899999998
6976965,2015,2015-07-11,4203,2015-06-25,2246,7189,,4,5,5,4203,0,0,0,,0,005,"SAN ROQUE RD","FOOTHILL RD",180.00,N,N,A,-,N,,,,,,,,,,Y,2,0,1,1,A,-,01,23152,,N,-,J,A,A,H,-,C,D,0,,,,,Y,Y,A,07,1,0,0,0,0,0,0,0,0,"- ","- ",34.265929999999997,-119.43595000000001,"SANTA BARBARA","SANTA BARBARA",-119.73321957,34.44983345
6989313,2015,2017-01-14,9750,2015-07-12,1210,016170,,7,1,5,4204,0,1,2,,2,001,"RT 101","STOWELL RD",750.00,N,N,A,-,Y,SB,5,101,-,-,87.690,R,2,N,N,4,0,1,1,A,-,08,22107,,N,F,A,A,A,H,-,A,D,0,,,Y,,Y,,C,02,0,0,1,0,0,0,0,0,1,TO,"- ",34.940179999999998,-120.41742000000001,"SANTA BARBARA","SANTA MARIA",-120.41772324999999,34.939604029999998
6989451,2015,2017-01-05,9760,2015-06-21,1555,20226,,7,2,5,4203,0,1,2,,2,011,"RT 101","CABRILLO BL",650.00,N,N,A,-,Y,SB,5,101,-,-,11.550,H,-,S,N,4,0,3,2,A,-,03,22350,,N,C,C,A,A,H,-,A,D,1,,,,,Y,,A,07,0,0,3,0,0,0,0,0,0,"- ","- ",34.422980000000003,-119.65657,"SANTA BARBARA","SANTA BARBARA",-119.65683228,34.422881400000001
6989455,2015,2017-01-06,9760,2015-06-17,1755,17314,,3,2,9,4200,0,1,3,,1,014,"RT 192","WILLOWGLEN DR",400.00,W,N,A,-,Y,SB,5,192,-,-,1.130,H,-,E,Y,4,0,1,2,A,-,04,21703,,N,C,C,A,A,H,-,A,D,0,,,,,Y,,A,07,0,0,1,0,0,0,0,0,0,"- ","- ",34.454520000000002,-119.74481,"SANTA BARBARA",UNINCORPORATED,-119.74522997,34.454668839999997
6989459,2015,2015-07-18,9760,2015-06-12,1950,20323,,5,2,9,4200,0,3,5,,2,002,"SHORELINE DR","ANDERSON LN",216.00,E,N,A,-,N,,,,,,,,,,Y,3,0,1,1,A,-,01,23152,A,N,E,I,A,A,H,-,A,D,0,,,,,Y,Y,A,01,0,1,0,0,0,0,0,0,0,"- ","- ",34.423589999999997,-119.80968,"SANTA BARBARA",UNINCORPORATED,-119.80948881,34.423683699999998
6989463,2015,2017-01-05,9760,2015-06-07,1415,18019,,7,2,9,4200,0,1,2,,2,010,"RT 101","SAN YSIDRO RD",200.00,N,N,A,-,Y,SB,5,101,-,-,10.060,H,-,S,Y,2,0,1,2,A,-,01,23152,A,N,C,C,A,A,H,-,A,D,1,,,Y,,Y,Y,C,02,1,0,0,0,0,0,0,0,1,"- ","- ",34.422580000000004,-119.63444,"SANTA BARBARA",UNINCORPORATED,-119.63215827000001,34.422474370000003
6989493,2015,2017-01-10,9755,2015-06-29,1318,017378,,1,1,9,4200,0,1,2,,2,004,"RT 101","JONATA PARK RD",0.00,,Y,A,-,Y,SB,5,101,-,-,60.050,I,5,S,Y,4,0,1,2,A,-,09,21802,A,N,D,C,A,A,H,-,A,A,1,,,,,Y,,A,07,0,0,1,0,0,0,0,0,0,"- ","- ",34.652799999999999,-120.1829,"SANTA BARBARA",UNINCORPORATED,-120.18290412,34.652835979999999
6989497,2015,2015-07-16,9755,2015-06-25,1845,017967,,4,2,9,4200,0,3,5,,2,050,"CALLE LINDERO","VIA LATO",48.00,N,N,A,F,N,,,,,,,,,,N,3,0,1,2,A,-,03,22350,,N,C,E,A,A,H,-,A,D,0,,,,,Y,,A,01,0,1,0,0,0,0,0,0,0,"- ","- ",34.700020000000002,-120.43021,"SANTA BARBARA",UNINCORPORATED,-120.43029058,34.700212479999998
6989501,2015,2016-09-28,9755,2015-06-23,1625,015281,,2,2,9,4200,0,1,3,,1,055,"RT 1","SANTA LUCIA CANYON RD",210.00,N,N,A,-,Y,SB,5,1,-,-,26.730,H,-,N,Y,4,0,1,2,A,-,03,22350,,N,C,C,A,A,H,-,A,D,0,,,,,Y,,A,01,0,0,1,0,0,0,0,0,0,"- ","- ",34.714640000000003,-120.4893,"SANTA BARBARA",UNINCORPORATED,-120.49017942,34.71860702
6989505,2015,2017-01-06,9755,2015-06-16,2130,018264,,2,2,9,4200,0,1,3,,1,053,"RT 246","TULAROSA RD",269.00,E,N,A,-,Y,SB,5,246,-,R,14.800,H,-,W,Y,4,0,4,2,A,-,03,22350,,N,C,C,A,A,D,-,D,A,0,,,,,Y,,A,01,0,0,4,0,0,0,0,0,0,"- ","- ",34.664630000000002,-120.36866999999999,"SANTA BARBARA",UNINCORPORATED,-120.36883515,34.66460996
6989761,2015,2015-07-16,9750,2015-07-05,0730,016170,,7,1,9,4200,0,3,5,,2,020,"HARRIS GRADE RD","RT 135",4224.00,S,N,B,-,N,,,,,,,,,,Y,3,0,2,1,A,-,08,22107,,N,F,A,A,B,H,-,A,D,0,,,,,Y,,A,07,0,1,1,0,0,0,0,0,0,"- ","- ",,,"SANTA BARBARA",UNINCORPORATED,-120.42902569,34.757388280000001
6989765,2015,2016-12-22,9750,2015-07-04,1309,016714,,6,1,9,4200,0,1,3,,1,062,"RT 166","SIERRA MADRE RD",13200.00,W,N,A,-,Y,SLO,5,166,-,R,31.900,H,-,E,Y,3,0,1,1,A,-,01,23152,A,N,F,I,A,A,H,-,A,D,0,,,,,Y,Y,A,01,0,1,0,0,0,0,0,0,0,"- ","- ",,,"SANTA BARBARA",UNINCORPORATED,-120.12853557,35.093904780000003
6994654,2015,2015-08-05,4204,2015-07-22,2124,90122,P010,3,5,5,4204,0,0,0,,0,B01,"DONOVAN RD","LYNNE DR",0.00,,Y,A,-,N,,,,,,,,,,Y,4,0,1,2,A,-,09,21802,A,N,D,C,A,A,H,-,C,A,0,,,,,Y,,A,01,0,0,1,0,0,0,0,0,0,"- ","- ",,,"SANTA BARBARA","SANTA MARIA",-120.42674999,34.967660049999999
6994658,2015,2015-08-05,4204,2015-07-22,1548,90272,82,3,5,5,4204,0,0,0,,0,003,"COLLEGE DR","AUTO PLAZA DR",0.00,,Y,A,-,N,,,,,,,,,,Y,4,0,1,2,A,-,09,21804,A,N,D,C,A,A,H,-,A,D,0,,,,,Y,,A,01,0,0,1,0,0,0,0,0,0,"- ","- ",,,"SANTA BARBARA","SANTA MARIA",-120.42545988000001,34.922170029999997
6994695,2015,2015-08-29,9755,2015-07-22,1520,15973,,3,2,9,4200,0,3,5,,2,050,"JUPITER AV","MERCURY AV",172.00,N,N,A,-,N,,,,,,,,,,Y,3,0,1,2,A,-,03,22350,,N,C,C,A,A,H,-,A,D,0,,,,,Y,,A,01,0,1,0,0,0,0,0,0,0,"- ","- ",34.693339999999999,-120.46702999999999,"SANTA BARBARA",UNINCORPORATED,-120.46785556,34.693894659999998
6994701,2015,2017-01-14,9755,2015-07-23,1130,015973,,4,1,9,4200,0,1,3,,1,055,"RT 1","FIREFIGHTER RD",2112.00,S,N,A,-,Y,SB,5,1,-,M,30.780,H,-,N,Y,3,0,2,1,A,-,08,22107,,N,F,A,A,A,H,-,A,D,0,,,,,Y,,A,01,0,1,1,0,0,0,0,0,0,"- ","- ",34.758569999999999,-120.51401,"SANTA BARBARA",UNINCORPORATED,-120.51321840999999,34.761495799999999
6994703,2015,2015-08-29,4203,2015-07-13,1429,4937,,1,5,5,4203,0,0,0,,0,005,"CONSTANCE AV","ANACAPA ST",33.00,E,N,A,-,N,,,,,,,,,,Y,3,0,1,2,B,-,22,,,N,B,C,A,A,H,-,A,D,0,,,,,Y,,J,48,0,1,0,0,0,0,0,0,0,"- ","- ",34.437199999999997,-119.721,"SANTA BARBARA","SANTA BARBARA",-119.7210738,34.437564989999998
6994707,2015,2015-08-29,4203,2015-07-15,1842,2524,,3,5,5,4203,0,0,0,,0,005,"DE LA VINA ST","ARDEN ST",159.00,N,N,A,-,N,,,,,,,,,,N,3,0,1,2,A,-,08,22107,,N,G,B,E,A,H,-,A,A,0,Y,,,,Y,,-,,0,1,0,0,1,0,0,0,0,"- ","- ",34.437449999999998,-119.72729,"SANTA BARBARA","SANTA BARBARA",-119.72715402,34.43759764
6994711,2015,2015-08-29,4203,2015-07-15,1655,9480,,3,5,5,4203,0,0,0,,0,004,"CARRILLO ST","CASTILLO ST",37.00,E,N,A,-,N,,,,,,,,,,N,4,0,1,2,A,-,03,22350,,N,C,C,A,A,H,-,A,A,0,,,,,Y,,A,07,0,0,1,0,0,0,0,0,0,"- ","- ",34.251550000000002,-119.42229,"SANTA BARBARA","SANTA BARBARA",-119.70626996999999,34.417336949999999
6994715,2015,2015-08-29,4203,2015-07-10,1842,7187,,5,5,5,4203,0,0,0,,0,004,"STATE ST","VICTORIA ST",20.00,N,N,A,-,N,,,,,,,,,,N,4,0,1,2,A,-,03,22350,,N,C,C,A,A,H,-,B,A,0,,,,,Y,,-,,0,0,1,0,0,0,0,0,0,"- ","- ",34.252769999999998,-119.42216000000001,"SANTA BARBARA","SANTA BARBARA",-119.70579008999999,34.424335960000001
6995073,2015,2017-01-14,9750,2015-07-22,1438,015514,,3,2,9,4200,0,3,5,,2,010,"BLACK RD","RT 166",15.00,S,N,A,-,Y,SB,5,166,-,-,4.817,I,6,E,Y,3,0,1,2,A,-,03,22350,,N,D,C,A,A,H,-,A,A,0,,,,,Y,,A,01,0,1,0,0,0,0,0,0,0,"- ","- ",34.955150000000003,-120.40949999999999,"SANTA BARBARA",UNINCORPORATED,-120.48962763,34.955356819999999
6995081,2015,2017-01-14,9750,2015-07-03,0130,017379,,5,3,9,4200,0,1,3,,1,022,"RT 1","FIREFIGHTER RD",3696.00,N,N,E,-,Y,SB,5,1,-,-,31.880,H,-,N,Y,3,0,1,1,A,-,01,23152,A,N,F,A,A,A,H,-,D,D,0,,,,,Y,Y,A,01,0,1,0,0,0,0,0,0,0,"- ","- ",34.774810000000002,-120.50592,"SANTA BARBARA",UNINCORPORATED,-120.49172544,34.774577039999997
6995082,2015,2015-07-31,4202,2015-07-12,1110,292,,7,5,4,4202,0,0,0,,0,,"SANTA LUCIA CANYON RD","GUARD RD",0.00,,Y,A,-,N,,,,,,,,,,Y,3,0,1,2,A,-,09,21801,A,N,D,C,A,A,H,-,A,A,0,,,,,Y,,A,01,0,1,0,0,0,0,0,0,0,"- ","- ",,,"SANTA BARBARA",LOMPOC,-120.49719985999999,34.67835006
6989833,2015,2017-01-28,9755,2015-07-02,0315,01710,,4,3,9,4200,0,1,3,,1,042,"RT 154","ZACA STATION RD",2112.00,E,N,B,-,Y,SB,5,154,-,R,0.610,H,-,W,Y,3,0,1,1,A,-,01,23152,A,N,F,A,A,A,H,-,D,D,0,,,,,Y,Y,A,01,0,1,0,0,0,0,0,0,0,"- ","- ",,,"SANTA BARBARA",UNINCORPORATED,-120.15386896,34.680804739999999
6989837,2015,2017-01-14,9750,2015-07-02,1845,016714,,4,2,9,4200,0,1,3,,1,022,"RT 1","CLARK AV",0.00,,Y,A,-,Y,SB,5,1,-,R,35.530,I,5,N,Y,4,0,2,2,A,-,09,21802,A,N,D,C,A,A,H,-,A,A,0,,,,,Y,,A,01,0,0,2,0,0,0,0,0,0,"- ","- ",,,"SANTA BARBARA",UNINCORPORATED,-120.45695516000001,34.863962319999999
6991294,2015,2015-08-03,4200,2015-06-30,1956,3475,14,2,5,4,4214,0,0,0,,0,060,"CALLE REAL","VEGA DR",0.00,,Y,A,-,N,,,,,,,,,,Y,4,0,3,2,A,-,09,21801,A,N,A,C,A,A,D,-,B,A,0,,,,,Y,,A,08,0,0,3,0,0,0,0,0,0,"- ","- ",,,"SANTA BARBARA",GOLETA,-119.83446995,34.439590029999998
6991295,2015,2015-07-27,4200,2015-06-12,1007,3886,10,5,5,3,4205,0,0,0,,0,030,"CARPINTERIA AV","MAPLE AV",95.00,E,N,B,-,N,,,,,,,,,,N,3,0,1,2,A,-,00,23153,F,N,B,G,A,A,H,-,A,D,0,,Y,,,Y,Y,-,,0,1,0,0,0,0,1,0,0,"- ","- ",,,"SANTA BARBARA",CARPINTERIA,-119.51707728,34.397835780000001
6991297,2015,2017-01-05,9760,2015-06-25,1430,18019,,4,2,9,4200,0,1,2,,2,010,"RT 101","SAN YSIDRO RD",1223.00,S,N,A,-,Y,SB,5,101,-,-,9.790,H,-,N,Y,4,0,1,2,A,-,03,22350,,N,C,C,A,A,H,-,A,D,1,,,,,Y,,A,07,0,0,1,0,0,0,0,0,0,"- ","- ",34.421500000000002,-119.62763,"SANTA BARBARA",UNINCORPORATED,-119.62767546000001,34.421307710000001
6991298,2015,2017-01-05,9760,2015-06-20,1328,20227,,6,1,3,4205,0,1,2,,2,010,"RT 101","CASITAS RD",1320.00,S,N,A,-,Y,SB,5,101,-,-,2.390,H,-,N,Y,4,0,3,3,A,-,03,22350,,N,C,C,A,A,H,-,A,D,1,,,,,Y,,A,01,0,0,3,0,0,0,0,0,0,"- ","- ",34.393790000000003,-119.50909,"SANTA BARBARA",CARPINTERIA,-119.50933479,34.393674189999999
6991299,2015,2017-01-05,9760,2015-06-19,1815,20908,,5,2,9,4200,0,1,2,,2,010,"RT 101","EVANS AV",1300.00,S,N,A,-,Y,SB,5,101,-,R,8.010,H,-,S,Y,3,0,3,3,A,-,01,23152,A,N,B,C,A,A,H,-,A,D,1,,,,,Y,Y,A,01,0,2,1,0,0,0,0,0,0,"- ","- ",34.420400000000001,-119.59802000000001,"SANTA BARBARA",UNINCORPORATED,-119.59720016,34.42009779
6991300,2015,2017-01-09,9760,2015-06-09,0820,12518,,2,1,9,4200,0,1,3,,1,022,"RT 154","EAST CAMINO CIELO",2640.00,W,N,B,C,Y,SB,5,154,-,-,23.940,H,-,E,Y,4,0,1,1,A,-,03,22350,,N,E,I,A,B,H,-,A,D,0,,,,,Y,,A,01,0,0,1,0,0,0,0,0,0,"- ","- ",34.51623,-119.82835,"SANTA BARBARA",UNINCORPORATED,-119.82767797,34.51542336
6991301,2015,2015-07-24,9760,2015-06-10,1215,12518,,3,1,9,4200,0,3,5,,2,002,"N SAN MARCOS RD","CALLE REAL",175.00,N,N,B,-,N,,,,,,,,,,N,4,0,1,2,A,-,03,22350,,N,C,C,A,A,H,-,A,D,0,,,,,Y,,A,01,0,0,1,0,0,0,0,0,0,"- ","- ",34.442720000000001,-119.79725000000001,"SANTA BARBARA",UNINCORPORATED,-119.79727721,34.442469209999999
6991382,2015,2017-01-14,9760,2015-07-01,0750,015658,,3,1,5,4203,0,1,2,,2,011,"RT 1","MISSION ST",600.00,N,N,A,-,Y,SB,5,101,-,R,15.900,R,1,S,Y,4,0,1,2,A,-,03,22350,,N,C,C,A,A,H,-,A,D,1,,,,,Y,,A,01,0,0,1,0,0,0,0,0,0,TO,"- ",34.425759999999997,-119.72238,"SANTA BARBARA","SANTA BARBARA",-119.72295155,34.426058830000002
6991383,2015,2017-01-12,9760,2015-07-02,1717,019831,,4,2,5,4203,0,1,2,,2,011,"RT 101","CASTILLO ST",314.00,S,N,A,-,Y,SB,5,101,-,R,14.130,H,-,S,Y,2,0,1,3,A,-,03,22350,,N,B,C,A,A,H,-,A,D,1,,,Y,,Y,,C,02,1,0,0,0,0,0,0,0,1,"- ","- ",34.413359999999997,-119.69503,"SANTA BARBARA","SANTA BARBARA",-119.69792181,34.412283420000001
6977387,2015,2016-10-28,9760,2015-03-12,2043,018803,,4,2,5,4203,0,1,2,,2,020,"RT 101","LA CUMBRE RD",105.00,S,N,A,-,Y,SB,5,101,-,-,17.760,H,-,S,Y,3,0,1,1,A,-,01,23152,A,M,E,I,A,A,H,-,C,D,1,,,,,Y,Y,A,01,0,1,0,0,0,0,0,0,0,"- ","- ",34.436019999999999,-119.75077,"SANTA BARBARA","SANTA BARBARA",-119.75141856,34.436514410000001
6977497,2015,2015-07-23,9760,2015-03-15,1407,019292,,7,2,9,4200,0,3,5,,2,001,"CHELTENHAM RD","EXETER PL",30.00,E,N,A,-,N,,,,,,,,,,N,3,0,2,2,A,-,03,22350,,N,C,G,A,A,H,-,A,A,0,,Y,,,Y,,L,04,0,2,0,0,0,0,2,0,0,"- ","- ",34.448610000000002,-119.72068,"SANTA BARBARA",UNINCORPORATED,-119.7205637,34.448662820000003
6978254,2015,2015-07-15,4200,2015-06-22,1127,3475,14,1,5,4,4214,0,0,0,,0,080,"HOLLISTER AV","SANTA FELICIA",0.00,,Y,A,-,N,,,,,,,,,,N,3,0,1,2,A,-,09,21802,A,F,D,G,A,A,D,-,A,A,0,,Y,,,Y,,A,01,0,1,0,0,0,0,1,0,0,"- ","- ",,,"SANTA BARBARA",GOLETA,-119.87589991,34.430120019999997
6978258,2015,2015-07-23,4200,2015-06-23,1530,3475,14,2,5,4,4214,0,0,0,,0,060,"CATHEDRAL OAKS RD","CAMINO LAGUNA VISTA",350.00,W,N,A,-,N,,,,,,,,,,N,3,0,2,2,A,-,06,21750,A,N,B,G,A,A,H,-,A,A,0,,Y,,,Y,,-,"- ",0,2,0,0,0,0,2,0,0,"- ","- ",,,"SANTA BARBARA",GOLETA,-119.85113968,34.447922329999997
6978436,2015,2015-07-15,4203,2015-06-13,0750,7193,,6,5,5,4203,0,0,0,,0,004,"DE LA VINA ST","W PEDRIGOSA ST",0.00,,Y,B,-,N,,,,,,,,,,N,4,0,1,2,A,-,05,21650,,N,D,G,A,A,H,-,A,D,0,,Y,,,Y,,L,04,0,0,1,0,0,0,1,0,0,"- ","- ",,,"SANTA BARBARA","SANTA BARBARA",-119.71572997,34.427780050000003
6978440,2015,2015-07-14,4203,2015-06-18,1027,2520,4203,4,5,5,4203,0,0,0,,0,002,"HERMOSILLO DR","COAST VILLAGE RD",0.00,,Y,A,-,N,,,,,,,,,,Y,3,0,4,2,A,-,08,22103,,N,D,C,A,A,H,-,A,D,0,,,,,Y,,A,01,0,1,3,0,0,0,0,0,0,"- ","- ",34.254399999999997,-119.38760000000001,"SANTA BARBARA","SANTA BARBARA",-119.64914985999999,34.421590070000001