CASE_ID,ACCIDENT_YEAR,PROC_DATE,JURIS,COLLISION_DATE,COLLISION_TIME,OFFICER_ID,REPORTING_DISTRICT,DAY_OF_WEEK,CHP_SHIFT,POPULATION,CNTY_CITY_LOC,SPECIAL_COND,BEAT_TYPE,CHP_BEAT_TYPE,CITY_DIVISION_LAPD,CHP_BEAT_CLASS,BEAT_NUMBER,PRIMARY_RD,SECONDARY_RD,DISTANCE,DIRECTION,INTERSECTION,WEATHER_1,WEATHER_2,STATE_HWY_IND,CALTRANS_COUNTY,CALTRANS_DISTRICT,STATE_ROUTE,ROUTE_SUFFIX,POSTMILE_PREFIX,POSTMILE,LOCATION_TYPE,RAMP_INTERSECTION,SIDE_OF_HWY,TOW_AWAY,COLLISION_SEVERITY,NUMBER_KILLED,NUMBER_INJURED,PARTY_COUNT,PRIMARY_COLL_FACTOR,PCF_CODE_OF_VIOL,PCF_VIOL_CATEGORY,PCF_VIOLATION,PCF_VIOL_SUBSECTION,HIT_AND_RUN,TYPE_OF_COLLISION,MVIW,PED_ACTION,ROAD_SURFACE,ROAD_COND_1,ROAD_COND_2,LIGHTING,CONTROL_DEVICE,CHP_ROAD_TYPE,PEDESTRIAN_ACCIDENT,BICYCLE_ACCIDENT,MOTORCYCLE_ACCIDENT,TRUCK_ACCIDENT,NOT_PRIVATE_PROPERTY,ALCOHOL_INVOLVED,STWD_VEHTYPE_AT_FAULT,CHP_VEHTYPE_AT_FAULT,COUNT_SEVERE_INJ,COUNT_VISIBLE_INJ,COUNT_COMPLAINT_PAIN,COUNT_PED_KILLED,COUNT_PED_INJURED,COUNT_BICYCLIST_KILLED,COUNT_BICYCLIST_INJURED,COUNT_MC_KILLED,COUNT_MC_INJURED,PRIMARY_RAMP,SECONDARY_RAMP,LATITUDE,LONGITUDE,COUNTY,CITY,POINT_X,POINT_Y
6978444,2015,2015-07-14,4203,2015-06-23,1452,2520,4203,2,5,5,4203,0,0,0,,0,001,"SOLEDAD ST","MONTECITO ST",0.00,,Y,A,-,N,,,,,,,,,,Y,4,0,1,2,A,-,03,22350,,N,C,E,A,A,H,-,A,D,0,,,,,Y,,-,,0,0,1,0,0,0,0,0,0,"- ","- ",34.252200000000002,-119.40130000000001,"SANTA BARBARA","SANTA BARBARA",-119.67943999000001,34.42761007
6978448,2015,2015-07-14,4203,2015-06-22,1720,6967,,1,5,5,4203,0,0,0,,0,004,"CHAPALA ST","W FIGUEROA ST",0.00,,Y,A,-,N,,,,,,,,,,N,4,0,1,2,A,-,10,21950,A,N,G,B,B,A,H,-,A,A,0,Y,,,,Y,,-,,0,0,1,0,1,0,0,0,0,"- ","- ",34.253100000000003,-119.4203,"SANTA BARBARA","SANTA BARBARA",-119.70426987,34.421390029999998
6978919,2015,2015-07-10,4202,2015-06-07,1404,292,,7,5,4,4202,0,0,0,,0,,"D ST","OAK AV",0.00,,Y,A,-,N,,,,,,,,,,N,3,0,1,2,A,-,12,22450,,N,D,G,A,A,H,-,A,A,0,,Y,,,Y,,L,04,0,1,0,0,0,0,1,0,0,"- ","- ",,,"SANTA BARBARA",LOMPOC,-120.45264993000001,34.651750079999999
6979656,2015,2015-07-09,4200,2015-06-10,1404,4222,6,3,5,2,4206,0,0,0,,0,,"FREDENSBORG CANYON RD","COLLEGE CANYON RD",100.00,S,N,A,-,N,,,,,,,,,,Y,4,0,1,2,A,-,08,22107,,N,B,E,A,A,H,-,A,D,0,,,,,Y,,A,07,0,0,1,0,0,0,0,0,0,"- ","- ",,,"SANTA BARBARA",SOLVANG,-120.13686394,34.607027129999999
6980161,2015,2017-01-09,9760,2015-06-09,1731,19446,,2,2,9,4200,0,1,3,,1,022,"RT 154","SAN ANTONIO CREEK RD",1056.00,W,N,C,-,Y,SB,5,154,-,-,29.760,H,-,W,N,4,0,1,2,A,-,03,22350,,N,C,C,A,B,H,-,A,A,0,,,,,Y,,A,07,0,0,1,0,0,0,0,0,0,"- ","- ",34.470199999999998,-119.7775,"SANTA BARBARA",UNINCORPORATED,-119.77802585000001,34.470849440000002
6980165,2015,2017-01-05,9760,2015-06-17,0750,20628,,3,1,5,4203,0,1,2,,2,011,"RT 101","MILPAS ST",1664.00,N,N,A,-,Y,SB,5,101,-,-,13.070,H,-,S,N,4,0,2,2,A,-,03,22350,,N,C,C,A,A,H,-,A,D,1,,,,,Y,,A,07,0,0,2,0,0,0,0,0,0,"- ","- ",34.419800000000002,-119.68216,"SANTA BARBARA","SANTA BARBARA",-119.68264168,34.419807849999998
6980169,2015,2017-01-05,9760,2015-06-11,2125,17314,,4,2,9,4200,0,1,2,,1,040,"RT 101","VISTA POINT",3168.00,N,N,A,-,Y,SB,5,101,-,-,41.580,H,-,S,N,3,0,8,1,A,-,08,22107,,N,F,A,A,A,H,-,D,D,5,,,,,Y,,A,07,0,3,5,0,0,0,0,0,0,"- ","- ",34.472880000000004,-120.12917,"SANTA BARBARA",UNINCORPORATED,-120.15031063000001,34.474236859999998
6980170,2015,2017-01-05,9760,2015-06-02,1350,12518,,2,1,5,4203,0,1,2,,2,011,"RT 101","OLIVE MILL RD",453.00,N,N,A,-,Y,SB,5,101,-,-,10.630,H,-,N,Y,4,0,1,1,A,-,08,22107,,N,E,I,A,A,H,-,A,D,1,,,,,Y,,A,01,0,0,1,0,0,0,0,0,0,"- ","- ",34.420009999999998,-119.64234999999999,"SANTA BARBARA","SANTA BARBARA",-119.64137122,34.42024455
7007283,2015,2015-08-14,4203,2015-07-18,2133,6967,,6,5,5,4203,0,0,0,,0,002,"W CABRILLO","BATH ST",0.00,,Y,A,-,N,,,,,,,,,,Y,3,0,3,2,A,-,03,22350,,N,C,C,A,A,H,-,C,B,0,,,,,Y,,-,,0,2,1,0,0,0,0,0,0,"- ","- ",34.243200000000002,-119.4134,"SANTA BARBARA","SANTA BARBARA",-119.69269989,34.409160100000001
7007350,2015,2015-08-17,4203,2015-06-30,1627,1436,,2,5,5,4203,0,0,0,,0,003,"CARRILLO ST","SANTA BARBARA ST",42.00,W,N,A,-,N,,,,,,,,,,N,4,0,1,3,A,-,03,22350,,N,C,C,A,A,H,-,A,A,0,,,,,Y,,-,,0,0,1,0,0,0,0,0,0,"- ","- ",34.252459999999999,-119.41589,"SANTA BARBARA","SANTA BARBARA",-119.69973077,34.42355259
7008493,2015,2015-08-05,4203,2015-07-25,1238,7189,,6,5,5,4203,0,0,0,,0,004,"W CARRILLO ST","BATH ST",50.00,E,N,A,-,N,,,,,,,,,,N,4,0,1,2,A,-,03,22350,,N,C,-,A,A,H,-,A,D,0,,,,,Y,,A,01,0,0,1,0,0,0,0,0,0,"- ","- ",34.250779999999999,-119.42195,"SANTA BARBARA","SANTA BARBARA",-119.70513755,34.418420810000001
7008497,2015,2015-08-05,4203,2015-07-26,0352,6968,51,7,5,5,4203,0,0,0,,0,005,"PUESTA DEL SOL RD","LUGAR DEL CONSUELO",141.00,W,N,A,-,N,,,,,,,,,,Y,3,0,1,2,A,-,01,23152,A,N,B,E,A,A,H,-,C,D,0,,,,,Y,Y,-,,0,1,0,0,0,0,0,0,0,"- ","- ",34.263460000000002,-119.43198,"SANTA BARBARA","SANTA BARBARA",-119.72359729,34.442947080000003
7008501,2015,2015-08-07,4203,2015-07-26,0645,6970,,7,5,5,4203,0,0,0,,0,004,"W MISSION ST","CASTILLO ST",0.00,,Y,A,-,N,,,,,,,,,,Y,4,0,2,2,A,-,12,21453,A,N,D,C,A,A,H,-,A,A,0,,,,,Y,,-,"- ",0,0,2,0,0,0,0,0,0,"- ","- ",34.253549999999997,-119.43879,"SANTA BARBARA","SANTA BARBARA",-119.71907985999999,34.426570099999999
7008521,2015,2015-08-05,4203,2015-07-23,2035,1959,,4,5,5,4203,0,0,0,,0,002,"CABRILLO BL","NINOS DR",321.00,E,N,A,-,N,,,,,,,,,,N,4,0,1,2,A,-,08,22107,,N,-,E,A,A,H,-,C,A,0,,,,,Y,,-,,0,0,1,0,0,0,0,0,0,"- ","- ",34.250259999999997,-119.39583,"SANTA BARBARA","SANTA BARBARA",-119.66637935,34.417399209999999
7008545,2015,2015-08-05,4203,2015-07-13,2157,7774,,1,5,5,4203,0,0,0,,0,005,"CALLE REAL","WYE RD",0.00,,Y,A,-,N,,,,,,,,,,Y,4,0,2,2,A,-,09,21801,A,N,D,C,A,A,H,-,C,D,0,,,,,Y,Y,-,,0,0,2,0,0,0,0,0,0,"- ","- ",34.262830000000001,-119.45242,"SANTA BARBARA","SANTA BARBARA",-119.75670998,34.441180000000003
7008549,2015,2015-08-05,4203,2015-07-23,1430,22859,,4,5,5,4203,0,0,0,,0,003,"DE LA VINA ST","CANON PERDIDO ST",0.00,,Y,B,-,N,,,,,,,,,,Y,4,0,1,2,A,-,09,21802,A,N,D,C,A,A,H,-,A,A,0,,,,,Y,,-,,0,0,1,0,0,0,0,0,0,"- ","- ",34.256,-119.42100000000001,"SANTA BARBARA","SANTA BARBARA",-119.70284988,34.418399999999998
6991384,2015,2017-01-12,9760,2015-07-03,1207,019397,,5,1,9,4200,0,1,2,,2,010,"RT 101","LINDEN AV",2640.00,N,N,A,-,Y,SLO,5,101,-,-,3.560,H,-,N,Y,4,0,1,2,A,-,03,22350,,N,C,C,A,A,H,-,A,D,1,,,,,Y,,A,07,0,0,1,0,0,0,0,0,0,"- ","- ",34.403329999999997,-119.52598,"SANTA BARBARA",UNINCORPORATED,-120.4692062,35.022752539999999
6992442,2015,2015-08-08,4204,2015-07-19,1942,90341,16,7,5,5,4204,0,0,0,,0,001,"ALVIN AV",MCCLELLAND,0.00,,Y,B,-,N,,,,,,,,,,Y,4,0,1,2,A,-,01,23153,B,N,C,E,A,B,H,-,A,A,0,,,,,Y,Y,A,01,0,0,1,0,0,0,0,0,0,"- ","- ",,,"SANTA BARBARA","SANTA MARIA",-120.43413993999999,34.960430080000002
6992753,2015,2017-01-17,4204,2015-07-13,1231,90415,,1,5,5,4204,0,0,0,,0,,"RT 135","LAKEVIEW RD",0.00,,N,A,-,Y,SB,5,135,-,-,11.730,I,5,N,Y,4,0,3,2,A,-,12,21453,A,N,D,C,A,A,H,-,A,A,0,,,,,Y,,A,01,0,0,3,0,0,0,0,0,0,"- ","- ",,,"SANTA BARBARA","SANTA MARIA",-120.43644693,34.894508389999999
6992762,2015,2017-01-19,9760,2015-07-01,1555,18431,,3,2,9,4200,0,3,5,,2,002,"STATE ST","RT 154",180.00,W,N,B,-,Y,SB,5,154,-,-,32.281,I,6,E,N,4,0,1,2,A,-,03,22350,,N,C,C,A,A,H,-,A,D,0,,,,,Y,,A,01,0,0,1,0,0,0,0,0,0,"- ","- ",34.440460000000002,-119.76681000000001,"SANTA BARBARA",UNINCORPORATED,-119.76002502999999,34.44074423
6993026,2015,2015-07-29,4204,2015-06-25,1406,90342,47,4,5,5,4204,0,0,0,,0,002,MILLER,CYPRESS,0.00,,Y,A,-,N,,,,,,,,,,N,4,0,1,2,A,-,03,22350,,N,C,C,A,A,H,-,A,A,0,,,,,Y,,A,01,0,0,1,0,0,0,0,0,0,"- ","- ",,,"SANTA BARBARA","SANTA MARIA",-120.43147988,34.950940060000001
6993028,2015,2017-01-12,9750,2015-07-15,1335,016170,,3,1,9,4200,0,1,2,,2,003,"RT 101","CAT CANYON RD",1584.00,S,N,A,-,Y,SB,5,101,-,L,72.280,H,-,S,Y,4,0,1,2,A,-,03,22350,,N,C,C,A,A,H,-,A,D,1,,,,Y,Y,,A,07,0,0,1,0,0,0,0,0,0,"- ","- ",34.753819999999997,-120.28922,"SANTA BARBARA",UNINCORPORATED,-120.2901373,34.754366519999998
6993253,2015,2017-01-12,9750,2015-07-22,2142,16874,,3,2,5,4204,0,1,2,,2,001,"RT 101","BETTERAVIA RD",1056.00,N,N,B,-,Y,SB,5,101,-,-,86.760,H,-,N,Y,4,0,2,2,A,-,03,22350,,N,C,C,A,A,D,-,D,D,0,,,,,Y,,A,01,0,0,2,0,0,0,0,0,0,"- ","- ",34.928649999999998,-120.41768999999999,"SANTA BARBARA","SANTA MARIA",-120.41781068,34.926092930000003
6993257,2015,2017-01-14,9750,2015-07-19,1800,16773,,7,2,9,4200,0,2,4,,1,024,"CLARK AV","RT 101",0.00,,Y,A,-,Y,SB,5,101,-,-,82.350,R,4,N,Y,3,0,2,2,A,-,09,21801,A,N,A,C,A,A,H,-,A,D,0,,,,,Y,,A,01,0,1,1,0,0,0,0,0,0,"- ","- ",34.865409999999997,-120.39581,"SANTA BARBARA",UNINCORPORATED,-120.39773268,34.867370809999997
6993442,2015,2015-07-29,4200,2015-07-04,2156,4841,,6,5,2,4206,0,0,0,,0,,"ALAMO PINTADO RD","OLD MISSION DR",272.00,N,N,A,-,N,,,,,,,,,,N,4,0,2,2,A,-,03,22350,,N,C,C,A,A,H,-,C,D,0,,,,,Y,,A,07,0,0,2,0,0,0,0,0,0,"- ","- ",,,"SANTA BARBARA",SOLVANG,-120.12858239000001,34.600306860000003
6993483,2015,2015-07-30,4204,2015-06-10,0840,90251,89,3,5,5,4204,0,0,0,,0,003,"PLAYA BLANCA","SAN YSIDRO ST",42.00,N,N,A,-,N,,,,,,,,,,N,2,0,1,2,A,-,10,21954,B,N,G,B,D,A,H,-,A,D,0,Y,,,,Y,,A,01,1,0,0,0,1,0,0,0,0,"- ","- ",,,"SANTA BARBARA","SANTA MARIA",-120.43019268,34.912885340000003
6993484,2015,2017-01-09,4204,2015-06-18,1837,90365,35,4,5,5,4204,0,0,0,,0,002,MAIN,MILLER,133.00,E,N,A,-,Y,SB,5,166,-,-,8.160,H,-,W,N,4,0,1,3,A,-,03,22350,,N,C,C,A,A,H,-,A,A,0,,,,,Y,,A,07,0,0,1,0,0,0,0,0,0,"- ","- ",,,"SANTA BARBARA","SANTA MARIA",-120.43083179,34.953208349999997
6995272,2015,2016-06-18,4204,2015-06-19,2148,20894,49,5,5,5,4204,0,0,0,,0,002,MAIN,"CONCORD AV",0.00,,Y,A,-,N,,,,,,,,,,Y,3,0,1,2,A,-,08,22107,,N,A,C,A,A,H,-,D,D,0,,,,,Y,,A,01,0,1,0,0,0,0,0,0,0,"- ","- ",,,"SANTA BARBARA","SANTA MARIA",-120.41389995999999,34.952900110000002
6995701,2015,2015-07-31,9760,2015-06-29,1545,18754,,1,2,9,4200,0,3,5,,2,001,"GIBRALTAR RD","EL CIELITO RD",6864.00,N,N,A,-,N,,,,,,,,,,N,3,0,1,1,A,-,03,22350,,N,F,A,A,A,D,-,A,A,0,,Y,,,Y,,L,04,0,1,0,0,0,0,1,0,0,"- ","- ",34.466160000000002,-119.67261000000001,"SANTA BARBARA",UNINCORPORATED,-119.68131577,34.462670000000003
6995709,2015,2015-09-02,4203,2015-06-26,1104,3433,,5,5,5,4203,0,0,0,,0,004,"W CARRILLO ST","DE LA VINA ST",192.00,W,N,A,-,N,,,,,,,,,,N,3,0,1,2,A,-,05,21650,1,N,A,G,A,A,H,-,A,D,0,,Y,,,Y,,L,04,0,1,0,0,0,0,1,0,0,"- ","- ",34.318640000000002,-119.70484,"SANTA BARBARA","SANTA BARBARA",-119.70456167,34.41895538
6997043,2015,2016-10-28,4200,2015-03-05,1826,4783,14,4,5,4,4214,0,0,0,,0,060,"PATTERSON AV","RT 101",0.00,,Y,A,-,Y,SB,5,101,-,-,21.250,R,2,S,Y,4,0,1,2,A,-,03,22350,,N,C,C,A,A,H,-,B,A,0,,,,,Y,,A,01,0,0,1,0,0,0,0,0,0,"- ",NF,,,"SANTA BARBARA",GOLETA,-119.81015767,34.441822109999997
6997049,2015,2015-08-10,4204,2015-06-17,2259,18261,36,3,5,5,4204,0,0,0,,0,002,"COLLEGE DR",CHAPEL,7.00,S,N,A,-,N,,,,,,,,,,Y,2,0,1,2,A,-,11,21950,B,N,G,B,B,A,H,-,C,A,0,Y,,,,Y,Y,N,60,1,0,0,0,1,0,0,0,0,"- ","- ",,,"SANTA BARBARA","SANTA MARIA",-120.42481033999999,34.954240769999998
6997053,2015,2015-08-10,4204,2015-06-29,2304,90343,59,1,5,5,4204,0,0,0,,0,002,"STOWELL RD","BRADLEY RD",0.00,,Y,B,-,N,,,,,,,,,,Y,4,0,1,2,A,-,12,21453,A,N,D,C,A,A,H,-,C,A,0,,,,,Y,,A,01,0,0,1,0,0,0,0,0,0,"- ","- ",,,"SANTA BARBARA","SANTA MARIA",-120.41941998,34.938339999999997
6997627,2015,2015-08-24,4203,2015-07-20,0755,2661,50,1,5,5,4203,0,0,0,,0,005,"SANTA BARBARA ST","PUEBLO ST",0.00,,Y,A,-,N,,,,,,,,,,Y,3,0,1,2,A,-,09,21802,A,N,D,C,A,A,H,-,A,A,0,,,,,Y,,-,,0,1,0,0,0,0,0,0,0,"- ","- ",34.435099999999998,-119.7165,"SANTA BARBARA","SANTA BARBARA",-119.71621988,34.435780049999998
6997631,2015,2015-08-18,4203,2015-07-25,2152,7187,,6,5,5,4203,0,0,0,,0,003,"E ANAPAMU ST","GARDEN ST",104.00,E,N,A,-,N,,,,,,,,,,Y,4,0,1,2,A,-,01,23152,,N,B,C,A,A,H,-,C,A,0,,,,,Y,Y,-,,0,0,1,0,0,0,0,0,0,"- ","- ",34.426769999999998,-119.70081999999999,"SANTA BARBARA","SANTA BARBARA",-119.70084186,34.426764009999999
6997666,2015,2015-08-26,4203,2015-07-22,1710,6983,,3,5,5,4203,0,0,0,,0,002,"GARDEN ST","CABRILLO BL",213.00,N,N,B,-,N,,,,,,,,,,Y,3,0,1,1,A,-,08,22107,,N,E,I,A,A,H,-,A,A,0,,,,,Y,,D,22,0,1,0,0,0,0,0,0,0,"- ","- ",34.245199999999997,-119.4113,"SANTA BARBARA","SANTA BARBARA",-119.68703214999999,34.414837919999997
6998490,2015,2016-10-28,9760,2015-03-20,0759,019464,,5,1,9,4200,0,1,2,,2,010,"RT 101 NORTHBOUND","SOUTH PADARO LN",1500.00,N,N,B,-,Y,SB,5,101,-,-,5.590,H,-,N,Y,4,0,1,3,A,-,03,22350,,N,C,C,A,A,H,-,A,D,1,,,,,Y,,A,01,0,0,1,0,0,0,0,0,0,"- ","- ",34.414529999999999,-119.55753,"SANTA BARBARA",UNINCORPORATED,-119.55663722,34.413667490000002
6998522,2015,2015-07-22,9760,2015-03-16,1510,015658,,1,2,9,4200,0,2,4,,1,021,"HOLLISTER AV","AUHAY DR",150.00,W,N,A,-,N,,,,,,,,,,N,4,0,1,2,A,-,03,22350,,M,C,C,A,A,H,-,A,D,0,,,,,Y,,A,07,0,0,1,0,0,0,0,0,0,"- ","- ",34.436320000000002,-119.77245000000001,"SANTA BARBARA",UNINCORPORATED,-119.78225485999999,34.437969090000003
7008755,2015,2015-12-02,4203,2015-07-25,1516,2264,,6,5,5,4203,0,0,0,,0,005,"STATE ST","LA CUMBRE RD",0.00,E,N,A,-,N,,,,,,,,,,N,4,0,1,2,A,-,03,22350,,N,C,C,A,A,H,-,A,A,0,,,,,Y,,-,,0,0,1,0,0,0,0,0,0,"- ","- ",34.262630000000001,-119.45029,"SANTA BARBARA","SANTA BARBARA",-119.75104997,34.440500049999997
7009443,2015,2015-09-29,4203,2015-07-28,0953,6700,41,2,5,5,4203,0,0,0,,0,003,"CARRILLO ST","ANACAPA ST",185.00,W,N,A,B,N,,,,,,,,,,N,3,0,1,2,A,I,"- ",,,N,D,A,F,A,H,-,A,D,0,Y,Y,,,Y,,L,04,0,1,0,0,1,0,0,0,0,"- ","- ",34.251939999999998,-119.42408,"SANTA BARBARA","SANTA BARBARA",-119.70112901,34.422221669999999
7009451,2015,2015-08-25,4203,2015-07-26,1850,6967,,7,5,5,4203,0,0,0,,0,001,"N MILPAS ST","E CANON PERDIDO ST",0.00,,Y,A,-,N,,,,,,,,,,N,4,0,1,2,D,-,00,,,N,G,B,B,A,H,-,A,A,0,Y,,,,Y,,-,"- ",0,0,1,0,1,0,0,0,0,"- ","- ",34.253100000000003,-119.4203,"SANTA BARBARA","SANTA BARBARA",-119.69039992,34.430020089999999
7009467,2015,2015-08-25,4203,2015-07-29,1238,6700,40,3,5,5,4203,0,0,0,,0,003,"ANACAPA ST","HALEY ST",24.00,N,N,A,-,N,,,,,,,,,,N,3,0,1,2,A,-,03,22350,,N,C,C,A,A,H,-,A,A,0,,,Y,,Y,,A,01,0,1,0,0,0,0,0,0,1,"- ","- ",34.254629999999999,-119.41401999999999,"SANTA BARBARA","SANTA BARBARA",-119.69436057999999,34.417972679999998
7009471,2015,2015-08-27,4203,2015-07-27,1905,6693,31,1,5,5,4203,0,0,0,,0,004,"CANON PERDIDO ST","DE LA VINA ST",75.00,W,N,A,-,N,,,,,,,,,,N,4,0,1,2,A,-,03,22350,,N,B,G,A,A,H,-,A,D,0,,Y,,,Y,,L,04,0,0,1,0,0,0,1,0,0,"- ","- ",34.250500000000002,-119.4211,"SANTA BARBARA","SANTA BARBARA",-119.70301572,34.41824656
7009475,2015,2015-08-27,4203,2015-07-30,1149,6048,,4,5,5,4203,0,0,0,,0,005,"STATE ST","LA CUMBRE RD",0.00,,N,B,-,N,,,,,,,,,,Y,4,0,1,2,A,-,09,21804,A,N,D,C,A,A,H,-,A,D,0,,,,,Y,,-,,0,0,1,0,0,0,0,0,0,"- ","- ",34.263330000000003,-119.45255,"SANTA BARBARA","SANTA BARBARA",-119.75104997,34.440500049999997
7009479,2015,2015-08-25,4203,2015-07-31,2133,7083,4203,5,5,5,4203,0,0,0,,0,003,"E CARRILLO ST","ANACAPA ST",3.00,W,N,A,-,N,,,,,,,,,,N,3,0,1,2,D,-,00,,,N,G,B,B,A,H,-,C,A,0,Y,,,,Y,Y,-,"- ",0,1,0,0,1,0,0,0,0,"- ","- ",34.422600000000003,-119.7002,"SANTA BARBARA","SANTA BARBARA",-119.70072663000001,34.422593859999999
7009483,2015,2015-08-25,4203,2015-07-31,0947,2661,35,5,5,5,4203,0,0,0,,0,004,"STATE ST","MISSION ST",60.00,N,N,A,-,N,,,,,,,,,,N,4,0,3,3,A,-,03,22350,,N,C,C,A,A,H,-,A,A,0,,,,,Y,,-,,0,0,3,0,0,0,0,0,0,"- ","- ",34.43,-119.715,"SANTA BARBARA","SANTA BARBARA",-119.71487006,34.430925719999998
7009487,2015,2015-08-25,4203,2015-07-31,1545,7189,,5,5,5,4203,0,0,0,,0,004,"W HALEY ST","BATH ST",0.00,,Y,A,-,N,,,,,,,,,,N,4,0,2,2,A,-,08,22107,,N,-,C,A,A,H,-,A,A,0,,,,,Y,,A,01,0,0,2,0,0,0,0,0,0,"- ","- ",34.251600000000003,-119.4233,"SANTA BARBARA","SANTA BARBARA",-119.69891998,34.413610030000001
7010728,2015,2015-08-28,9760,2015-07-20,0843,021061,2,1,1,9,4200,0,3,5,,2,001,"MOUNTAIN DR","COYOTE RD",2640.00,E,N,B,-,N,,,,,,,,,,N,3,0,1,2,A,-,05,21460,A,N,B,G,A,A,H,-,A,D,0,,Y,,,Y,,D,22,0,1,0,0,0,0,1,0,0,"- ","- ",34.45532,-119.67489999999999,"SANTA BARBARA",UNINCORPORATED,-119.66358051,34.454766980000002
7010975,2015,2017-01-28,9755,2015-07-26,1255,017378,,7,1,9,4200,0,1,3,,1,042,"RT 154","STAGECOACH RD",3168.00,W,N,A,-,Y,SB,5,154,-,-,19.950,H,-,W,Y,4,0,1,2,A,-,16,29003,,N,E,J,A,A,H,-,A,D,0,,,,,Y,,-,99,0,0,1,0,0,0,0,0,0,"- ","- ",34.5471,-119.8931,"SANTA BARBARA",UNINCORPORATED,-119.88062050000001,34.545872809999999
6998913,2015,2017-01-09,9760,2015-06-09,1835,017097,,2,2,9,4200,0,1,3,,1,022,"RT 154","SAN MARCOS RD",528.00,E,N,B,-,Y,SB,5,154,-,-,26.710,H,-,E,Y,4,0,1,1,A,-,03,22350,,N,E,I,A,B,H,-,A,D,0,,,,,Y,,A,01,0,0,1,0,0,0,0,0,0,"- ","- ",34.489919999999998,-119.79398,"SANTA BARBARA",UNINCORPORATED,-119.79512364999999,34.491175650000002
6999608,2015,2017-01-28,4204,2015-07-04,1226,90341,33,6,5,5,4204,0,0,0,,0,002,DEPOT,MAIN,0.00,,Y,A,-,Y,SB,5,166,-,-,7.420,I,5,W,Y,4,0,1,2,A,-,12,21453,A,N,D,C,A,A,H,-,A,A,0,,,,Y,Y,,F,25,0,0,1,0,0,0,0,0,0,"- ","- ",,,"SANTA BARBARA","SANTA MARIA",-120.44396162,34.953286820000002
6999609,2015,2017-01-07,4204,2015-05-28,1141,90139,33,4,5,5,4204,0,0,0,,0,002,DEPOT,MAIN,0.00,,Y,A,-,Y,SB,5,166,-,-,7.420,I,5,E,N,4,0,1,2,A,-,09,21801,A,N,A,C,A,A,H,-,A,A,0,,,,,Y,,D,22,0,0,1,0,0,0,0,0,0,"- ","- ",,,"SANTA BARBARA","SANTA MARIA",-120.44396522,34.953174949999998
6999619,2015,2015-07-22,4204,2015-07-06,1506,90373,56,1,5,5,4204,0,0,0,,0,B02,BROADWAY,"PARK AV",0.00,,Y,A,-,N,,,,,,,,,,Y,4,0,1,2,A,-,03,22350,,N,C,C,A,A,H,-,A,A,0,,,,,Y,,D,22,0,0,1,0,0,0,0,0,0,"- ","- ",,,"SANTA BARBARA","SANTA MARIA",-120.44720988,34.866260019999999
6999633,2015,2017-01-06,4204,2015-06-15,1703,90338,034,1,5,5,4204,0,0,0,,0,002,MAIN,"TOWN CENTER DR",0.00,,Y,A,-,Y,SB,5,166,-,-,8.010,I,5,W,Y,4,0,1,2,A,-,03,22350,,N,C,C,A,A,H,-,A,A,0,,,,,Y,,A,01,0,0,1,0,0,0,0,0,0,"- ","- ",,,"SANTA BARBARA","SANTA MARIA",-120.43344489,34.953207669999998
6999640,2015,2015-07-31,4204,2015-05-30,0625,90273,81,6,5,5,4204,0,0,0,,0,003,"BETTERAVIA RD",THORNBURG,197.00,E,N,A,-,N,,,,,,,,,,Y,4,0,1,2,A,-,05,21650,,N,B,C,A,A,H,-,B,A,0,,,,Y,Y,,A,07,0,0,1,0,0,0,0,0,0,"- ","- ",,,"SANTA BARBARA","SANTA MARIA",-120.43991370000001,34.920505480000003
6999952,2015,2016-10-06,4204,2015-06-27,1443,90341,60,6,5,5,4204,0,0,0,,0,002,STOWELL,BROADWAY,0.00,,Y,A,-,Y,SB,5,135,-,-,14.780,I,6,N,N,4,0,1,2,A,-,01,23152,E,M,C,C,A,A,H,-,A,A,0,,,,,Y,,A,01,0,0,1,0,0,0,0,0,0,"- ","- ",,,"SANTA BARBARA","SANTA MARIA",-120.43594766,34.938498330000002
6999956,2015,2016-10-12,4204,2015-06-23,1614,22113,10,2,5,5,4204,0,0,0,,0,001,BROADWAY,GRANT,0.00,,Y,A,-,Y,SB,5,135,-,-,17.130,I,5,N,N,4,0,1,2,A,-,12,21453,A,N,D,C,A,A,H,-,A,A,0,,,,,Y,,-,"- ",0,0,1,0,0,0,0,0,0,"- ","- ",,,"SANTA BARBARA","SANTA MARIA",-120.43554462,34.972774819999998
6999957,2015,2017-01-05,9750,2015-06-25,1630,013766,,4,2,9,4200,0,1,2,,2,002,"RT 101","CLARK AV",4752.00,S,N,A,-,Y,SB,5,101,-,-,81.280,H,-,N,Y,4,0,2,2,A,-,08,22107,,N,D,C,A,A,H,-,A,D,1,,,,,Y,,A,07,0,0,2,0,0,0,0,0,0,"- ","- ",34.855319999999999,-120.38715999999999,"SANTA BARBARA",UNINCORPORATED,-120.38677111,34.85474636