CASE_ID,ACCIDENT_YEAR,PROC_DATE,JURIS,COLLISION_DATE,COLLISION_TIME,OFFICER_ID,REPORTING_DISTRICT,DAY_OF_WEEK,CHP_SHIFT,POPULATION,CNTY_CITY_LOC,SPECIAL_COND,BEAT_TYPE,CHP_BEAT_TYPE,CITY_DIVISION_LAPD,CHP_BEAT_CLASS,BEAT_NUMBER,PRIMARY_RD,SECONDARY_RD,DISTANCE,DIRECTION,INTERSECTION,WEATHER_1,WEATHER_2,STATE_HWY_IND,CALTRANS_COUNTY,CALTRANS_DISTRICT,STATE_ROUTE,ROUTE_SUFFIX,POSTMILE_PREFIX,POSTMILE,LOCATION_TYPE,RAMP_INTERSECTION,SIDE_OF_HWY,TOW_AWAY,COLLISION_SEVERITY,NUMBER_KILLED,NUMBER_INJURED,PARTY_COUNT,PRIMARY_COLL_FACTOR,PCF_CODE_OF_VIOL,PCF_VIOL_CATEGORY,PCF_VIOLATION,PCF_VIOL_SUBSECTION,HIT_AND_RUN,TYPE_OF_COLLISION,MVIW,PED_ACTION,ROAD_SURFACE,ROAD_COND_1,ROAD_COND_2,LIGHTING,CONTROL_DEVICE,CHP_ROAD_TYPE,PEDESTRIAN_ACCIDENT,BICYCLE_ACCIDENT,MOTORCYCLE_ACCIDENT,TRUCK_ACCIDENT,NOT_PRIVATE_PROPERTY,ALCOHOL_INVOLVED,STWD_VEHTYPE_AT_FAULT,CHP_VEHTYPE_AT_FAULT,COUNT_SEVERE_INJ,COUNT_VISIBLE_INJ,COUNT_COMPLAINT_PAIN,COUNT_PED_KILLED,COUNT_PED_INJURED,COUNT_BICYCLIST_KILLED,COUNT_BICYCLIST_INJURED,COUNT_MC_KILLED,COUNT_MC_INJURED,PRIMARY_RAMP,SECONDARY_RAMP,LATITUDE,LONGITUDE,COUNTY,CITY,POINT_X,POINT_Y
6999960,2015,2015-07-23,4204,2015-06-23,1223,18261,40,2,5,5,4204,0,0,0,,0,002,"OAKLEY AV",CHURCH,0.00,,Y,A,-,N,,,,,,,,,,Y,4,0,2,3,A,-,01,23152,B,M,D,C,A,A,H,-,A,A,0,,,,,Y,Y,A,07,0,0,2,0,0,0,0,0,0,"- ","- ",,,"SANTA BARBARA","SANTA MARIA",-120.44711989,34.952130060000002
7000116,2015,2016-10-06,4204,2015-06-25,1733,90251,74,4,5,5,4204,0,0,0,,0,003,BROADWAY,"INGER DR",519.00,N,N,A,-,Y,SB,5,135,-,-,14.050,H,-,S,N,4,0,1,2,A,-,03,22350,,N,C,C,A,A,H,-,A,D,0,,,,,Y,,A,01,0,0,1,0,0,0,0,0,0,"- ","- ",,,"SANTA BARBARA","SANTA MARIA",-120.43612869,34.92819618
7011410,2015,2015-09-21,4202,2015-08-12,1553,,LOMPO,3,5,4,4202,0,0,0,,0,010,"COLLEGE AV","L ST",29.00,W,N,A,-,N,,,,,,,,,,Y,4,0,1,3,A,-,03,22350,,N,C,B,B,A,H,-,A,D,0,Y,,,,Y,,A,01,0,0,1,0,1,0,0,0,0,"- ","- ",,,"SANTA BARBARA",LOMPOC,-120.46299639,34.647069999999999
7011767,2015,2016-07-26,4203,2015-07-17,1732,6110,,5,5,5,4203,0,0,0,,0,006,"RT 225","MODOC RD",0.00,,Y,A,-,N,,,225,,,,,,,Y,4,0,3,3,A,-,03,22350,,N,C,C,A,A,H,-,A,A,0,,,,,Y,,-,,0,0,3,0,0,0,0,0,0,"- ","- ",34.426000000000002,-119.73506,"SANTA BARBARA","SANTA BARBARA",-119.73507217,34.426075130000001
7011921,2015,2015-08-13,4203,2015-07-20,1838,9480,,1,5,5,4203,0,0,0,,0,005,"DE LA VINA ST","W PUEBLO ST",10.00,S,N,A,-,N,,,,,,,,,,Y,3,0,1,2,A,-,08,22100,B,N,D,C,A,A,-,-,A,A,0,,,,,Y,,-,,0,1,0,0,0,0,0,0,0,"- ","- ",34.255029999999998,-119.43984,"SANTA BARBARA","SANTA BARBARA",-119.72065600000001,34.431631070000002
7011925,2015,2015-08-13,4203,2015-07-20,1538,3626,,1,5,5,4203,0,0,0,,0,004,"W CARRILLO ST","CHAPALA ST",0.00,,Y,B,-,N,,,,,,,,,,N,3,0,1,2,D,-,00,,,F,G,B,B,A,H,-,A,A,0,Y,,,,Y,,-,"- ",0,1,0,0,1,0,0,0,0,"- ","- ",34.420000000000002,-119.702,"SANTA BARBARA","SANTA BARBARA",-119.70296994,34.420450109999997
7011929,2015,2015-08-13,4203,2015-07-26,1838,5086,,7,5,5,4203,0,0,0,,0,002,"CABRILLO BL","CALLE PUERTO VALLARTA",0.00,,Y,A,-,N,,,,,,,,,,Y,3,0,1,1,A,-,01,23152,A,N,E,I,A,A,H,-,A,A,0,,,,,Y,Y,-,,0,1,0,0,0,0,0,0,0,"- ","- ",34.245919999999998,-119.40309000000001,"SANTA BARBARA","SANTA BARBARA",-119.67526991,34.416190059999998
7011933,2015,2015-08-12,4203,2015-07-15,1033,2661,,3,5,5,4203,0,0,0,,0,003,"ANACAPA ST","VICTORIA ST",0.00,,Y,A,-,N,,,,,,,,,,N,4,0,1,2,A,-,10,21950,A,N,G,B,B,A,H,-,A,A,0,Y,,,,Y,,A,01,0,0,1,0,1,0,0,0,0,"- ","- ",34.425400000000003,-119.7045,"SANTA BARBARA","SANTA BARBARA",-119.70453996000001,34.425430089999999
7011937,2015,2015-08-12,4203,2015-07-14,0930,2661,31,2,5,5,4203,0,0,0,,0,004,"CARRILLO ST","SAINT VINCENT AV",0.00,,Y,A,-,N,,,,,,,,,,N,4,0,1,2,A,-,03,22350,,N,C,C,A,A,H,-,A,A,0,,,,,Y,,-,,0,0,1,0,0,0,0,0,0,"- ","- ",34.251199999999997,-119.4218,"SANTA BARBARA","SANTA BARBARA",-119.70464994,34.41887011
7011950,2015,2015-08-12,4203,2015-07-07,1626,3434,,2,5,5,4203,0,0,0,,0,004,"DE LA VINA ST","W VICTORIA ST",0.00,,Y,A,-,N,,,,,,,,,,N,4,0,1,2,A,-,09,21802,A,N,-,C,A,A,H,-,A,A,0,,,,,Y,,A,01,0,0,1,0,0,0,0,0,0,"- ","- ",34.251899999999999,-119.4229,"SANTA BARBARA","SANTA BARBARA",-119.70800989999999,34.422180099999999
7011979,2015,2015-08-11,4203,2015-07-21,2050,22854,,2,5,5,4203,0,0,0,,0,001,"CACIQUE ST","S VOLUNTARIO ST",102.00,W,N,A,-,N,,,,,,,,,,Y,3,0,1,2,A,-,00,21954,1,N,G,B,D,A,H,-,D,D,0,Y,,,,Y,,N,60,0,1,0,0,1,0,0,0,0,"- ","- ",34.421579999999999,-119.67437,"SANTA BARBARA","SANTA BARBARA",-119.6743115,34.421628480000003
7012127,2015,2015-08-07,4203,2015-07-02,2137,5751,,4,5,5,4203,0,0,0,,0,003,"E COTA ST","STATE ST",110.00,E,N,A,-,N,,,,,,,,,,N,3,0,1,2,A,-,03,22350,,M,C,G,A,A,H,-,C,D,0,,Y,,,Y,Y,L,04,0,1,0,0,0,0,1,0,0,"- ","- ",34.2547,-119.41477,"SANTA BARBARA","SANTA BARBARA",-119.69655483,34.417960729999997
7012131,2015,2015-08-07,4203,2015-07-13,1455,5206,,1,5,5,4203,0,0,0,,0,004,"W MISSION ST","STATE ST",174.00,W,N,A,-,N,,,,,,,,,,N,3,0,2,3,A,-,01,23153,,F,C,C,A,A,-,-,-,A,0,,,,,Y,,-,,0,1,1,0,0,0,0,0,0,"- ","- ",,,"SANTA BARBARA","SANTA BARBARA",-119.71508806,34.430469289999998
7000120,2015,2015-07-24,4204,2015-06-25,1735,90365,27,4,5,5,4204,0,0,0,,0,001,MILLER,TUNNELL,136.00,S,N,A,-,N,,,,,,,,,,Y,4,0,1,2,A,-,05,21650,1,N,D,G,A,A,H,-,A,D,0,,Y,,,Y,,L,04,0,0,1,0,0,0,1,0,0,"- ","- ",,,"SANTA BARBARA","SANTA MARIA",-120.43140725000001,34.9571465
7000243,2015,2015-07-24,4200,2015-05-15,0749,3683,14,5,5,4,4214,0,0,0,,0,050,"CATHEDRAL OAKS RD","GLENN ANNIE RD",428.00,E,N,A,-,N,,,,,,,,,,N,4,0,3,2,A,-,03,22350,,N,C,C,A,A,H,-,A,B,0,,,,,Y,,D,22,0,0,3,0,0,0,0,0,0,"- ","- ",,,"SANTA BARBARA",GOLETA,-119.87313426999999,34.441048850000001
7000263,2015,2017-01-05,9760,2015-06-30,1648,18754,,2,2,5,4203,0,1,2,,2,011,"RT 101","STATE ST",50.00,N,N,A,-,Y,SB,5,101,-,-,18.120,H,-,S,N,4,0,2,2,A,-,03,22350,,N,C,C,A,A,H,-,A,D,1,,,,,Y,,D,22,0,0,2,0,0,0,0,0,0,"- ","- ",34.414490000000001,-119.69349,"SANTA BARBARA","SANTA BARBARA",-119.75589856000001,34.440285209999999
7000271,2015,2015-11-12,9760,2015-06-28,2015,020528,,7,2,9,4200,0,3,5,,2,001,"GIBRALTAR RD","EAST CAMINO CIELO RD",1320.00,S,N,B,-,N,,,,,,,,,,Y,4,0,1,2,A,-,03,22350,,N,A,C,A,A,H,-,B,D,0,,,,,Y,,D,22,0,0,1,0,0,0,0,0,0,"- ","- ",34.489409999999999,-119.68771,"SANTA BARBARA",UNINCORPORATED,-119.69544156000001,34.494860889999998
7000299,2015,2017-01-10,9760,2015-06-23,1905,017314,,2,2,9,4200,0,1,2,,1,030,"RT 101","GLENN ANNIE RD",100.00,S,N,A,-,Y,SB,5,101,-,-,24.390,H,-,S,N,3,0,1,2,A,-,17,23114,A,N,E,J,A,A,H,-,A,D,1,,,,,Y,,D,22,0,1,0,0,0,0,0,0,0,"- ","- ",34.434669999999997,-119.86918,"SANTA BARBARA",UNINCORPORATED,-119.86443301,34.43542497
7000455,2015,2017-01-05,9760,2015-04-18,0910,017140,,6,1,5,4203,0,1,2,,2,011,"RT 101","CARRILLO ST",600.00,S,N,F,-,Y,SB,5,101,-,R,14.650,H,-,S,N,3,0,1,2,A,-,07,21658,A,F,B,C,A,A,H,-,A,D,1,,,Y,,Y,,D,22,0,1,0,0,0,0,0,0,1,"- ","- ",34.414909999999999,-119.70560999999999,"SANTA BARBARA","SANTA BARBARA",-119.70616278,34.415401170000003
7000475,2015,2017-01-12,9760,2015-07-07,0725,018019,,2,1,3,4205,0,1,2,,2,010,"RT 101","SANTA MONICA RD",1337.00,N,N,B,-,Y,SB,5,101,-,-,4.020,H,-,N,Y,4,0,1,2,A,-,07,21658,A,N,D,C,A,A,H,-,A,D,1,,,Y,,Y,,D,22,0,0,1,0,0,0,0,0,1,"- ","- ",34.405290000000001,-119.53634,"SANTA BARBARA",CARPINTERIA,-119.53279892,34.404562230000003
7000479,2015,2017-01-12,9760,2015-07-06,1602,018754,,1,2,5,4203,0,1,2,,2,011,"RT 101","STATE ST",200.00,S,N,A,-,Y,SB,5,101,-,-,13.750,H,-,S,N,4,0,1,1,A,-,03,22350,,N,E,I,A,A,H,-,A,D,1,,,,,Y,,D,22,0,0,1,0,0,0,0,0,0,"- ","- ",34.415790000000001,-119.69201,"SANTA BARBARA","SANTA BARBARA",-119.69257851,34.415497600000002
7000723,2015,2017-01-05,9760,2015-06-20,0620,19831,,6,1,9,4200,0,1,2,,2,010,"RT 101","SOUTH PADARO LN",410.00,N,N,A,-,Y,SB,5,101,-,R,5.390,H,-,N,Y,4,0,1,1,A,-,08,22107,,N,E,I,A,A,H,-,A,D,1,,,,,Y,,A,01,0,0,1,0,0,0,0,0,0,"- ","- ",34.413910000000001,-119.55683999999999,"SANTA BARBARA",UNINCORPORATED,-119.55426190999999,34.411817929999998
7000727,2015,2017-01-05,9760,2015-06-26,1930,20029,,5,2,9,4200,0,1,2,,1,030,"RT 101","LOS CARNEROS RD",2000.00,S,N,A,-,Y,SB,5,101,-,-,23.330,H,-,N,Y,4,0,1,1,A,-,08,22107,,N,E,I,A,A,H,-,A,D,1,,,,,Y,,A,01,0,0,1,0,0,0,0,0,0,"- ","- ",34.43065,-119.04203,"SANTA BARBARA",UNINCORPORATED,-119.84625754,34.438231899999998
7000728,2015,2015-07-25,9760,2015-06-23,1420,15658,,2,2,9,4200,0,3,5,,2,005,"SEVILLE RD","EMBARCADERO DEL NORTE",400.00,E,N,A,-,N,,,,,,,,,,N,4,0,1,2,D,-,00,,,N,C,C,A,A,H,-,A,D,0,,,,,Y,,-,"- ",0,0,1,0,0,0,0,0,0,"- ","- ",34.411720000000003,-119.85393000000001,"SANTA BARBARA",UNINCORPORATED,-119.8540647,34.411790000000003
6993507,2015,2016-10-12,4204,2015-06-30,0750,90341,75,2,5,5,4204,0,0,0,,0,003,BROADWAY,"INGER DR",0.00,,Y,A,-,Y,SB,5,135,-,-,13.950,I,5,S,N,4,0,1,2,A,-,08,22100,,N,D,C,A,A,H,-,A,A,0,,,,,Y,,A,01,0,0,1,0,0,0,0,0,0,"- ","- ",,,"SANTA BARBARA","SANTA MARIA",-120.43613125,34.92678781
6993509,2015,2015-07-30,4204,2015-06-29,1913,90322,51,1,5,5,4204,0,0,0,,0,002,JONES,LINCOLN,200.00,W,N,A,-,N,,,,,,,,,,N,4,0,1,2,A,-,09,21804,A,N,D,C,A,A,H,-,A,D,0,,,,,Y,,A,01,0,0,1,0,0,0,0,0,0,"- ","- ",,,"SANTA BARBARA","SANTA MARIA",-120.43818713,34.945884509999999
6994020,2015,2015-09-18,4203,2015-07-09,1455,1497,4203,4,5,5,4203,0,0,0,,0,004,"CHAPALA ST","DE LA GUERRA ST",2.00,N,N,A,-,N,,,,,,,,,,N,3,0,2,3,A,-,03,22350,,N,C,C,A,A,H,-,A,A,0,,,,,Y,,-,,0,1,1,0,0,0,0,0,0,"- ","- ",34.250700000000002,-119.42019999999999,"SANTA BARBARA","SANTA BARBARA",-119.70045484000001,34.418553750000001
6994036,2015,2017-01-28,9755,2015-07-22,0310,18264,,3,3,9,4200,0,1,3,,1,042,"RT 154","STAGECOACH RD",33792.00,W,N,A,-,Y,SB,5,154,-,-,23.430,H,-,W,Y,3,0,1,1,A,-,08,22107,,N,F,A,A,A,H,-,D,D,0,,,,,Y,,D,22,0,1,0,0,0,0,0,0,0,"- ","- ",34.849200000000003,-119.90560000000001,"SANTA BARBARA",UNINCORPORATED,-119.83045516,34.522133959999998
6994166,2015,2015-08-07,4203,2015-07-09,2023,5751,,4,5,5,4203,0,0,0,,0,004,"DE LA VINA ST","PEDREGOSA ST",0.00,,Y,A,-,N,,,,,,,,,,N,4,0,1,2,A,-,08,22100,B,N,B,C,A,A,H,-,C,A,0,,,,,Y,,-,,0,0,1,0,0,0,0,0,0,"- ","- ",34.253999999999998,-119.4256,"SANTA BARBARA","SANTA BARBARA",-119.71572997,34.427780050000003
6994170,2015,2015-08-07,4203,2015-07-10,1747,6983,,5,5,5,4203,0,0,0,,0,005,"STATE ST","CALLE LAURELES",0.00,,Y,A,-,N,,,,,,,,,,Y,3,0,3,2,A,-,09,21801,A,N,D,C,A,A,-,-,A,A,0,,,,,Y,,-,,0,1,2,0,0,0,0,0,0,"- ","- ",34.262799999999999,-119.4344,"SANTA BARBARA","SANTA BARBARA",-119.72814989,34.440370020000003
6994174,2015,2015-08-07,4203,2015-07-11,1605,1584,12,6,5,5,4203,0,0,0,,0,002,"CABRILLO BL","ANACAPA ST",0.00,,Y,A,-,N,,,,,,,,,,N,3,0,1,2,A,-,10,21950,A,N,G,B,E,A,H,-,A,A,0,Y,,,,Y,,-,,0,1,0,0,1,0,0,0,0,"- ","- ",34.244770000000003,-119.41164000000001,"SANTA BARBARA","SANTA BARBARA",-119.68800989,34.413260039999997
6994363,2015,2015-07-31,4200,2015-05-27,1004,3683,14,3,5,4,4214,0,0,0,,0,080,"STORKE RD","HOLLISTER AV",3.00,N,N,A,-,N,,,,,,,,,,N,4,0,1,2,A,-,03,22350,,N,C,C,A,A,H,-,A,D,0,,,,,Y,,A,08,0,0,1,0,0,0,0,0,0,"- ","- ",,,"SANTA BARBARA",GOLETA,-119.86974883000001,34.430108179999998
6994415,2015,2015-08-29,4204,2015-07-21,2054,90323,,2,5,5,4204,0,0,0,,0,001,"BLOSSER RD","DONOVAN RD",0.00,,Y,A,-,N,,,,,,,,,,Y,4,0,2,2,A,-,12,21453,A,F,D,C,A,A,H,-,C,A,0,,,,,Y,,D,22,0,0,2,0,0,0,0,0,0,"- ","- ",,,"SANTA BARBARA","SANTA MARIA",-120.45352991,34.967860039999998
6994449,2015,2015-08-05,4204,2015-06-20,1500,90342,67,6,5,5,4204,0,0,0,,0,003,WALLIS,ENOS,0.00,,Y,A,-,N,,,,,,,,,,Y,3,0,1,2,A,-,12,22450,A,N,D,C,A,A,H,-,A,A,0,,,,,Y,,A,01,0,1,0,0,0,0,0,0,0,"- ","- ",,,"SANTA BARBARA","SANTA MARIA",-120.44091997,34.93461009
7018634,2015,2015-12-21,4204,2015-07-31,1035,23509,3,5,5,5,4204,0,0,0,,0,082,"BETTERAVIA RD",MILLER,553.00,W,N,A,-,N,,,,,,,,,,N,4,0,1,2,A,-,05,21650,,N,G,B,B,A,H,-,A,A,0,Y,,,,Y,,-,,0,0,1,0,1,0,0,0,0,"- ","- ",,,"SANTA BARBARA","SANTA MARIA",-120.43286804,34.92181454
7012135,2015,2015-08-07,4203,2015-07-15,1452,2661,40,3,5,5,4203,0,0,0,,0,004,"STATE ST","ORTEGA ST",178.00,S,N,A,-,N,,,,,,,,,,N,4,0,2,2,A,-,03,22350,,N,C,C,A,A,H,-,A,A,0,,,,,Y,,A,01,0,0,2,0,0,0,0,0,0,"- ","- ",34.418100000000003,-119.6968,"SANTA BARBARA","SANTA BARBARA",-119.69762057,34.418334049999999
7012139,2015,2015-08-07,4203,2015-07-15,0358,1436,,3,5,5,4203,0,0,0,,0,003,"STATE ST","PADRE ST",131.00,S,N,A,-,N,,,,,,,,,,Y,3,0,2,2,A,-,01,23153,,N,-,E,A,A,H,-,C,A,0,,,,,Y,,-,,0,1,1,0,0,0,0,0,0,"- ","- ",34.431510000000003,-119.71548,"SANTA BARBARA","SANTA BARBARA",-119.71570375,34.431532730000001
7012143,2015,2015-08-07,4203,2015-07-16,1359,2661,62,4,5,5,4203,0,0,0,,0,001,"MILPAS ST","MONTECITO ST",227.00,N,N,A,-,N,,,,,,,,,,N,2,0,1,2,A,-,00,22517,R,N,B,G,A,A,H,-,A,D,0,,Y,,,Y,,-,,1,0,0,0,0,0,1,0,0,"- ","- ",34.424399999999999,-119.68380000000001,"SANTA BARBARA","SANTA BARBARA",-119.68336554,34.42488007
7014087,2015,2015-08-14,4204,2015-04-11,1625,90081,11,6,5,5,4204,0,0,0,,0,001,"SEAWARD DR","MAGELLAN DR",0.00,,Y,A,-,N,,,,,,,,,,N,3,0,3,2,A,-,03,22350,,N,C,D,A,A,H,-,A,D,0,,,,,Y,,A,42,0,2,1,0,0,0,0,0,0,"- ","- ",,,"SANTA BARBARA","SANTA MARIA",-120.41704992,34.97334
7014121,2015,2015-08-18,4204,2015-07-22,2107,90269,56,3,5,5,4204,0,0,0,,0,002,DEPOT,"PARK AV",100.00,N,N,A,-,N,,,,,,,,,,N,3,0,1,2,A,-,11,21954,A,N,G,B,-,A,H,-,C,D,0,Y,,,,Y,Y,N,60,0,1,0,0,1,0,0,0,0,"- ","- ",,,"SANTA BARBARA","SANTA MARIA",-120.44377856,34.944824509999997
7014125,2015,2015-09-19,4204,2015-07-22,0925,21513,79,3,5,5,4204,0,0,0,,0,003,"BETTERAVIA RD",A,0.00,,Y,B,-,N,,,,,,,,,,Y,4,0,1,2,A,-,03,22350,,N,C,C,A,A,H,-,A,A,0,,,,,Y,,A,01,0,0,1,0,0,0,0,0,0,"- ","- ",,,"SANTA BARBARA","SANTA MARIA",-120.46400991,34.920770040000001
7014150,2015,2017-01-17,4204,2015-07-03,1258,90342,34,5,5,5,4204,0,0,0,,0,002,BROADWAY,MAIN,0.00,,Y,A,-,Y,SB,5,135,-,-,15.772,I,5,S,N,4,0,1,2,D,-,00,,,N,G,B,B,A,H,-,A,A,0,Y,,,,Y,,-,"- ",0,0,1,0,1,0,0,0,0,"- ","- ",,,"SANTA BARBARA","SANTA MARIA",-120.43597162,34.953068819999999
7014191,2015,2015-08-17,4203,2015-07-31,1858,7083,4203,5,5,5,4203,0,0,0,,0,003,"E MISSION ST","SANTA BARBARA ST",0.00,,Y,A,-,N,,,,,,,,,,N,3,0,1,2,D,-,00,,,N,D,G,A,A,H,-,A,D,0,,Y,,,Y,,-,"- ",0,1,0,0,0,0,1,0,0,"- ","- ",34.255899999999997,-119.42440000000001,"SANTA BARBARA","SANTA BARBARA",-119.71243988000001,34.432970009999998
7014203,2015,2015-08-19,4203,2015-07-29,1452,6700,43,3,5,5,4203,0,0,0,,0,003,"HALEY ST","OLIVE ST",0.00,,Y,A,-,N,,,,,,,,,,Y,4,0,1,2,A,-,09,21802,A,N,D,C,A,A,H,-,A,A,0,,,,,Y,,A,01,0,0,1,0,0,0,0,0,0,"- ","- ",34.422110000000004,-119.68992,"SANTA BARBARA","SANTA BARBARA",-119.68982995,34.422140030000001
7014406,2015,2016-12-22,9750,2015-07-21,1240,016170,,2,1,9,4200,0,1,3,,1,064,"RT 166","WYLIE ST",200.00,E,N,A,-,Y,SB,5,166,-,-,69.020,H,-,W,Y,3,0,3,1,A,-,08,22107,,N,E,I,A,A,H,-,A,D,0,,,,,Y,,A,01,0,3,0,0,0,0,0,0,0,"- ","- ",,,"SANTA BARBARA",UNINCORPORATED,-119.61084923,34.93470061
7014407,2015,2015-08-21,4203,2015-07-30,1117,7568,,4,5,5,4203,0,0,0,,0,006,"CARRILLO ST","SAN ANDRES ST",0.00,,Y,A,-,N,,,,,,,,,,Y,3,0,1,2,A,-,09,21801,A,N,A,C,A,A,H,-,A,A,0,,,,,Y,,-,,0,1,0,0,0,0,0,0,0,"- ","- ",,,"SANTA BARBARA","SANTA BARBARA",-119.71062990999999,34.414710059999997
7000731,2015,2017-01-05,9760,2015-06-26,1600,20226,,5,2,5,4203,0,1,2,,2,011,"RT 101","MISSION ST",1200.00,S,N,A,-,Y,SB,5,101,-,R,15.500,H,-,N,N,4,0,1,2,A,-,03,22350,,N,C,C,A,A,H,-,A,D,1,,,,,Y,,A,07,0,0,1,0,0,0,0,0,0,"- ","- ",34.421959999999999,-119.71518,"SANTA BARBARA","SANTA BARBARA",-119.71703021,34.42321158
7000732,2015,2015-07-25,9760,2015-06-22,0625,15658,,1,1,9,4200,0,3,5,,2,003,"GLENN ANNIE RD","CATHEDRAL OAKS RD",3960.00,N,N,A,-,N,,,,,,,,,,Y,3,0,2,1,A,-,08,22107,,N,E,I,A,A,H,-,A,D,0,,,,,Y,,A,01,0,1,1,0,0,0,0,0,0,"- ","- ",34.453850000000003,-119.87745,"SANTA BARBARA",UNINCORPORATED,-119.87711277,34.451443779999998
7000736,2015,2015-07-25,9760,2015-06-29,1020,16739,,1,1,9,4200,0,3,5,,2,005,"PARDALL RD","CAMINO PESCADERO",220.00,E,N,A,-,N,,,,,,,,,,N,4,0,1,2,A,-,09,21801,A,N,H,G,A,A,H,-,-,A,0,,Y,,,Y,,A,01,0,0,1,0,0,0,1,0,0,"- ","- ",34.413170000000001,-119.85791,"SANTA BARBARA",UNINCORPORATED,-119.85796107,34.413119999999999
7000740,2015,2016-05-23,4200,2015-06-09,1944,4057,14,2,5,4,4214,0,0,0,,0,060,"ALONDRA DR",NECTARINE,391.00,E,N,A,-,N,,,,,,,,,,N,3,0,2,2,A,-,21,22106,,N,D,C,A,A,H,-,B,D,0,,,,,Y,,A,01,0,1,1,0,0,0,0,0,0,"- ","- ",,,"SANTA BARBARA",GOLETA,-119.82547389,34.439019049999999
7000743,2015,2017-01-05,9760,2015-06-30,1720,20323,,2,2,4,4214,0,1,2,,2,020,"RT 101","FAIRVIEW AV",626.00,S,N,A,-,Y,SB,5,101,-,-,22.410,H,-,S,N,4,0,1,2,A,-,03,22350,,N,C,C,A,A,H,-,A,D,1,,,,,Y,,A,01,0,0,1,0,0,0,0,0,0,"- ","- ",34.439219999999999,-119.83016000000001,"SANTA BARBARA",GOLETA,-119.83026384,34.439657689999997
7000744,2015,2015-08-03,4200,2015-06-24,1202,3683,14,3,5,4,4214,0,0,0,,0,080,"HOLLISTER AV","PACIFIC OAKS RD",9.00,W,N,A,-,N,,,,,,,,,,Y,4,0,1,2,A,-,03,22350,,N,C,C,A,A,H,-,A,A,0,,,,,Y,,A,07,0,0,1,0,0,0,0,0,0,"- ","- ",,,"SANTA BARBARA",GOLETA,-119.8776998,34.43009902
7000747,2015,2017-01-05,4200,2015-06-28,2020,4097,14,7,5,4,4214,0,0,0,,0,080,"STORKE RD","RT 101",0.00,,Y,A,-,Y,SB,5,101,-,-,24.590,R,4,N,Y,4,0,1,2,A,-,12,21453,A,N,D,C,A,A,H,-,B,A,0,,,,,Y,,A,01,0,0,1,0,0,0,0,0,0,"- ",SO,,,"SANTA BARBARA",GOLETA,-119.86788755000001,34.434971429999997
7001164,2015,2015-07-27,4204,2015-07-14,0519,90274,39,2,5,5,4204,0,0,0,,0,001,"COLLEGE DR",FESLER,0.00,,Y,A,-,N,,,,,,,,,,N,3,0,1,2,A,-,09,21802,A,F,H,G,A,A,H,-,B,A,0,,Y,,,Y,,L,04,0,1,0,0,0,0,1,0,0,"- ","- ",,,"SANTA BARBARA","SANTA MARIA",-120.42495992000001,34.956680009999999
7001168,2015,2015-07-28,4204,2015-07-15,1009,23332,87,3,5,5,4204,0,0,0,,0,003,"FAIRWAY DR","SKYWAY DR",0.00,,Y,A,-,N,,,,,,,,,,Y,4,0,2,2,A,-,12,21453,A,N,B,C,A,A,H,-,A,A,0,,,,,Y,,A,01,0,0,2,0,0,0,0,0,0,"- ","- ",,,"SANTA BARBARA","SANTA MARIA",-120.45416985999999,34.913430040000001
7001169,2015,2017-01-28,9760,2015-07-03,1145,019464,,5,1,9,4200,0,1,3,,1,015,"RT 150","RINCON HILL RD",1584.00,E,N,A,-,Y,SB,5,150,-,-,0.860,H,-,W,Y,3,0,1,2,A,-,03,22350,,N,B,C,A,A,H,-,A,D,0,,,Y,,Y,,C,02,0,1,0,0,0,0,0,0,1,"- ","- ",34.385739999999998,-119.47110000000001,"SANTA BARBARA",UNINCORPORATED,-119.47086155,34.38583088
7001172,2015,2015-07-28,4204,2015-07-17,1356,90242,26,5,5,5,4204,0,0,0,,0,001,FESLER,LINCOLN,0.00,,Y,A,-,N,,,,,,,,,,Y,4,0,1,2,A,-,09,21802,A,N,D,C,A,A,H,-,A,D,0,,,,,Y,,A,01,0,0,1,0,0,0,0,0,0,"- ","- ",,,"SANTA BARBARA","SANTA MARIA",-120.43730987000001,34.9564801
7020605,2015,2016-05-31,9760,2015-07-22,0750,21061,,3,1,9,4200,0,3,5,,2,005,"EL COLEGIO RD","EMBARCADERO DEL MAR",0.00,,Y,B,-,N,,,,,,,,,,N,3,0,1,2,A,-,12,21453,A,N,D,G,A,A,H,-,A,A,0,,Y,,,Y,,L,04,0,1,0,0,0,0,1,0,0,"- ","- ",34.417470000000002,-119.85684000000001,"SANTA BARBARA",UNINCORPORATED,-119.85704991999999,34.417410050000001