CASE_ID,ACCIDENT_YEAR,PROC_DATE,JURIS,COLLISION_DATE,COLLISION_TIME,OFFICER_ID,REPORTING_DISTRICT,DAY_OF_WEEK,CHP_SHIFT,POPULATION,CNTY_CITY_LOC,SPECIAL_COND,BEAT_TYPE,CHP_BEAT_TYPE,CITY_DIVISION_LAPD,CHP_BEAT_CLASS,BEAT_NUMBER,PRIMARY_RD,SECONDARY_RD,DISTANCE,DIRECTION,INTERSECTION,WEATHER_1,WEATHER_2,STATE_HWY_IND,CALTRANS_COUNTY,CALTRANS_DISTRICT,STATE_ROUTE,ROUTE_SUFFIX,POSTMILE_PREFIX,POSTMILE,LOCATION_TYPE,RAMP_INTERSECTION,SIDE_OF_HWY,TOW_AWAY,COLLISION_SEVERITY,NUMBER_KILLED,NUMBER_INJURED,PARTY_COUNT,PRIMARY_COLL_FACTOR,PCF_CODE_OF_VIOL,PCF_VIOL_CATEGORY,PCF_VIOLATION,PCF_VIOL_SUBSECTION,HIT_AND_RUN,TYPE_OF_COLLISION,MVIW,PED_ACTION,ROAD_SURFACE,ROAD_COND_1,ROAD_COND_2,LIGHTING,CONTROL_DEVICE,CHP_ROAD_TYPE,PEDESTRIAN_ACCIDENT,BICYCLE_ACCIDENT,MOTORCYCLE_ACCIDENT,TRUCK_ACCIDENT,NOT_PRIVATE_PROPERTY,ALCOHOL_INVOLVED,STWD_VEHTYPE_AT_FAULT,CHP_VEHTYPE_AT_FAULT,COUNT_SEVERE_INJ,COUNT_VISIBLE_INJ,COUNT_COMPLAINT_PAIN,COUNT_PED_KILLED,COUNT_PED_INJURED,COUNT_BICYCLIST_KILLED,COUNT_BICYCLIST_INJURED,COUNT_MC_KILLED,COUNT_MC_INJURED,PRIMARY_RAMP,SECONDARY_RAMP,LATITUDE,LONGITUDE,COUNTY,CITY,POINT_X,POINT_Y
7021228,2015,2015-11-30,4203,2015-07-29,1400,1497,4203,3,5,5,4203,0,0,0,,0,006,"CLIFF DR","FLORA VISTA DR",0.00,,Y,A,-,N,,,,,,,,,,Y,4,0,1,2,C,-,18,,,N,D,C,A,A,H,-,A,A,0,,,,,Y,,-,"- ",0,0,1,0,0,0,0,0,0,"- ","- ",34.241199999999999,-119.4348,"SANTA BARBARA","SANTA BARBARA",-119.72985988000001,34.403520069999999
7021459,2015,2015-08-25,4200,2015-07-19,1402,4872,14,7,5,4,4214,0,0,0,,0,080,"STORKE RD","HOLLISTER AV",0.00,,Y,B,-,N,,,,,,,,,,N,4,0,1,2,A,-,12,21453,A,N,D,C,A,A,H,-,A,A,0,,,,,Y,,A,01,0,0,1,0,0,0,0,0,0,"- ","- ",,,"SANTA BARBARA",GOLETA,-119.86974995,34.430100090000003
7021656,2015,2017-01-14,9755,2015-07-29,1615,13618,,3,2,9,4200,0,1,3,,1,055,"RT 1","LOMPOC CASMALIA RD",640.00,S,N,A,-,Y,SB,5,1,-,-,29.770,H,-,N,N,4,0,1,2,A,-,03,22350,,N,C,C,A,A,H,-,A,A,0,,,,Y,Y,,D,22,0,0,1,0,0,0,0,0,0,"- ","- ",34.749079999999999,-120.51864,"SANTA BARBARA",UNINCORPORATED,-120.5143265,34.756142840000003
7021657,2015,2017-01-14,9760,2015-07-11,1620,019831,,6,2,5,4203,0,1,2,,2,011,"RT 101","CARRILLO ST",214.00,S,N,A,-,Y,SB,5,101,-,R,14.630,R,1,N,Y,4,0,1,2,A,-,03,22350,,N,C,C,A,A,H,-,A,D,1,,,,,Y,,A,01,0,0,1,0,0,0,0,0,0,TO,"- ",34.416269999999997,-119.70649,"SANTA BARBARA","SANTA BARBARA",-119.70585512,34.415368600000001
7021665,2015,2015-08-17,9760,2015-07-11,1850,019397,,6,2,9,4200,0,2,4,,1,021,"HOLLISTER AV","MAGNOLIA CENTER",0.00,,Y,A,-,N,,,,,,,,,,Y,3,0,2,2,D,-,00,,,N,D,C,A,A,H,-,A,A,0,,,,,Y,,-,"- ",0,1,1,0,0,0,0,0,0,"- ","- ",34.43488,-119.80377,"SANTA BARBARA",UNINCORPORATED,-119.8035799,34.434960060000002
7021666,2015,2017-01-12,9760,2015-07-18,1030,018019,,6,1,9,4200,0,1,2,,1,040,"RT 101","REFUGIO RD",2640.00,S,N,A,-,Y,SB,5,101,-,R,36.110,H,-,S,N,3,0,1,1,A,-,03,22350,,N,E,I,A,A,H,-,A,D,1,,Y,,,Y,,L,04,0,1,0,0,0,0,1,0,0,"- ","- ",34.462060000000001,-120.05607999999999,"SANTA BARBARA",UNINCORPORATED,-120.06046671999999,34.462714599999998
7021669,2015,2017-01-12,9760,2015-07-17,0255,020528,,5,3,9,4200,0,1,2,,2,020,"RT 101","EL SUENO RD",1056.00,N,N,B,-,Y,SB,5,101,-,-,19.240,H,-,N,Y,3,0,1,1,A,-,08,22107,,N,E,I,A,A,H,-,C,D,1,,,,,Y,,A,01,0,1,0,0,0,0,0,0,0,"- ","- ",34.44173,-119.77330000000001,"SANTA BARBARA",UNINCORPORATED,-119.77509747000001,34.441982809999999
7021670,2015,2017-01-12,9760,2015-07-21,1410,021061,,2,2,9,4200,0,1,2,,2,020,"RT 101","EL SUENO RD",200.00,S,N,A,-,Y,SB,5,101,-,-,18.770,H,-,N,Y,3,0,1,2,A,-,03,22350,,N,C,C,A,A,H,-,A,D,1,,,,,Y,,A,01,0,1,0,0,0,0,0,0,0,"- ","- ",34.441110000000002,-119.76698,"SANTA BARBARA",UNINCORPORATED,-119.76703902,34.441038399999996
7021673,2015,2015-08-25,9760,2015-07-17,1505,019397,,5,2,9,4200,0,3,5,,2,001,"VIA REAL","SOUTH PADARO LN",528.00,S,N,A,-,N,,,,,,,,,,Y,3,0,3,3,A,-,09,21804,A,N,D,C,A,A,H,-,A,D,0,,,,,Y,,A,01,0,1,2,0,0,0,0,0,0,"- ","- ",34.409399999999998,-119.5501,"SANTA BARBARA",UNINCORPORATED,-119.58126828,34.417032560000003
7021674,2015,2017-01-12,9760,2015-07-23,1950,017662,,4,2,3,4205,0,1,2,,2,010,"RT 101","SANTA YNEZ",1175.00,S,N,A,-,Y,SB,5,101,-,-,3.430,H,-,N,Y,3,0,1,1,A,-,01,23152,A,N,E,I,A,A,H,-,B,D,1,,,,,Y,Y,A,01,0,1,0,0,0,0,0,0,0,"- ","- ",34.402799999999999,-119.52309,"SANTA BARBARA",CARPINTERIA,-119.52276691,34.402660869999998
7001173,2015,2017-01-12,9760,2015-07-05,0150,020226,,7,3,9,4200,0,1,2,,1,030,"RT 101","GATO CANYON ROAD",880.00,S,N,A,-,Y,SB,5,101,-,-,31.680,H,-,N,Y,4,0,2,1,A,-,08,22107,,N,F,A,A,A,H,-,C,D,5,,,,,Y,Y,A,01,0,0,2,0,0,0,0,0,0,"- ","- ",34.457120000000003,-119.97994,"SANTA BARBARA",UNINCORPORATED,-119.98415076000001,34.457978220000001
7001177,2015,2017-01-12,9760,2015-07-07,1255,16739,,2,1,5,4203,0,1,2,,2,011,"RT 101","LAS POSITAS RD",1584.00,S,N,A,-,Y,SB,5,101,-,-,16.300,H,-,N,Y,4,0,1,1,A,-,08,22107,,N,E,I,A,A,H,-,A,D,1,,,,,Y,,A,01,0,0,1,0,0,0,0,0,0,"- ","- ",34.427320000000002,-119.72889000000001,"SANTA BARBARA","SANTA BARBARA",-119.72935987,34.42723513
7001181,2015,2017-01-12,9760,2015-07-09,0755,018019,,4,1,9,4200,0,1,2,,2,010,"RT 101","PADARO RD",2640.00,S,N,B,-,Y,SB,5,101,-,R,6.640,H,-,N,Y,4,0,1,2,A,-,03,22350,,N,C,C,A,A,H,-,A,D,1,,,,,Y,,A,01,0,0,1,0,0,0,0,0,0,"- ","- ",34.415889999999997,-119.57414,"SANTA BARBARA",UNINCORPORATED,-119.57415623999999,34.415786709999999
7001185,2015,2017-01-12,9760,2015-07-10,0730,018019,,5,1,3,4205,0,1,2,,2,010,"RT 101","SANTA MONICA RD",1500.00,N,N,A,-,Y,SB,5,101,-,-,4.170,H,-,N,Y,3,0,1,2,A,-,03,22350,,N,C,C,A,A,H,-,A,D,1,,,,,Y,,A,01,0,1,0,0,0,0,0,0,0,"- ","- ",34.404629999999997,-119.53234,"SANTA BARBARA",CARPINTERIA,-119.53530216999999,34.405034630000003
7002189,2015,2017-01-28,9755,2015-07-09,1853,17910,,4,2,9,4200,0,1,3,,1,042,"RT 154","FOXEN CANYON RD",0.00,,Y,A,-,Y,SB,5,154,-,R,2.386,I,5,W,Y,3,0,3,2,A,-,01,23152,A,F,D,C,A,A,H,-,A,A,0,,,,,Y,Y,D,22,0,2,1,0,0,0,0,0,0,"- ","- ",34.668039999999998,-120.12278999999999,"SANTA BARBARA",UNINCORPORATED,-120.12295334,34.668048519999999
7002296,2015,2017-01-14,9755,2015-07-05,1447,016999,,7,2,9,4200,0,1,3,,1,055,"RT 1","SANTA LUCIA CANYON RD",0.00,,Y,A,-,Y,SB,5,1,-,R,26.690,I,5,S,Y,4,0,5,2,A,-,09,21802,A,N,D,C,A,A,H,-,A,D,0,,,,,Y,,A,01,0,0,5,0,0,0,0,0,0,"- ","- ",34.71311,-120.48945999999999,"SANTA BARBARA",UNINCORPORATED,-120.48917367,34.71314589
7002349,2015,2015-07-27,4204,2015-05-30,1111,23471,74,6,5,5,4204,0,0,0,,0,003,"BATTLES RD",LINCOLN,50.00,E,N,A,-,N,,,,,,,,,,N,4,0,2,2,A,-,09,21804,A,N,-,C,A,A,H,-,A,D,0,,,,,Y,,A,01,0,0,2,0,0,0,0,0,0,"- ","- ",,,"SANTA BARBARA","SANTA MARIA",-120.43750325000001,34.931491080000001
7002643,2015,2017-01-12,9750,2015-07-12,2220,016874,,7,3,5,4204,0,1,2,,2,001,"RT 101","JONES ST",100.00,N,N,A,-,Y,SB,5,101,-,-,88.160,H,-,N,N,4,0,2,2,A,-,03,22350,,N,C,C,A,A,D,-,D,D,0,,,,,Y,,D,22,0,0,2,0,0,0,0,0,0,"- ","- ",34.94661,-120.41745,"SANTA BARBARA","SANTA MARIA",-120.41756271,34.946417680000003
7002675,2015,2015-07-31,9750,2015-07-13,1355,015915,,1,1,9,4200,0,3,5,,2,030,"FOXEN CANYON RD","SANTA MARIA MESA RD",5280.00,W,N,A,-,N,,,,,,,,,,Y,3,0,1,1,A,-,08,22107,,N,F,A,A,A,H,-,A,D,0,,,,,Y,,D,22,0,1,0,0,0,0,0,0,0,"- ","- ",34.906320000000001,-120.32017999999999,"SANTA BARBARA",UNINCORPORATED,-120.32332576,34.906905000000002
7003088,2015,2017-01-05,9750,2015-06-25,1604,016354,,4,2,9,4200,0,1,2,,2,002,"RT 101","CLARK AV",3696.00,S,N,A,-,Y,SB,5,101,-,-,81.040,H,-,N,Y,3,0,1,1,A,-,08,22107,,N,F,A,A,A,H,-,A,D,1,,,,,Y,,A,07,0,1,0,0,0,0,0,0,0,"- ","- ",34.857210000000002,-120.38882,"SANTA BARBARA",UNINCORPORATED,-120.38432057,34.85190678
7003250,2015,2015-07-31,9755,2015-07-16,1725,016058,,4,2,9,4200,0,3,5,,2,040,"BALLARD CANYON RD","CHALK HILL RD",85.00,W,N,A,-,N,,,,,,,,,,Y,4,0,1,2,A,-,05,21650,,N,B,C,A,A,H,-,A,D,0,,,,,Y,,A,07,0,0,1,0,0,0,0,0,0,"- ","- ",34.612000000000002,-120.15304999999999,"SANTA BARBARA",UNINCORPORATED,-120.15317659999999,34.612156599999999
7014411,2015,2015-08-18,4203,2015-07-28,1257,2661,62,2,5,5,4203,0,0,0,,0,001,"MILPAS ST","COTA ST",0.00,,Y,A,-,N,,,,,,,,,,N,4,0,1,3,A,-,10,21950,A,N,G,B,B,A,H,-,A,A,0,Y,,,,Y,,A,07,0,0,1,0,1,0,0,0,0,"- ","- ",,,"SANTA BARBARA","SANTA BARBARA",-119.68660989,34.427250069999999
7014414,2015,2017-01-12,9750,2015-07-25,1320,013766,,6,1,9,4200,0,1,2,,2,002,"RT 101","CLARK AV",2112.00,S,N,A,-,Y,SB,5,101,-,-,81.780,H,-,N,Y,4,0,1,1,A,-,08,22107,,N,E,I,A,A,H,-,A,D,1,,,,,Y,,A,07,0,0,1,0,0,0,0,0,0,"- ","- ",,,"SANTA BARBARA",UNINCORPORATED,-120.39187368,34.860664249999999
7014521,2015,2015-08-14,9750,2015-07-23,2123,017616,,4,2,9,4200,0,2,4,,1,024,"LAKEVIEW RD","BRADLEY RD",22.00,W,N,A,-,N,,,,,,,,,,Y,4,0,3,2,A,-,01,23152,A,N,C,C,A,A,H,-,C,A,0,,,,,Y,Y,A,01,0,0,3,0,0,0,0,0,0,"- ","- ",,,"SANTA BARBARA",UNINCORPORATED,-120.42319334,34.894509999999997
7014601,2015,2015-09-01,4200,2015-04-06,1804,4836,14,1,5,4,4214,0,0,0,,0,050,"CATHEDRAL OAKS RD","CAMINO LAGUNA VISTA",0.00,,Y,A,-,N,,,,,,,,,,Y,4,0,1,3,A,-,01,23152,A,N,C,C,A,A,H,-,A,D,0,,,,,Y,Y,D,22,0,0,1,0,0,0,0,0,0,"- ","- ",,,"SANTA BARBARA",GOLETA,-119.85014,34.44841005
7014880,2015,2015-08-19,9750,2015-07-24,0630,016469,,5,1,9,4200,0,3,5,,2,010,"MAHONEY RD","BETTERAVIA RD",0.00,,Y,A,-,N,,,,,,,,,,Y,3,0,1,3,A,-,09,21801,A,N,D,C,A,A,H,-,A,A,0,,,,,Y,,A,01,0,1,0,0,0,0,0,0,0,"- ","- ",34.920780000000001,-120.47493,"SANTA BARBARA",UNINCORPORATED,-120.47485998000001,34.920660060000003
7015630,2015,2015-08-12,4204,2015-06-18,2037,18261,32,4,5,5,4204,0,0,0,,0,002,COOK,THORNBURG,0.00,,Y,A,-,N,,,,,,,,,,Y,2,0,2,3,A,-,11,21950,B,N,G,B,B,A,H,-,C,A,0,Y,,,,Y,Y,N,60,1,0,1,0,2,0,0,0,0,"- ","- ",,,"SANTA BARBARA","SANTA MARIA",-120.44039991,34.949870079999997
7015652,2015,2016-10-12,4204,2015-05-30,0046,90200,44,6,5,5,4204,0,0,0,,0,002,BROADWAY,COOK,150.00,N,N,B,-,Y,SB,5,135,-,-,15.580,H,-,N,Y,4,0,1,1,A,-,08,22107,,N,E,I,A,A,H,-,C,D,0,,,,,Y,,A,01,0,0,1,0,0,0,0,0,0,"- ","- ",,,"SANTA BARBARA","SANTA MARIA",-120.43583621000001,34.950281940000004
7015869,2015,2017-01-14,9760,2015-07-11,0030,020908,,6,3,5,4203,0,1,2,,2,020,"RT 101","CALLE REAL",75.00,S,N,A,-,Y,SB,5,101,-,-,17.410,R,2,N,Y,3,0,1,1,A,-,03,22350,,N,E,I,A,A,H,-,C,D,1,,,,,Y,Y,A,07,0,1,0,0,0,0,0,0,0,TO,"- ",34.433929999999997,-119.74778000000001,"SANTA BARBARA","SANTA BARBARA",-119.74689647,34.432875019999997
7015873,2015,2017-01-14,9760,2015-07-05,0247,020628,,7,3,9,4200,0,1,2,,2,020,"RT 101","TURNPIKE RD",50.00,S,N,A,-,Y,SB,5,101,-,-,19.900,R,1,N,Y,4,0,1,1,A,-,01,23152,A,N,F,A,A,A,H,-,C,D,1,,,,,Y,Y,A,01,0,0,1,0,0,0,0,0,0,"- ","- ",34.443240000000003,-119.7891,"SANTA BARBARA",UNINCORPORATED,-119.78653881,34.442285550000001
7017553,2015,2015-08-17,4200,2015-05-18,1641,3683,14,1,5,4,4214,0,0,0,,0,050,"LA GOLETA RD","PASEO PALMILLA",69.00,E,N,A,-,N,,,,,,,,,,Y,3,0,1,1,A,-,03,22350,,N,E,I,A,A,H,-,A,D,0,,,,,Y,,A,01,0,1,0,0,0,0,0,0,0,"- ","- ",,,"SANTA BARBARA",GOLETA,-119.83407833,34.453258750000003
7017706,2015,2015-09-04,9755,2015-08-02,1200,017910,,7,1,9,4200,0,3,5,,2,050,"MERCURY AV","VOYAGER RD",45.00,S,N,A,-,N,,,,,,,,,,N,3,0,1,1,A,-,03,22350,,N,F,A,A,A,H,-,A,D,0,,Y,,,Y,,L,04,0,1,0,0,0,0,1,0,0,"- ","- ",34.691450000000003,-120.46762,"SANTA BARBARA",UNINCORPORATED,-120.4677001,34.691426730000003
7021784,2015,2017-01-14,9755,2015-08-04,1630,019464,,2,2,9,4200,0,1,3,,1,051,"RT 1","RT 101",23760.00,N,N,A,-,Y,SB,5,1,-,R,4.500,H,-,N,Y,4,0,1,2,A,-,03,22350,,N,C,C,A,A,H,-,A,D,0,,,,,Y,,A,01,0,0,1,0,0,0,0,0,0,"- ","- ",,,"SANTA BARBARA",UNINCORPORATED,-120.30035531,34.52422249
7021800,2015,2015-08-27,4203,2015-08-01,1154,1584,18,6,5,5,4203,0,0,0,,0,002,"STATE ST","YANONALI ST",181.00,N,N,A,-,N,,,,,,,,,,N,3,0,2,2,D,-,00,,,N,B,C,A,A,H,-,A,A,0,,,,,Y,,-,"- ",0,2,0,0,0,0,0,0,0,"- ","- ",,,"SANTA BARBARA","SANTA BARBARA",-119.69209739999999,34.41432992
7021804,2015,2015-08-27,4203,2015-08-01,2008,6968,35,6,5,5,4203,0,0,0,,0,004,"STATE ST","LOS OLIVOS ST",0.00,,Y,A,-,N,,,,,,,,,,N,4,0,1,2,A,-,01,23152,A,N,D,C,A,A,H,-,C,A,0,,,,,Y,Y,-,,0,0,1,0,0,0,0,0,0,"- ","- ",,,"SANTA BARBARA","SANTA BARBARA",-119.71724987,34.432670100000003
7022068,2015,2017-01-12,9755,2015-07-26,1935,017884,,7,2,9,4200,0,1,2,,2,004,"RT 101","OLD COAST HWY",2112.00,N,N,A,-,Y,SB,5,101,-,-,52.800,H,-,N,Y,4,0,1,1,A,-,08,22107,,N,F,A,A,A,H,-,A,D,1,,,,,Y,,A,07,0,0,1,0,0,0,0,0,0,"- ","- ",34.537840000000003,-120.19699,"SANTA BARBARA",UNINCORPORATED,-120.19130667,34.552334629999997
7022108,2015,2015-08-21,9750,2015-07-29,1350,13766,,3,1,9,4200,0,2,4,,1,024,"CLARK AV","ORCUTT RD",0.00,,Y,A,-,N,,,,,,,,,,Y,4,0,2,2,A,-,12,21453,A,N,A,C,A,A,H,-,A,A,0,,,,,Y,,A,01,0,0,2,0,0,0,0,0,0,"- ","- ",34.864980000000003,-120.43543,"SANTA BARBARA",UNINCORPORATED,-120.4353199,34.865060059999998
7022214,2015,2015-08-25,4203,2015-07-30,1141,6700,33,4,5,5,4203,0,0,0,,0,004,"CHAPALA ST","SOLA ST",168.00,N,N,A,-,N,,,,,,,,,,N,3,0,1,2,A,-,08,22107,,N,B,C,A,A,H,-,A,D,0,,,Y,,Y,,A,01,0,1,0,0,0,0,0,0,1,"- ","- ",34.424550000000004,-119.70869,"SANTA BARBARA","SANTA BARBARA",-119.70854733,34.424515599999999
7023586,2015,2015-09-22,4204,2015-07-30,1844,90242,41,4,5,5,4204,0,0,0,,0,002,COOK,THORNBURG,0.00,,Y,A,-,N,,,,,,,,,,Y,3,0,3,2,A,-,09,21802,A,N,D,C,A,A,H,-,A,D,0,,,,,Y,,A,07,0,1,2,0,0,0,0,0,0,"- ","- ",,,"SANTA BARBARA","SANTA MARIA",-120.44039991,34.949870079999997
7023590,2015,2015-09-03,4204,2015-07-29,1451,22751,82,3,5,5,4204,0,0,0,,0,003,"BETTERAVIA RD",MILLER,15.00,E,N,A,-,N,,,,,,,,,,N,4,0,1,2,A,-,03,22350,,N,C,C,A,A,H,-,A,A,0,,,,,Y,,D,22,0,0,1,0,0,0,0,0,0,"- ","- ",,,"SANTA BARBARA","SANTA MARIA",-120.43124724,34.922621380000002
7025624,2015,2017-01-12,9760,2015-07-19,2115,20628,,7,2,9,4200,0,1,2,,2,011,"RT 101","CABRILLO BL",487.00,S,N,B,-,Y,SB,5,101,-,-,11.300,H,-,N,Y,3,0,1,1,A,-,08,22107,,N,F,A,A,B,H,-,D,D,1,,,,,Y,,A,01,0,1,0,0,0,0,0,0,0,"- ","- ",34.42221,-119.65267,"SANTA BARBARA",UNINCORPORATED,-119.65259379,34.422142770000001
7025625,2015,2017-01-12,9760,2015-07-18,1745,19831,,6,2,5,4203,0,1,2,,2,011,"RT 101","CABRILLO BL",684.00,S,N,B,-,Y,SB,5,101,-,-,11.300,H,-,S,Y,4,0,2,2,A,-,03,22350,,N,C,C,A,B,H,-,A,D,1,,,,,Y,,A,01,0,0,2,0,0,0,0,0,0,"- ","- ",34.421230000000001,-119.65049999999999,"SANTA BARBARA","SANTA BARBARA",-119.65267824999999,34.421794079999998
7025626,2015,2017-01-12,9760,2015-07-19,0745,19464,,7,1,4,4214,0,1,2,,1,030,"RT 101","STORKE RD",360.00,S,N,B,-,Y,SB,5,101,-,-,24.690,H,-,S,Y,3,0,1,1,A,-,08,22107,,N,F,A,A,A,H,-,A,D,1,,,,,Y,,A,01,0,1,0,0,0,0,0,0,0,"- ","- ",34.434519999999999,-119.86881,"SANTA BARBARA",GOLETA,-119.86956134,34.43462641
7003262,2015,2015-07-31,9755,2015-07-18,1155,016058,,6,1,9,4200,0,3,5,,2,040,"ALAMO PINTADO RD","BASELINE AV",4224.00,S,N,B,-,N,,,,,,,,,,Y,3,0,2,2,A,-,09,21801,A,N,D,C,A,A,H,-,A,D,0,,,,,Y,,A,01,0,2,0,0,0,0,0,0,0,"- ","- ",34.622630000000001,-120.11838,"SANTA BARBARA",UNINCORPORATED,-120.12351,34.630679999999998
7003266,2015,2017-01-12,9755,2015-07-12,0246,018514,,7,3,9,4200,0,1,2,,2,004,"RT 101","OLD COAST HWY",5808.00,S,N,A,-,Y,SB,5,101,-,R,51.170,H,-,N,Y,2,0,1,1,A,-,07,21658,A,N,E,I,A,A,H,-,D,D,1,,,,,Y,,A,01,1,0,0,0,0,0,0,0,0,"- ","- ",34.529319999999998,-120.19643000000001,"SANTA BARBARA",UNINCORPORATED,-120.19649535000001,34.52939662
7003278,2015,2017-01-14,9755,2015-07-10,1515,015973,,5,2,9,4200,0,1,3,,1,055,"RT 1","CONSTELLATION RD",1584.00,S,N,A,-,Y,SB,5,1,-,R,24.770,H,-,S,Y,4,0,1,1,A,-,08,22107,,N,E,I,A,A,H,-,A,D,0,,,,,Y,,A,01,0,0,1,0,0,0,0,0,0,"- ","- ",34.69632,-120.46408,"SANTA BARBARA",UNINCORPORATED,-120.46446207,34.696521580000002
7003318,2015,2015-07-30,4204,2015-07-05,2110,90365,6,7,5,5,4204,0,0,0,,0,001,CRESTON,"WESTERN AV",218.00,W,N,A,-,N,,,,,,,,,,Y,3,0,2,4,A,-,01,23153,A,M,G,E,A,A,H,-,C,D,0,,,,,Y,Y,A,07,0,1,1,0,0,0,0,0,0,"- ","- ",,,"SANTA BARBARA","SANTA MARIA",-120.44921112999999,34.971756790000001
7004874,2015,2017-01-09,4204,2015-06-11,1804,90365,33,4,5,5,4204,0,0,0,,0,002,MAIN,LINCOLN,252.00,W,N,A,-,Y,SB,5,166,-,-,7.750,H,-,E,Y,4,0,1,2,A,-,03,22350,,N,C,C,A,A,H,-,A,A,0,,,,,Y,,A,01,0,0,1,0,0,0,0,0,0,"- ","- ",,,"SANTA BARBARA","SANTA MARIA",-120.43804459,34.953093959999997
7004875,2015,2015-07-25,4204,2015-06-13,0247,20894,35,6,5,5,4204,0,0,0,,0,002,CHAPEL,MILLER,5.00,W,N,A,-,N,,,,,,,,,,Y,3,0,1,1,A,-,01,23152,,N,A,I,A,A,H,-,C,D,0,,,,,Y,Y,-,"- ",0,1,0,0,0,0,0,0,0,"- ","- ",,,"SANTA BARBARA","SANTA MARIA",-120.43148668000001,34.95426973
7004876,2015,2016-06-18,4204,2015-06-13,0900,90139,49,6,5,5,4204,0,0,0,,0,002,MAIN,"NICHOLSON AV",200.00,E,N,A,-,N,,,,,,,,,,N,4,0,1,2,A,-,17,21208,A,N,H,G,A,A,H,-,A,D,0,,Y,,,Y,,L,04,0,0,1,0,0,0,1,0,0,"- ","- ",,,"SANTA BARBARA","SANTA MARIA",-120.41573434999999,34.95294269
7004878,2015,2015-07-25,4204,2015-06-15,0611,21338,033,1,5,5,4204,0,0,0,,0,002,FESLER,CURRYER,0.00,,Y,A,-,N,,,,,,,,,,N,3,0,1,2,A,-,17,24250,,M,G,B,B,A,H,-,C,A,0,Y,,,,Y,,A,01,0,1,0,0,1,0,0,0,0,"- ","- ",,,"SANTA BARBARA","SANTA MARIA",-120.44139991,34.956510100000003
7004879,2015,2015-07-25,4204,2015-06-15,1552,90363,87,1,5,5,4204,0,0,0,,0,003,"FAIRWAY DR","SKYWAY DR",320.00,W,N,A,-,N,,,,,,,,,,N,4,0,1,3,A,-,03,22350,,N,C,C,A,A,H,-,A,D,0,,,,,Y,,A,07,0,0,1,0,0,0,0,0,0,"- ","- ",,,"SANTA BARBARA","SANTA MARIA",-120.45523566999999,34.913474399999998
7005178,2015,2017-01-12,9760,2015-07-03,1758,019397,,5,2,9,4200,0,1,2,,2,010,"RT 101","CASITAS PASS RD",1056.00,S,N,A,-,Y,SB,5,101,-,-,2.440,H,-,N,N,4,0,1,3,A,-,01,23152,A,N,C,C,A,A,H,-,A,D,1,,,,,Y,Y,D,22,0,0,1,0,0,0,0,0,0,"- ","- ",34.38062,-119.482,"SANTA BARBARA",UNINCORPORATED,-119.50979028,34.39434146
7005180,2015,2015-08-06,9760,2015-06-22,1730,020908,,1,2,9,4200,0,3,5,,2,001,"GIBRALTAR RD","E CAMINO CIELO",9504.00,S,N,D,-,N,,,,,,,,,,N,2,0,1,2,D,-,00,,,N,H,G,A,A,H,-,A,D,0,,Y,,,Y,,-,"- ",1,0,0,0,0,0,1,0,0,"- ","- ",34.478409999999997,-119.68025,"SANTA BARBARA",UNINCORPORATED,-119.68218491,34.483104349999998
7005513,2015,2017-01-14,4204,2015-07-09,1355,90277,57,4,5,5,4204,0,0,0,,0,002,BROADWAY,"MORRISON AV",200.00,N,N,A,-,Y,SB,5,135,-,-,15.120,H,-,S,N,4,0,2,2,A,-,03,22350,,N,C,C,A,A,H,-,A,A,0,,,,,Y,,A,07,0,0,2,0,0,0,0,0,0,"- ","- ",,,"SANTA BARBARA","SANTA MARIA",-120.43608524,34.943657569999999
7005514,2015,2017-01-12,4204,2015-07-04,1722,23028,81,6,5,5,4204,0,0,0,,0,003,BROADWAY,"MCCOY LN",15.00,N,N,A,-,Y,SB,5,135,-,-,13.280,H,-,S,N,4,0,3,2,A,-,03,22350,,N,C,C,A,A,H,-,A,A,0,,,,,Y,,A,01,0,0,3,0,0,0,0,0,0,"- ","- ",,,"SANTA BARBARA","SANTA MARIA",-120.43610313000001,34.916961200000003
7006124,2015,2017-04-06,9755,2015-07-29,0218,18514,,3,3,9,4200,0,3,5,,2,040,"BALLARD CANYON RD","RT 246",1584.00,N,N,A,-,N,,,,,,,,,,Y,1,1,1,1,A,-,01,23152,A,N,E,I,A,A,H,-,D,D,0,,,,,Y,,A,01,0,1,0,0,0,0,0,0,0,"- ","- ",34.612189999999998,-120.17627,"SANTA BARBARA",UNINCORPORATED,-120.1767614,34.611791259999997
7006148,2015,2017-04-06,4200,2015-06-20,2352,3077,14,6,5,4,4214,0,0,0,,0,080,"HOLLISTER AV","LAS ARMAS RD",125.00,W,N,A,-,N,,,,,,,,,,Y,1,1,0,1,A,-,01,23152,A,N,E,I,A,A,H,-,C,D,0,,,,,Y,Y,A,01,0,0,0,0,0,0,0,0,0,"- ","- ",,,"SANTA BARBARA",GOLETA,-119.90088718,34.429713120000002