CASE_ID,ACCIDENT_YEAR,PROC_DATE,JURIS,COLLISION_DATE,COLLISION_TIME,OFFICER_ID,REPORTING_DISTRICT,DAY_OF_WEEK,CHP_SHIFT,POPULATION,CNTY_CITY_LOC,SPECIAL_COND,BEAT_TYPE,CHP_BEAT_TYPE,CITY_DIVISION_LAPD,CHP_BEAT_CLASS,BEAT_NUMBER,PRIMARY_RD,SECONDARY_RD,DISTANCE,DIRECTION,INTERSECTION,WEATHER_1,WEATHER_2,STATE_HWY_IND,CALTRANS_COUNTY,CALTRANS_DISTRICT,STATE_ROUTE,ROUTE_SUFFIX,POSTMILE_PREFIX,POSTMILE,LOCATION_TYPE,RAMP_INTERSECTION,SIDE_OF_HWY,TOW_AWAY,COLLISION_SEVERITY,NUMBER_KILLED,NUMBER_INJURED,PARTY_COUNT,PRIMARY_COLL_FACTOR,PCF_CODE_OF_VIOL,PCF_VIOL_CATEGORY,PCF_VIOLATION,PCF_VIOL_SUBSECTION,HIT_AND_RUN,TYPE_OF_COLLISION,MVIW,PED_ACTION,ROAD_SURFACE,ROAD_COND_1,ROAD_COND_2,LIGHTING,CONTROL_DEVICE,CHP_ROAD_TYPE,PEDESTRIAN_ACCIDENT,BICYCLE_ACCIDENT,MOTORCYCLE_ACCIDENT,TRUCK_ACCIDENT,NOT_PRIVATE_PROPERTY,ALCOHOL_INVOLVED,STWD_VEHTYPE_AT_FAULT,CHP_VEHTYPE_AT_FAULT,COUNT_SEVERE_INJ,COUNT_VISIBLE_INJ,COUNT_COMPLAINT_PAIN,COUNT_PED_KILLED,COUNT_PED_INJURED,COUNT_BICYCLIST_KILLED,COUNT_BICYCLIST_INJURED,COUNT_MC_KILLED,COUNT_MC_INJURED,PRIMARY_RAMP,SECONDARY_RAMP,LATITUDE,LONGITUDE,COUNTY,CITY,POINT_X,POINT_Y
7006149,2015,2015-09-28,9760,2015-06-09,1920,17097,,2,2,9,4200,0,1,3,,1,022,"RT 154","PAINTED CAVE RD",4224.00,E,N,B,-,Y,SB,5,154,-,-,27.490,H,-,W,Y,1,1,2,1,A,-,03,22350,,N,E,I,A,B,H,-,A,D,0,,,,,Y,,D,22,0,2,0,0,0,0,0,0,0,"- ","- ",34.488639999999997,-119.78543000000001,"SANTA BARBARA",UNINCORPORATED,-119.78488555,34.488676400000003
7006431,2015,2016-01-26,4203,2015-11-23,1835,4735,,1,5,5,4203,0,0,0,,0,003,"ANACAPA ST","SOLA ST",35.00,S,N,A,-,N,,,,,,,,,,N,1,1,0,2,A,-,11,21954,A,N,G,B,D,A,H,-,C,D,0,Y,,,,Y,,N,60,0,0,0,1,0,0,0,0,0,"- ","- ",34.42624,-119.7058,"SANTA BARBARA","SANTA BARBARA",-119.70573216,34.426247259999997
7006720,2015,2016-04-14,9755,2015-07-03,0121,17967,,5,3,9,4200,0,1,3,,1,051,"RT 1","JALAMA RD",528.00,S,N,E,-,Y,SB,5,1,-,-,14.910,H,-,N,Y,1,1,4,2,A,-,01,23152,A,N,E,I,A,A,H,-,D,D,0,,,,,Y,Y,A,01,3,1,0,0,0,0,0,0,0,"- ","- ",34.507060000000003,-120.40803,"SANTA BARBARA",UNINCORPORATED,-120.40817212,34.587739460000002
7032519,2015,2015-08-21,4200,2015-06-30,1529,3683,14,2,5,4,4214,0,0,0,,0,060,"PATTERSON AV","OVERPASS RD",0.00,,Y,A,-,N,,,,,,,,,,Y,2,0,2,2,A,-,12,21453,A,N,D,C,A,A,H,-,A,A,0,,,,,Y,,A,07,1,1,0,0,0,0,0,0,0,"- ","- ",,,"SANTA BARBARA",GOLETA,-119.80864993,34.439080019999999
7032556,2015,2015-08-19,4200,2015-06-19,2336,3083,14,5,5,4,4214,0,0,0,,0,050,"CALLE REAL",MARAVILLA,708.00,E,N,A,-,N,,,,,,,,,,Y,3,0,1,1,A,-,01,23152,A,M,A,I,A,A,H,-,C,D,0,,,Y,,Y,Y,C,02,0,1,0,0,0,0,0,0,1,"- ","- ",,,"SANTA BARBARA",GOLETA,-119.81262318,34.442462460000002
7032597,2015,2015-09-03,4200,2015-08-09,2028,4472,14,7,5,4,4214,0,0,0,,0,080,"STORKE RD","MARKET PLACE DR",0.00,,Y,A,-,N,,,,,,,,,,Y,3,0,1,2,A,-,09,21801,A,N,D,C,A,A,H,-,C,A,0,,,,,Y,,A,01,0,1,0,0,0,0,0,0,0,"- ","- ",,,"SANTA BARBARA",GOLETA,-119.86977997,34.428660069999999
7032619,2015,2017-01-14,4203,2015-08-07,0420,22854,,5,5,5,4203,0,0,0,,0,001,"S MILPAS ST","RT 101",43.00,E,N,A,-,Y,SB,5,101,-,-,12.865,R,4,N,Y,3,0,1,1,A,-,01,23152,A,N,E,I,A,A,H,-,C,D,0,,,,,Y,Y,-,,0,1,0,0,0,0,0,0,0,"- ",NO,34.4208,-119.67789999999999,"SANTA BARBARA","SANTA BARBARA",-119.67922527,34.420277290000001
7017785,2015,2016-06-14,9760,2015-07-22,2330,019656,,3,3,9,4200,0,2,4,,1,021,"TURNPIKE RD","CATHEDRAL OAKS RD",5.00,N,N,A,-,N,,,,,,,,,,N,4,0,1,2,A,-,03,22350,,M,D,C,A,A,H,-,C,A,0,,,,,Y,,-,99,0,0,1,0,0,0,0,0,0,"- ","- ",34.451120000000003,-119.79009000000001,"SANTA BARBARA",UNINCORPORATED,-119.790097,34.451333499999997
7018002,2015,2015-12-09,9760,2015-07-22,1340,18019,,3,1,9,4200,0,3,5,,2,001,"LILLIE AV","GREENWELL AV",190.00,W,N,A,-,N,,,,,,,,,,N,3,0,1,2,A,-,09,21804,A,N,D,G,A,A,H,-,A,D,0,,Y,,,Y,,A,01,0,1,0,0,0,0,1,0,0,"- ","- ",34.419069999999998,-119.59148999999999,"SANTA BARBARA",UNINCORPORATED,-119.59154524,34.419130430000003
7018026,2015,2017-01-12,9760,2015-07-26,0600,17674,,7,1,9,4200,0,1,2,,2,010,"RT 101","SAN YSIDRO RD",500.00,S,N,A,-,Y,SB,5,101,-,-,9.830,H,-,N,Y,3,0,2,2,A,-,21,22106,,N,C,C,A,A,H,-,A,D,1,,,,,Y,Y,A,08,0,1,1,0,0,0,0,0,0,"- ","- ",34.421059999999997,-119.62591,"SANTA BARBARA",UNINCORPORATED,-119.62834193,34.421510140000002
7018338,2015,2016-12-22,9750,2015-07-30,0950,016170,,4,1,9,4200,0,1,3,,1,063,"RT 166","SPANISH RANCH",15840.00,W,N,A,-,Y,SLO,5,166,-,-,40.900,H,-,W,Y,4,0,1,2,A,-,03,22350,,N,C,C,A,A,D,H,A,D,0,,,,,Y,,D,22,0,0,1,0,0,0,0,0,0,"- ","- ",35.08146,-120.01299,"SANTA BARBARA",UNINCORPORATED,-120.04667016000001,35.095058569999999
7018350,2015,2016-12-22,9750,2015-08-03,0840,014753,,1,1,9,4200,0,1,3,,1,011,"RT 166","HANSON WY",5280.00,W,N,A,-,Y,SB,5,166,-,-,5.520,H,-,E,Y,4,0,1,1,A,-,08,22107,,N,E,I,A,A,H,-,A,D,0,,,,,Y,,D,22,0,0,1,0,0,0,0,0,0,"- ","- ",,,"SANTA BARBARA",UNINCORPORATED,-120.47747305,34.954441889999998
7018354,2015,2017-01-14,9750,2015-08-01,1710,16354,,6,2,9,4200,0,1,3,,1,022,"RT 1","CLARK AV",0.00,,Y,A,-,Y,SB,5,1,-,R,35.530,I,5,N,Y,4,0,1,3,A,-,09,21802,A,N,D,C,A,A,H,-,A,A,0,,,,Y,Y,,A,01,0,0,1,0,0,0,0,0,0,"- ","- ",34.864019999999996,-120.45697,"SANTA BARBARA",UNINCORPORATED,-120.45695516000001,34.863962319999999
7018386,2015,2017-01-17,4204,2015-08-01,1610,23351,62,6,5,5,4204,0,0,0,,0,B03,BROADWAY,"STOWELL RD",45.00,N,N,A,-,Y,SB,5,135,-,-,14.790,H,-,S,N,4,0,1,2,A,-,03,22350,,N,C,C,A,A,H,-,A,A,0,,,,,Y,,A,01,0,0,1,0,0,0,0,0,0,"- ","- ",,,"SANTA BARBARA","SANTA MARIA",-120.43609558999999,34.93865546
7018390,2015,2015-09-08,4204,2015-08-06,0507,23000,87,4,5,5,4204,0,0,0,,0,003,"SKYWAY DR","HANGAR ST",500.00,N,N,A,-,N,,,,,,,,,,Y,4,0,1,1,A,-,08,22107,,N,-,-,A,A,H,-,C,D,0,,,,,Y,,D,22,0,0,1,0,0,0,0,0,0,"- ","- ",,,"SANTA BARBARA","SANTA MARIA",-120.45266205,34.905570419999997
7018395,2015,2017-02-03,9750,2015-08-12,0600,18209,,3,1,9,4200,0,1,3,,1,011,"RT 166","BONITA SCHOOL RD",775.00,E,N,A,-,Y,SB,5,166,-,-,3.900,H,-,W,Y,3,0,2,2,A,-,03,22350,,N,C,C,A,A,H,-,A,D,0,,,,Y,Y,,F,26,0,1,1,0,0,0,0,0,0,"- ","- ",34.956620000000001,-120.50622,"SANTA BARBARA",UNINCORPORATED,-120.50577739000001,34.95663347
7046411,2015,2015-12-29,4203,2015-08-22,1720,7570,,6,5,5,4203,0,0,0,,0,004,"DE LA VINA ST","W DE LA GUERRA ST",0.00,,Y,A,-,N,,,,,,,,,,Y,4,0,1,2,A,-,09,21802,A,N,D,C,A,A,H,-,A,A,0,,,,,Y,,-,,0,0,1,0,0,0,0,0,0,"- ","- ",34.417769999999997,-119.7015,"SANTA BARBARA","SANTA BARBARA",-119.70158988,34.417480089999998
7046510,2015,2016-01-09,4203,2015-08-17,1415,6700,33,1,5,5,4203,0,0,0,,0,004,"DE LA VINA ST","ARRELLAGA ST",145.00,S,N,A,-,N,,,,,,,,,,N,3,0,1,2,A,-,05,21202,A,N,H,G,A,A,H,-,A,D,0,,Y,,,Y,,L,04,0,1,0,0,0,0,1,0,0,"- ","- ",34.424669999999999,-119.71146,"SANTA BARBARA","SANTA BARBARA",-119.7115068,34.424729380000002
7025627,2015,2017-01-12,9760,2015-07-18,1450,19464,,6,2,9,4200,0,1,2,,2,010,"RT 101","NORTH PADARO LN",4752.00,S,N,A,-,Y,SB,5,101,-,R,6.240,H,-,N,N,4,0,3,2,A,-,03,22350,,N,C,C,A,A,H,-,A,D,1,,,,,Y,,A,01,0,0,3,0,0,0,0,0,0,"- ","- ",34.41675,-119.56674,"SANTA BARBARA",UNINCORPORATED,-119.56730333,34.416752719999998
7025628,2015,2015-08-20,9760,2015-07-17,1530,20211,,5,2,9,4200,0,3,5,,2,001,"FAIRWAY RD","CHANNEL DR",500.00,E,N,A,-,N,,,,,,,,,,N,4,0,1,1,A,-,03,22350,,N,F,A,A,A,H,-,A,D,0,,,Y,,Y,,C,02,0,0,1,0,0,0,0,0,1,"- ","- ",34.418959999999998,-119.65040999999999,"SANTA BARBARA",UNINCORPORATED,-119.6508547,34.41894061
7026008,2015,2017-01-19,4204,2015-07-29,1836,90242,34,3,5,5,4204,0,0,0,,0,002,MAIN,BROADWAY,0.00,,Y,A,-,Y,SB,5,166,-,-,7.890,H,-,W,N,4,0,1,2,A,-,03,22350,,N,C,C,A,A,H,-,A,A,0,,,,,Y,,A,01,0,0,1,0,0,0,0,0,0,"- ","- ",,,"SANTA BARBARA","SANTA MARIA",-120.43553729,34.953208619999998
7026012,2015,2015-08-22,4204,2015-07-30,0604,23601,8,4,5,5,4204,0,0,0,,0,001,"DONOVAN RD","WESTERN AV",0.00,,Y,A,-,N,,,,,,,,,,Y,3,0,1,2,A,-,03,22350,,N,C,C,A,A,H,-,A,A,0,,,,,Y,,A,01,0,1,0,0,0,0,0,0,0,"- ","- ",,,"SANTA BARBARA","SANTA MARIA",-120.44983994,34.967800109999999
7026088,2015,2015-09-03,4204,2015-08-02,0635,90276,,7,5,5,4204,0,0,0,,0,B02,"MORRISON AV","WESTERN AV",389.00,E,N,A,-,N,,,,,,,,,,Y,3,0,1,2,A,-,01,23152,B,N,F,E,A,A,H,-,A,D,0,,,,,Y,Y,A,01,0,1,0,0,0,0,0,0,0,"- ","- ",,,"SANTA BARBARA","SANTA MARIA",-120.44820256,34.94323438
7026092,2015,2015-09-03,4204,2015-08-03,1201,90377,37,1,5,5,4204,0,0,0,,0,002,MAIN,"NICHOLSON AV",200.00,E,N,A,-,N,,,,,,,,,,N,4,0,1,2,A,-,09,21801,A,N,D,C,A,A,H,-,A,A,0,,,,,Y,,A,01,0,0,1,0,0,0,0,0,0,"- ","- ",,,"SANTA BARBARA","SANTA MARIA",-120.41573434999999,34.95294269
7026107,2015,2015-09-03,4204,2015-08-02,0007,90322,53,7,5,5,4204,0,0,0,,0,002,MILLER,ORANGE,0.00,,Y,A,-,N,,,,,,,,,,Y,3,0,2,1,A,-,01,23153,B,N,A,I,A,A,H,-,C,D,0,,,,,Y,Y,A,01,0,1,1,0,0,0,0,0,0,"- ","- ",,,"SANTA BARBARA","SANTA MARIA",-120.43148986,34.948890030000001
7026377,2015,2015-09-17,9750,2015-08-11,0715,14753,,2,1,9,4200,0,2,4,,1,024,"BRADLEY RD","PARKLAND DR",60.00,S,N,B,F,N,,,,,,,,,,Y,4,0,2,3,A,-,03,22350,,N,C,C,A,B,H,-,A,D,0,,,,,Y,,D,22,0,0,2,0,0,0,0,0,0,"- ","- ",34.88082,-120.41861,"SANTA BARBARA",UNINCORPORATED,-120.41871226000001,34.880795210000002
7026381,2015,2015-09-09,9750,2015-08-06,0620,013267,,4,1,9,4200,0,3,5,,2,030,"STOWELL RD","PHILBRIC RD",2640.00,W,N,B,-,N,,,,,,,,,,N,4,0,1,2,A,-,06,21750,A,N,D,C,A,A,H,-,A,D,0,,,,,Y,,A,01,0,0,1,0,0,0,0,0,0,"- ","- ",,,"SANTA BARBARA",UNINCORPORATED,-120.38239135000001,34.938005779999997
7026385,2015,2015-08-24,4202,2015-07-14,1440,292,,2,5,4,4202,0,0,0,,0,,"O ST","CHESTNUT AV",0.00,,Y,A,-,N,,,,,,,,,,Y,4,0,1,2,A,-,09,21802,A,N,D,C,A,A,H,-,A,A,0,,,,,Y,,A,01,0,0,1,0,0,0,0,0,0,"- ","- ",,,"SANTA BARBARA",LOMPOC,-120.46673989,34.642310109999997
7026422,2015,2015-09-02,4203,2015-08-03,1329,3433,,1,5,5,4203,0,0,0,,0,001,"N MILPAS ST","E ORTEGA ST",47.00,S,N,A,-,N,,,,,,,,,,N,4,0,1,2,A,-,03,22350,,N,C,E,A,A,H,-,A,-,0,,,,,Y,,A,01,0,0,1,0,0,0,0,0,0,"- ","- ",,,"SANTA BARBARA","SANTA BARBARA",-119.68778338,34.428114479999998
7032620,2015,2015-09-29,4200,2015-08-01,1451,3886,10,6,5,3,4205,0,0,0,,0,030,"LINDEN AV","WULLBRANDT WY",78.00,S,N,A,-,N,,,,,,,,,,N,4,0,1,2,A,-,09,21804,A,N,C,C,A,A,H,-,A,D,0,,,,,Y,,-,,0,0,1,0,0,0,0,0,0,"- ","- ",,,"SANTA BARBARA",CARPINTERIA,-119.51932289,34.398158770000002
7034243,2015,2015-09-14,4204,2015-08-03,1715,90338,51,1,5,5,4204,0,0,0,,0,002,PINE,COOK,0.00,,Y,A,-,N,,,,,,,,,,N,4,0,1,1,A,-,17,21200,,N,H,A,A,A,H,-,A,D,0,,Y,,,Y,Y,L,04,0,0,1,0,0,0,1,0,0,"- ","- ",,,"SANTA BARBARA","SANTA MARIA",-120.43893998999999,34.949840100000003
7034244,2015,2015-09-14,4204,2015-08-04,1910,20894,01,2,5,5,4204,0,0,0,,0,001,"SCHUMAN PL","ATLANTIC PL",200.00,S,N,A,-,N,,,,,,,,,,N,3,0,1,2,A,-,05,21650,,N,D,G,A,A,H,-,A,D,0,,Y,,,Y,,L,04,0,1,0,0,0,0,1,0,0,"- ","- ",,,"SANTA BARBARA","SANTA MARIA",-120.44777547,34.988230809999997
7034245,2015,2017-01-17,4204,2015-08-10,1004,22104,15,1,5,5,4204,0,0,0,,0,001,BROADWAY,"ROSE AV",176.00,N,N,B,-,Y,SB,5,135,-,-,16.380,H,-,S,Y,4,0,3,4,A,-,03,22350,,N,C,C,A,A,D,-,A,A,0,,,,,Y,,A,01,0,0,3,0,0,0,0,0,0,"- ","- ",,,"SANTA BARBARA","SANTA MARIA",-120.43579361,34.961900100000001
7034246,2015,2017-01-12,4204,2015-08-10,1003,22104,15,1,5,5,4204,0,0,0,,0,001,BROADWAY,"ROSE AV",160.00,N,N,B,-,Y,SB,5,135,-,-,16.380,H,-,S,Y,4,0,1,3,A,-,03,22350,,N,C,C,A,A,D,-,A,A,0,,,,,Y,,A,01,0,0,1,0,0,0,0,0,0,"- ","- ",,,"SANTA BARBARA","SANTA MARIA",-120.43579361,34.961900100000001
7035132,2015,2017-01-12,9760,2015-08-05,1300,015658,,3,1,9,4200,0,1,2,,1,040,"RT 101","TAJIGUAS RANCH RD",1056.00,N,N,A,-,Y,SB,5,101,-,-,38.980,H,-,S,Y,3,0,4,3,A,-,03,22350,,N,C,C,A,A,D,-,A,D,5,,,,,Y,,A,01,0,3,1,0,0,0,0,0,0,"- ","- ",34.46781,-120.10927,"SANTA BARBARA",UNINCORPORATED,-120.1064576,34.466730040000002
7035381,2015,2017-01-12,9760,2015-07-17,1230,18019,,5,1,3,4205,0,1,2,,2,010,"RT 101","SANTA MONICA RD",1716.00,N,N,A,-,Y,SB,5,101,-,-,4.210,H,-,N,Y,4,0,2,3,A,-,03,22350,,N,C,C,A,A,H,-,A,D,1,,,,,Y,,D,22,0,0,2,0,0,0,0,0,0,"- ","- ",,,"SANTA BARBARA",CARPINTERIA,-119.5359697,34.405160289999998
7035417,2015,2016-12-22,9760,2015-07-31,1621,019397,,5,2,9,4200,0,1,2,,2,020,"RT 101","TURNPIKE RD",600.00,N,N,A,-,Y,SB,5,101,-,-,20.170,H,-,S,Y,4,0,1,3,A,-,03,22350,,N,C,C,A,A,H,-,A,D,1,,,,,Y,,A,08,0,0,1,0,0,0,0,0,0,"- ","- ",34.442079999999997,-119.79049999999999,"SANTA BARBARA",UNINCORPORATED,-119.79123941,34.4420675
7035425,2015,2017-01-12,9760,2015-07-31,1835,019397,,5,2,9,4200,0,1,2,,1,040,"RT 101","REFUGIO BEACH RD",6336.00,N,N,A,-,Y,SB,5,101,-,-,37.880,H,-,N,Y,3,0,1,1,A,-,08,22107,,N,F,A,A,A,H,-,A,D,5,,,,,Y,,D,22,0,1,0,0,0,0,0,0,0,"- ","- ",34.461660000000002,-120.09081999999999,"SANTA BARBARA",UNINCORPORATED,-120.08873894,34.461677729999998
7036049,2015,2017-01-14,9755,2015-08-11,1042,17910,,2,1,9,4200,0,1,3,,1,055,"RT 1","TIMBER LN",25.00,N,N,A,-,Y,SB,5,1,-,M,29.380,H,-,S,Y,3,0,2,2,A,-,03,22350,,N,C,C,A,A,H,-,A,A,0,,,,,Y,,D,23,0,1,1,0,0,0,0,0,0,"- ","- ",34.745019999999997,-120.51502000000001,"SANTA BARBARA",UNINCORPORATED,-120.51499226999999,34.744990080000001
7036129,2015,2015-08-28,4203,2015-08-08,2100,7775,,6,5,5,4203,0,0,0,,0,006,"ELISE WY","CHATEAUX ELISE",45.00,N,N,A,-,N,,,,,,,,,,Y,4,0,1,2,A,-,01,23152,A,N,B,E,A,A,H,-,C,D,0,,,,,Y,Y,A,01,0,0,1,0,0,0,0,0,0,"- ","- ",,,"SANTA BARBARA","SANTA BARBARA",-119.72405680999999,34.400529050000003
7026568,2015,2015-09-03,4203,2015-08-07,1511,7189,,5,5,5,4203,0,0,0,,0,003,"E CANON PERDIDO ST","ANACAPA ST",0.00,,Y,A,-,N,,,,,,,,,,N,3,0,1,2,A,-,08,22107,,N,-,G,A,A,H,-,A,A,0,,Y,,,Y,,A,01,0,1,0,0,0,0,1,0,0,"- ","- ",34.421599999999998,-119.6994,"SANTA BARBARA","SANTA BARBARA",-119.6993899,34.421640060000001
7026585,2015,2017-01-14,9750,2015-08-10,1811,16469,,1,2,9,4200,0,1,3,,1,021,"RT 1","RT 135",6864.00,S,N,A,-,Y,SB,5,1,-,R,33.500,H,-,N,Y,2,0,1,1,A,-,08,22107,,N,F,A,A,A,H,-,A,D,1,,,,,Y,,A,01,1,0,0,0,0,0,0,0,0,"- ","- ",34.834870000000002,-120.45139,"SANTA BARBARA",UNINCORPORATED,-120.45122866,34.835567019999999
7026684,2015,2017-01-14,4200,2015-07-24,0800,4576,14,5,5,4,4214,0,0,0,,0,030,"PATTERSON AV","RT 101",0.00,,Y,A,-,Y,SB,5,101,-,-,21.060,R,4,N,Y,4,0,1,3,A,-,12,21453,A,N,D,C,A,A,H,-,A,A,0,,,,,Y,,A,01,0,0,1,0,0,0,0,0,0,"- ",NF,,,"SANTA BARBARA",GOLETA,-119.80674659,34.441862720000003
7030565,2015,2015-09-04,9750,2015-08-12,0750,018209,,3,1,9,4200,0,2,4,,1,024,"SANTA MARIA WY","HOLLY OAK LN",0.00,,Y,A,-,N,,,,,,,,,,N,4,0,1,2,A,-,05,21650,1,N,H,G,A,A,H,-,A,A,0,,Y,,,Y,,L,04,0,0,1,0,0,0,1,0,0,"- ","- ",34.901470000000003,-120.42778,"SANTA BARBARA",UNINCORPORATED,-120.42769986,34.901510039999998
7030602,2015,2017-01-14,4204,2015-08-05,1605,90242,40,3,5,5,4204,0,0,0,,0,002,MAIN,"RAILROAD AV",0.00,,Y,A,-,Y,SB,5,166,-,-,7.380,I,5,E,Y,4,0,2,2,A,-,09,21801,A,N,D,C,A,A,H,-,A,D,0,,,,,Y,,A,07,0,0,2,0,0,0,0,0,0,"- ","- ",,,"SANTA BARBARA","SANTA MARIA",-120.44470298,34.953191480000001
7030606,2015,2015-09-04,9750,2015-08-01,1920,016714,1,6,2,9,4200,0,1,2,,2,001,"BLOSSER RD","OLD MILL LN",48.00,N,N,A,-,N,,,,,,,,,,Y,4,0,1,1,A,-,08,22107,,N,E,I,A,A,H,-,A,D,0,,,,,Y,,A,01,0,0,1,0,0,0,0,0,0,"- ","- ",34.872680000000003,-120.45399,"SANTA BARBARA",UNINCORPORATED,-120.45403,34.872611839999998
7030610,2015,2017-01-12,4204,2015-08-07,1714,90376,68,5,5,5,4204,0,0,0,,0,003,BROADWAY,"ENOS DR",325.00,S,N,A,-,Y,SB,5,135,-,-,14.410,H,-,S,Y,4,0,1,2,A,-,03,22350,,N,C,C,A,A,H,-,A,A,0,,,,,Y,,A,01,0,0,1,0,0,0,0,0,0,"- ","- ",,,"SANTA BARBARA","SANTA MARIA",-120.43612576,34.933279480000003
7030614,2015,2016-07-26,9750,2015-08-07,1100,018209,,5,1,9,4200,0,3,5,,2,020,"HARRIS GRADE RD","RT 135",3696.00,S,N,A,-,N,,,,,,,,,,Y,2,0,1,1,A,-,08,22107,,N,F,A,A,A,H,-,A,D,0,,,Y,,Y,,C,02,1,0,0,0,0,0,0,0,1,"- ","- ",34.757289999999998,-120.4268,"SANTA BARBARA",UNINCORPORATED,-120.42746291,34.756883850000001
7030826,2015,2015-08-26,4204,2015-07-27,0831,90277,35,1,5,5,4204,0,0,0,,0,002,MILLER,FESLER,0.00,,Y,A,-,N,,,,,,,,,,N,4,0,1,2,A,-,17,21208,A,N,D,G,A,A,H,-,A,A,0,,Y,,,Y,,L,04,0,0,1,0,0,0,1,0,0,"- ","- ",,,"SANTA BARBARA","SANTA MARIA",-120.43141991,34.95649006
7030862,2015,2017-01-12,9750,2015-07-31,1745,16354,,5,2,5,4204,0,1,2,,2,001,"RT 101","BETTERAVIA RD",528.00,S,N,A,-,Y,SB,5,101,-,-,86.490,H,-,N,N,3,0,1,1,A,-,03,22350,,N,E,J,A,A,H,-,A,D,0,,,Y,,Y,,C,02,0,1,0,0,0,0,0,0,1,"- ","- ",34.92192,-120.41783,"SANTA BARBARA","SANTA MARIA",-120.41783667,34.922177320000003
7030870,2015,2017-01-17,4204,2015-07-30,1839,90376,16,4,5,5,4204,0,0,0,,0,001,BROADWAY,"ALVIN AV",200.00,N,N,A,-,Y,SB,5,135,-,-,16.320,H,-,S,N,4,0,2,2,A,-,03,22350,,N,C,C,A,A,H,-,A,A,0,,,,,Y,,A,01,0,0,2,0,0,0,0,0,0,"- ","- ",,,"SANTA BARBARA","SANTA MARIA",-120.43581387,34.961031900000002
7036130,2015,2015-08-28,4203,2015-08-09,1437,3626,,7,5,5,4203,0,0,0,,0,003,"ANACAPA ST","ANAPAMU ST",0.00,,Y,A,-,N,,,,,,,,,,Y,4,0,2,2,D,-,00,,,N,B,C,A,A,H,-,A,A,0,,,,,Y,,-,"- ",0,0,2,0,0,0,0,0,0,"- ","- ",,,"SANTA BARBARA","SANTA BARBARA",-119.70327985999999,34.424470069999998
7036461,2015,2017-01-12,9760,2015-08-08,2220,020227,,6,3,5,4203,0,1,2,,2,011,"RT 101","JUNIPERO ST PED",10.00,S,N,A,-,Y,SB,5,101,-,-,16.220,H,-,S,Y,4,0,1,2,A,-,01,23152,E,N,C,E,A,A,H,-,D,D,1,,,,,Y,,A,07,0,0,1,0,0,0,0,0,0,"- ","- ",34.426929999999999,-119.72874,"SANTA BARBARA","SANTA BARBARA",-119.72797718,34.426904700000001
7036465,2015,2017-01-12,9760,2015-08-07,1410,018754,,5,2,5,4203,0,1,2,,2,011,"RT 101","MISSION ST",646.00,N,N,A,-,Y,SB,5,101,-,R,15.880,H,-,S,Y,3,0,1,2,A,-,03,22350,,N,C,C,A,A,H,-,A,D,1,,,,,Y,,A,01,0,1,0,0,0,0,0,0,0,"- ","- ",34.426380000000002,-119.72412,"SANTA BARBARA","SANTA BARBARA",-119.72261533,34.425985230000002
7036469,2015,2017-01-12,9760,2015-08-04,1840,017674,,2,2,5,4203,0,1,2,,2,011,"RT 101","OLIVE MILL RD",840.00,N,N,A,-,Y,SB,5,101,-,-,10.700,H,-,N,Y,4,0,1,1,A,-,08,22107,,N,E,I,A,A,H,-,A,D,1,,,,,Y,,A,01,0,0,1,0,0,0,0,0,0,"- ","- ",34.420169999999999,-119.64178,"SANTA BARBARA","SANTA BARBARA",-119.6425392,34.419929519999997
7036473,2015,2017-01-28,9760,2015-08-03,1705,021061,,1,2,9,4200,0,3,5,,2,001,"RT 192","TORITO RD",440.00,N,N,A,-,Y,SB,5,192,-,-,12.840,H,-,E,Y,3,0,1,1,A,-,01,23152,A,N,E,I,A,A,H,-,A,D,0,,,Y,,Y,Y,C,02,0,1,0,0,0,0,0,0,1,"- ","- ",34.430340000000001,-119.57267,"SANTA BARBARA",UNINCORPORATED,-119.57269092999999,34.430190670000002
7036477,2015,2017-01-12,9760,2015-08-03,0650,020211,,1,1,5,4203,0,1,2,,2,020,"RT 101","PATTERSON AV",965.00,S,N,A,-,Y,SB,5,101,-,-,20.920,H,-,N,Y,4,0,1,1,A,-,08,22107,,N,E,I,A,A,H,-,A,D,1,,,,,Y,,A,01,0,0,1,0,0,0,0,0,0,"- ","- ",34.441630000000004,-119.79991,"SANTA BARBARA","SANTA BARBARA",-119.80434364,34.441648700000002
7037193,2015,2015-09-04,9760,2015-08-10,1205,19446,,1,1,9,4200,0,3,5,,2,001,"TORO CANYON RD","SERENA AV",1120.00,N,N,B,-,N,,,,,,,,,,Y,3,0,1,1,A,-,08,22107,,N,E,I,A,A,H,-,A,A,0,,,,,Y,,A,01,0,1,0,0,0,0,0,0,0,"- ","- ",34.421520000000001,-119.57418,"SANTA BARBARA",UNINCORPORATED,-119.57421372,34.421823869999997