CASE_ID,ACCIDENT_YEAR,PROC_DATE,JURIS,COLLISION_DATE,COLLISION_TIME,OFFICER_ID,REPORTING_DISTRICT,DAY_OF_WEEK,CHP_SHIFT,POPULATION,CNTY_CITY_LOC,SPECIAL_COND,BEAT_TYPE,CHP_BEAT_TYPE,CITY_DIVISION_LAPD,CHP_BEAT_CLASS,BEAT_NUMBER,PRIMARY_RD,SECONDARY_RD,DISTANCE,DIRECTION,INTERSECTION,WEATHER_1,WEATHER_2,STATE_HWY_IND,CALTRANS_COUNTY,CALTRANS_DISTRICT,STATE_ROUTE,ROUTE_SUFFIX,POSTMILE_PREFIX,POSTMILE,LOCATION_TYPE,RAMP_INTERSECTION,SIDE_OF_HWY,TOW_AWAY,COLLISION_SEVERITY,NUMBER_KILLED,NUMBER_INJURED,PARTY_COUNT,PRIMARY_COLL_FACTOR,PCF_CODE_OF_VIOL,PCF_VIOL_CATEGORY,PCF_VIOLATION,PCF_VIOL_SUBSECTION,HIT_AND_RUN,TYPE_OF_COLLISION,MVIW,PED_ACTION,ROAD_SURFACE,ROAD_COND_1,ROAD_COND_2,LIGHTING,CONTROL_DEVICE,CHP_ROAD_TYPE,PEDESTRIAN_ACCIDENT,BICYCLE_ACCIDENT,MOTORCYCLE_ACCIDENT,TRUCK_ACCIDENT,NOT_PRIVATE_PROPERTY,ALCOHOL_INVOLVED,STWD_VEHTYPE_AT_FAULT,CHP_VEHTYPE_AT_FAULT,COUNT_SEVERE_INJ,COUNT_VISIBLE_INJ,COUNT_COMPLAINT_PAIN,COUNT_PED_KILLED,COUNT_PED_INJURED,COUNT_BICYCLIST_KILLED,COUNT_BICYCLIST_INJURED,COUNT_MC_KILLED,COUNT_MC_INJURED,PRIMARY_RAMP,SECONDARY_RAMP,LATITUDE,LONGITUDE,COUNTY,CITY,POINT_X,POINT_Y
7037366,2015,2017-01-14,4203,2015-08-09,1230,4735,,7,5,5,4203,0,0,0,,0,005,"STATE ST","RT 101",240.00,W,N,A,-,Y,SB,5,101,-,-,18.230,R,4,N,N,3,0,1,1,A,-,03,22350,,N,F,G,A,A,H,-,A,D,0,,Y,,,Y,,L,04,0,1,0,0,0,0,1,0,0,"- ",NO,34.404020000000003,-117.75497,"SANTA BARBARA","SANTA BARBARA",-119.75750947,34.441068289999997
7037409,2015,2015-09-04,4202,2015-08-04,2034,265,,2,5,4,4202,0,0,0,,0,4202,"E NORTH AV","N A ST",8.00,W,N,A,-,N,,,,,,,,,,N,4,0,1,2,A,-,21,22106,,N,D,C,A,A,H,-,C,D,0,,,,,Y,,D,22,0,0,1,0,0,0,0,0,0,"- ","- ",,,"SANTA BARBARA",LOMPOC,-120.44888659,34.653320000000001
7037425,2015,2015-09-26,4203,2015-08-10,1622,3197,,1,5,5,4203,0,0,0,,0,001,"N MILPAS ST","MASON ST",0.00,,Y,A,-,N,,,,,,,,,,Y,3,0,2,4,A,-,03,22350,,N,C,C,A,A,H,-,A,D,0,,,,,Y,,-,,0,1,1,0,0,0,0,0,0,"- ","- ",,,"SANTA BARBARA","SANTA BARBARA",-119.68016989,34.422560009999998
7038242,2015,2015-09-03,4203,2015-08-12,1616,2712,,3,5,5,4203,0,0,0,,0,002,"WEST CARRILLO","CHAPALA ST",221.00,W,N,A,-,N,,,,,,,,,,N,4,0,1,2,A,-,08,22107,,N,B,C,A,A,H,-,A,D,0,,,,,Y,,-,,0,0,1,0,0,0,0,0,0,"- ","- ",34.243850000000002,-119.41271999999999,"SANTA BARBARA","SANTA BARBARA",-119.70345405,34.419994719999998
7038250,2015,2015-09-03,4200,2015-08-13,1131,3116,14,4,5,4,4214,0,0,0,,0,080,"STROKE RD","HOLLISTER AV",0.00,,Y,A,-,N,,,,,,,,,,N,4,0,1,2,A,-,03,22350,,N,C,C,A,A,D,-,A,A,0,,,,,Y,,A,01,0,0,1,0,0,0,0,0,0,"- ","- ",,,"SANTA BARBARA",GOLETA,-119.86974995,34.430100090000003
7038330,2015,2016-07-21,9755,2015-08-16,1310,017910,,7,1,9,4200,0,3,5,,2,050,"JALAMA RD","RT 1",64944.00,W,N,A,-,N,,,,,,,,,,Y,2,0,1,1,A,-,03,22350,,N,F,A,A,A,H,-,A,D,0,,,Y,,Y,,C,02,1,0,0,0,0,0,0,0,1,"- ","- ",34.511009999999999,-120.49119,"SANTA BARBARA",UNINCORPORATED,-120.48982205999999,34.509810539999997
7038331,2015,2016-07-21,9755,2015-08-15,1320,017378,,6,1,9,4200,0,3,5,,2,050,"JALAMA RD","RT 1",65472.00,W,N,A,-,N,,,,,,,,,,Y,4,0,1,1,A,-,08,22107,,N,F,A,A,A,H,-,A,D,0,,,Y,,Y,,C,02,0,0,1,0,0,0,0,0,1,"- ","- ",34.510899999999999,-120.49120000000001,"SANTA BARBARA",UNINCORPORATED,-120.49096022000001,34.510832069999999
7038332,2015,2017-01-14,9755,2015-08-15,0815,015973,,6,1,9,4200,0,1,3,,1,053,"RT 246","CAMPBELL RD",2112.00,E,N,A,-,Y,SB,5,246,-,R,18.570,H,-,W,Y,4,0,1,1,A,-,08,22107,,N,F,A,A,A,H,-,A,D,0,,,,,Y,,A,07,0,0,1,0,0,0,0,0,0,"- ","- ",34.65896,-120.32353000000001,"SANTA BARBARA",UNINCORPORATED,-120.30901541999999,34.649112950000003
7038347,2015,2015-09-08,4203,2015-08-06,1028,6700,44,4,5,5,4203,0,0,0,,0,003,"COTA ST","GARDEN ST",0.00,,Y,B,-,N,,,,,,,,,,Y,3,0,3,2,A,-,09,21802,A,N,D,C,A,A,H,-,A,A,0,,,,,Y,,A,01,0,1,2,0,0,0,0,0,0,"- ","- ",34.420929999999998,-119.69338,"SANTA BARBARA","SANTA BARBARA",-119.69336998,34.420930089999999
7038407,2015,2015-12-21,4200,2015-08-03,2130,4472,14,1,5,4,4214,0,0,0,,0,060,"MALLARD AV","GATO AV",150.00,N,N,A,-,N,,,,,,,,,,Y,4,0,1,3,A,-,01,23152,A,M,B,E,A,A,H,-,C,D,0,,,,,Y,Y,A,01,0,0,1,0,0,0,0,0,0,"- ","- ",,,"SANTA BARBARA",GOLETA,-119.82401039,34.437256949999998
7038722,2015,2015-09-11,4203,2015-08-12,0910,6700,31,3,5,5,4203,0,0,0,,0,004,"CANON PERDIDO ST","SAINT VINCENT AV",0.00,,Y,A,-,N,,,,,,,,,,N,4,0,1,2,A,-,21,22106,,N,G,B,E,A,H,-,A,D,0,Y,,,,Y,,A,01,0,0,1,0,1,0,0,0,0,"- ","- ",,,"SANTA BARBARA","SANTA BARBARA",-119.70338991,34.417900019999998
7038727,2015,2015-09-04,4203,2015-08-13,1214,6700,56,4,5,5,4203,0,0,0,,0,005,"PRIMAVERA RD","OTONO DR",535.00,E,N,A,-,N,,,,,,,,,,Y,4,0,1,2,A,-,01,23152,E,N,C,E,A,A,H,-,A,D,0,,,,,Y,,A,01,0,0,1,0,0,0,0,0,0,"- ","- ",34.447719999999997,-119.75662,"SANTA BARBARA","SANTA BARBARA",-119.75666699999999,34.447776599999997
7039400,2015,2015-09-11,4203,2015-08-07,2031,6983,,5,5,5,4203,0,0,0,,0,005,"LAS POSITAS RD","TALLANT RD",54.00,N,N,A,-,N,,,,,,,,,,Y,4,0,2,2,A,-,03,22350,,N,C,C,A,A,H,-,C,A,0,,,,,Y,,-,,0,0,2,0,0,0,0,0,0,"- ","- ",,,"SANTA BARBARA","SANTA BARBARA",-119.73362548999999,34.431348200000002
7039442,2015,2015-09-09,4203,2015-08-06,2255,2661,40,4,5,5,4203,0,0,0,,0,004,"STATE ST","GUTIERREZ ST",172.00,S,N,A,-,N,,,,,,,,,,N,2,0,1,2,D,-,00,,,F,H,G,A,A,H,-,C,D,0,,Y,,,Y,,-,"- ",1,0,0,0,0,0,1,0,0,"- ","- ",,,"SANTA BARBARA","SANTA BARBARA",-119.69380554999999,34.415545950000002
7039447,2015,2015-09-10,4203,2015-08-19,1833,2736,,3,5,5,4203,0,0,0,,0,001,"ALSTON RD","SUMMIT RD",8.00,W,N,A,-,N,,,,,,,,,,Y,3,0,2,1,A,-,01,23152,,N,E,I,A,A,H,-,A,A,0,,,,,Y,Y,-,,0,2,0,0,0,0,0,0,0,"- ","- ",,,"SANTA BARBARA","SANTA BARBARA",-119.65650386999999,34.432240450000002
7047943,2015,2015-09-10,4204,2015-08-24,1637,22104,69,1,5,5,4204,0,0,0,,0,003,"BRADLEY RD","BATTLES RD",0.00,,Y,A,-,N,,,,,,,,,,Y,4,0,2,2,A,-,09,21802,A,N,D,C,A,A,H,-,A,A,0,,,,,Y,,A,01,0,0,2,0,0,0,0,0,0,"- ","- ",,,"SANTA BARBARA","SANTA MARIA",-120.41824997000001,34.931210010000001
7047947,2015,2015-09-10,4204,2015-08-27,1728,90242,94,4,5,5,4204,0,0,0,,0,003,"UNION VALLEY PKWY","CALIFORNIA BL",0.00,,Y,A,-,N,,,,,,,,,,Y,3,0,2,2,A,-,09,21802,A,N,D,C,A,A,H,-,A,D,0,,,,,Y,,A,01,0,2,0,0,0,0,0,0,0,"- ","- ",,,"SANTA BARBARA","SANTA MARIA",-120.44567993,34.879840010000002
7047955,2015,2015-09-10,4204,2015-08-14,1626,18261,35,5,5,5,4204,0,0,0,,0,002,MILLER,FESLER,0.00,,Y,A,-,N,,,,,,,,,,N,4,0,2,2,A,-,09,21802,A,N,D,C,A,A,H,-,A,A,0,,,,,Y,,A,01,0,0,2,0,0,0,0,0,0,"- ","- ",,,"SANTA BARBARA","SANTA MARIA",-120.43141991,34.95649006
7047959,2015,2015-09-10,4204,2015-08-22,2002,90322,,6,5,5,4204,0,0,0,,0,001,LINCOLN,"DONOVAN RD",0.00,,Y,A,-,N,,,,,,,,,,Y,2,0,1,2,A,-,09,21801,A,N,A,C,A,A,H,-,C,D,0,,,Y,,Y,,A,01,1,0,0,0,0,0,0,0,1,"- ","- ",,,"SANTA BARBARA","SANTA MARIA",-120.43680989000001,34.967700090000001
7048384,2015,2015-09-11,4204,2015-08-23,1420,22751,62,7,5,5,4204,0,0,0,,0,003,THORNBURG,"STOWELL RD",1500.00,N,N,A,-,N,,,,,,,,,,Y,4,0,2,2,A,-,03,22350,,N,C,C,A,A,H,-,A,D,0,,,,,Y,,A,01,0,0,2,0,0,0,0,0,0,"- ","- ",,,"SANTA BARBARA","SANTA MARIA",-120.44025568000001,34.94267997
7048398,2015,2015-09-11,4204,2015-08-24,1755,90269,60,1,5,5,4204,0,0,0,,0,,"MORRISON AV","WESTERN AV",200.00,E,N,A,-,N,,,,,,,,,,Y,3,0,1,2,A,-,09,21804,A,N,D,C,A,A,H,-,A,D,0,,,,,Y,,A,01,0,1,0,0,0,0,0,0,0,"- ","- ",,,"SANTA BARBARA","SANTA MARIA",-120.44883294,34.943241970000003
7048401,2015,2015-09-11,4204,2015-08-22,1443,90322,3,6,5,5,4204,0,0,0,,0,075,"NEWLOVE DR",MILLER,250.00,W,N,A,-,N,,,,,,,,,,N,4,0,1,2,A,-,11,21950,B,N,G,B,D,A,H,-,A,D,0,Y,,,,Y,,N,60,0,0,1,0,1,0,0,0,0,"- ","- ",,,"SANTA BARBARA","SANTA MARIA",-120.43263342,34.929828260000001
7048405,2015,2015-09-11,4204,2015-08-22,1702,90322,60,6,5,5,4204,0,0,0,,0,003,"STOWELL RD","HANSON WY",1000.00,W,N,A,-,N,,,,,,,,,,Y,4,0,1,1,A,-,01,23152,A,N,F,J,A,A,H,-,A,D,0,,,,,Y,Y,A,01,0,0,1,0,0,0,0,0,0,"- ","- ",,,"SANTA BARBARA","SANTA MARIA",-120.46440404000001,34.938740500000002
7048973,2015,2015-09-15,4204,2015-08-15,1735,90343,,6,5,5,4204,0,0,0,,0,,"GOLDEN DR","SUNSET AV",0.00,,Y,A,-,N,,,,,,,,,,N,3,0,2,2,A,-,01,23153,A,F,D,C,A,A,H,-,A,D,0,,,,,Y,Y,A,01,0,2,0,0,0,0,0,0,0,"- ","- ",,,"SANTA BARBARA","SANTA MARIA",-120.44710992,34.965510039999998
7049716,2015,2015-09-15,4203,2015-08-26,1205,6700,,3,5,5,4203,0,0,0,,0,,"CABRILLO BL","GARDEN ST",0.00,,Y,A,-,N,,,,,,,,,,N,4,0,1,2,D,-,00,,,N,B,C,A,A,D,-,A,A,0,,,,,Y,,-,"- ",0,0,1,0,0,0,0,0,0,"- ","- ",34.414239999999999,-119.68696,"SANTA BARBARA","SANTA BARBARA",-119.68682996,34.414280089999998
7049717,2015,2015-09-15,4203,2015-08-27,1020,6700,45,4,5,5,4203,0,0,0,,0,003,"SANTA BARBARA ST","VICTORIA ST",0.00,,Y,A,-,N,,,,,,,,,,N,2,0,1,2,A,-,12,21453,A,N,D,C,A,A,H,-,A,A,0,,,,,Y,,A,01,1,0,0,0,0,0,0,0,0,"- ","- ",34.426409999999997,-119.70343,"SANTA BARBARA","SANTA BARBARA",-119.70346986,34.426440040000003
7049718,2015,2015-09-15,4203,2015-08-28,0810,2661,42,5,5,5,4203,0,0,0,,0,003,"ARRELLAGA ST","STATE ST",0.00,,Y,A,-,N,,,,,,,,,,N,3,0,1,2,A,-,10,21950,A,N,G,B,B,A,H,-,A,A,0,Y,,,,Y,,A,08,0,1,0,0,1,0,0,0,0,"- ","- ",,,"SANTA BARBARA","SANTA BARBARA",-119.70958994,34.427100039999999
7049719,2015,2015-09-15,4203,2015-08-31,0757,6700,30,1,5,5,4203,0,0,0,,0,004,"CHAPALA ST","COTA ST",0.00,,Y,A,-,N,,,,,,,,,,N,2,0,1,2,A,-,09,21801,A,N,D,C,A,A,H,-,A,A,0,,,Y,,Y,,A,07,1,0,0,0,0,0,0,0,1,"- ","- ",34.416670000000003,-119.69786999999999,"SANTA BARBARA","SANTA BARBARA",-119.69794999,34.416660020000002
7049720,2015,2015-09-15,4203,2015-08-31,0908,6048,,1,5,5,4203,0,0,0,,0,005,"DE LA VINA ST","CONSTANCE AV",164.00,N,N,A,-,N,,,,,,,,,,Y,3,0,1,2,A,-,08,22107,,N,B,E,A,A,H,-,A,-,0,,,,,Y,,-,,0,1,0,0,0,0,0,0,0,"- ","- ",34.260669999999998,-119.43294,"SANTA BARBARA","SANTA BARBARA",-119.72459234,34.434978010000002
7053054,2015,2015-09-19,4203,2015-08-26,1445,2661,53,3,5,5,4203,0,0,0,,0,005,"LAS POSITAS RD","MCCAW AV",0.00,,Y,A,-,N,,,,,,,,,,Y,3,0,2,2,A,-,09,21802,A,N,D,C,A,A,H,-,A,A,0,,,,,Y,,A,01,0,1,1,0,0,0,0,0,0,"- ","- ",34.438299999999998,-119.73399999999999,"SANTA BARBARA","SANTA BARBARA",-119.73393987999999,34.438530030000003
7053062,2015,2015-09-19,4203,2015-08-30,1234,2189,,7,5,5,4203,0,0,0,,0,003,"SANTA BARBARA ST","PEDREGOSA ST",0.00,,Y,A,-,N,,,,,,,,,,Y,4,0,1,2,A,-,09,21802,A,N,-,C,A,A,H,-,A,D,0,,,,,Y,,A,01,0,0,1,0,0,0,0,0,0,"- ","- ",34.255560000000003,-119.42408,"SANTA BARBARA","SANTA BARBARA",-119.71114994,34.432060030000002
7053448,2015,2015-09-19,4200,2015-07-29,1441,3683,14,3,5,4,4214,0,0,0,,0,060,"STORKE RD","MARKETPLACE DR",87.00,S,N,A,-,N,,,,,,,,,,N,4,0,1,2,A,-,03,22350,,N,C,C,A,A,H,-,A,A,0,,,,,Y,,A,07,0,0,1,0,0,0,0,0,0,"- ","- ",,,"SANTA BARBARA",GOLETA,-119.86977204,34.428421190000002
7053452,2015,2015-09-21,4200,2015-08-26,1635,3116,14,3,5,4,4214,0,0,0,,0,060,"HOLLISTER AV","KINMAN AV",143.00,W,N,A,-,N,,,,,,,,,,Y,3,0,2,2,A,-,09,21804,A,N,D,C,A,A,H,-,A,A,0,,,,,Y,,A,01,0,1,1,0,0,0,0,0,0,"- ","- ",,,"SANTA BARBARA",GOLETA,-119.82278359999999,34.435624349999998
7053565,2015,2015-09-17,4200,2015-08-03,0718,3683,14,1,5,4,4214,0,0,0,,0,080,"GLENN ANNIE RD","HOLLISTER AV",0.00,,Y,A,-,N,,,,,,,,,,Y,4,0,1,2,A,-,09,21802,A,N,D,C,A,A,H,-,A,D,0,,,,,Y,,A,07,0,0,1,0,0,0,0,0,0,"- ","- ",,,"SANTA BARBARA",GOLETA,-119.87176986999999,34.430200030000002
7053573,2015,2015-09-17,4200,2015-08-27,1905,5652,14,4,5,4,4214,0,0,0,,0,080,"SANTA FELICIA DR","STROKE RD",0.00,,Y,A,-,N,,,,,,,,,,N,3,0,2,3,A,-,10,21950,A,N,G,B,B,A,H,-,A,A,0,Y,,,,Y,,A,01,0,1,1,0,2,0,0,0,0,"- ","- ",,,"SANTA BARBARA",GOLETA,-119.86969999,34.426690020000002
7053577,2015,2015-09-17,4200,2015-08-26,2007,3637,10,3,5,3,4205,0,0,0,,0,030,"VIA REAL","VALLECITO RD",0.00,,Y,A,-,N,,,,,,,,,,Y,2,0,3,2,A,-,01,23153,A,N,A,C,A,A,H,-,C,A,0,,,,,Y,Y,-,,2,1,0,0,0,0,0,0,0,"- ","- ",,,"SANTA BARBARA",CARPINTERIA,-119.51305986,34.399240040000002
7053581,2015,2015-09-17,4200,2015-08-03,1126,3683,14,1,5,4,4214,0,0,0,,0,080,"STROKE RD","HOLLISTER AV",25.00,N,N,A,-,N,,,,,,,,,,N,4,0,1,2,A,-,03,22350,,N,C,C,A,A,H,-,A,A,0,,,,,Y,,A,01,0,0,1,0,0,0,0,0,0,"- ","- ",,,"SANTA BARBARA",GOLETA,-119.86974026,34.430168170000002
7053679,2015,2015-09-19,4200,2015-09-03,1235,3116,14,4,5,4,4214,0,0,0,,0,050,"CALLE REAL","CARLO DR",27.00,W,N,A,-,N,,,,,,,,,,N,4,0,1,2,A,-,03,22350,,N,C,C,A,A,D,-,A,D,0,,,,,Y,,A,01,0,0,1,0,0,0,0,0,0,"- ","- ",,,"SANTA BARBARA",GOLETA,-119.83667895000001,34.439391909999998
7039487,2015,2015-09-10,9760,2015-08-05,1525,17314,,3,2,9,4200,0,3,5,,2,002,"MODOC RD","ENCORE DR",8.00,W,N,A,-,N,,,,,,,,,,N,3,0,1,1,A,-,03,22350,,N,E,I,A,A,H,-,A,D,0,,Y,,,Y,,L,04,0,1,0,0,0,0,1,0,0,"- ","- ",,,"SANTA BARBARA",UNINCORPORATED,-119.76647269999999,34.438131349999999
7041168,2015,2016-10-17,4200,2015-03-13,0750,3077,14,5,5,4,4214,0,0,0,,0,060,"FAIRVIEW AV","RT 101",0.00,,Y,A,-,Y,SB,5,101,-,-,22.290,R,4,N,N,3,0,2,3,D,-,00,,,N,H,G,A,A,H,-,A,A,0,,Y,,,Y,,-,"- ",0,2,0,0,0,0,2,0,0,"- ",SF,,,"SANTA BARBARA",GOLETA,-119.82819972999999,34.439959289999997
7041283,2015,2017-01-14,9755,2015-08-13,1120,015973,,4,1,9,4200,0,1,3,,1,051,"RT 246","MAIL RD",650.00,W,N,A,-,Y,SB,5,246,-,R,20.030,H,-,W,Y,3,0,1,2,A,-,03,22350,,N,C,C,A,A,H,-,A,D,0,,,,,Y,,A,01,0,1,0,0,0,0,0,0,0,"- ","- ",34.634639999999997,-120.29062999999999,"SANTA BARBARA",UNINCORPORATED,-120.29028205,34.634433629999997
7041336,2015,2016-12-22,9750,2015-08-15,1735,019417,,6,2,9,4200,0,1,3,,1,011,"RT 166","HANSON WY",2112.00,W,N,A,-,Y,SB,5,166,-,-,6.120,H,-,W,Y,4,0,1,1,A,-,01,23152,A,N,E,I,A,A,H,-,A,D,0,,,,,Y,Y,A,01,0,0,1,0,0,0,0,0,0,"- ","- ",34.954270000000001,-120.4678,"SANTA BARBARA",UNINCORPORATED,-120.46709927000001,34.953669939999997
7041340,2015,2017-01-14,4203,2015-08-21,1114,7568,,5,5,5,4203,0,0,0,,0,002,"CASTILLO ST","RT 101",42.00,N,N,A,-,Y,SB,5,225,-,R,4.630,H,-,W,N,3,0,1,1,A,-,01,21200,5,N,H,J,A,B,D,E,A,D,0,,Y,,,Y,Y,L,04,0,1,0,0,0,0,1,0,0,"- ",SF,34.411999999999999,-119.699,"SANTA BARBARA","SANTA BARBARA",-119.69899922,34.41203625
7041344,2015,2015-09-10,4203,2015-08-19,1256,2661,36,3,5,5,4203,0,0,0,,0,005,"LOS OLIVOS ST","CHAPALA ST",132.00,E,N,A,-,N,,,,,,,,,,N,2,0,1,1,A,-,03,22350,,N,F,A,A,A,H,-,A,D,0,,Y,,,Y,,L,04,1,0,0,0,0,0,1,0,0,"- ","- ",34.431899999999999,-119.718,"SANTA BARBARA","SANTA BARBARA",-119.71808459,34.431924639999998
7041510,2015,2017-01-17,4203,2015-08-22,0848,1584,24,6,5,5,4203,0,0,0,,0,006,"MISSION ST","RT 101",0.00,,Y,E,-,Y,SB,5,101,-,R,15.900,R,4,S,Y,3,0,1,1,C,-,18,,,N,F,A,A,A,H,-,A,A,0,,,,,Y,,-,"- ",0,1,0,0,0,0,0,0,0,"- ",SF,34.253010000000003,-119.43146,"SANTA BARBARA","SANTA BARBARA",-119.72295155,34.426058830000002
7042048,2015,2015-09-09,4203,2015-08-22,1847,3596,,6,5,5,4203,0,0,0,,0,001,"ALAMEDA PADRE SERRA","LOMA MEDIA RD",520.00,S,N,A,-,N,,,,,,,,,,Y,2,0,1,2,A,-,05,21460,A,N,B,C,A,A,H,-,A,D,0,,,Y,,Y,,C,02,1,0,0,0,0,0,0,0,1,"- ","- ",34.435099999999998,-119.685,"SANTA BARBARA","SANTA BARBARA",-119.68516026,34.435221409999997
7042053,2015,2017-01-28,4203,2015-08-21,1358,2661,56,5,5,5,4203,0,0,0,,0,005,"RT 154","CALLE REAL",43.00,S,N,A,-,Y,SB,5,154,-,R,32.240,H,-,W,N,4,0,1,2,A,-,03,22350,,N,C,C,A,A,H,-,A,A,0,,,,,Y,,A,01,0,0,1,0,0,0,0,0,0,"- ","- ",34.441499999999998,-119.75960000000001,"SANTA BARBARA","SANTA BARBARA",-119.7600085,34.441378630000003
7042072,2015,2015-09-17,4203,2015-08-20,1603,6700,44,4,5,5,4203,0,0,0,,0,003,"LAGUNA ST","DE LA GUERRA ST",96.00,N,N,A,-,N,,,,,,,,,,N,3,0,1,2,A,-,"- ",,,N,H,G,A,A,H,-,A,D,0,,Y,,,Y,,L,04,0,1,0,0,0,0,1,0,0,"- ","- ",34.424219999999998,-119.69517999999999,"SANTA BARBARA","SANTA BARBARA",-119.69502555,34.424037130000002
7042076,2015,2015-09-09,4203,2015-08-20,0841,7568,,4,5,5,4203,0,0,0,,0,005,"DE LA VINA ST","JUNIPERO ST",84.00,N,N,A,-,N,,,,,,,,,,N,4,0,1,3,A,-,21,22106,,N,E,E,A,A,H,-,A,D,0,,,,,Y,,-,,0,0,1,0,0,0,0,0,0,"- ","- ",34.4328,-119.7222,"SANTA BARBARA","SANTA BARBARA",-119.72211082,34.432777919999999
7054600,2015,2017-01-28,9760,2015-08-16,1330,19831,,7,1,9,4200,0,1,3,,1,022,"RT 154","CATHEDRAL OAKS RD",942.00,E,N,A,-,Y,SB,5,154,-,R,31.750,H,-,E,Y,4,0,3,3,A,-,03,22350,,N,C,C,A,A,H,-,A,D,1,,,,,Y,,A,01,0,0,3,0,0,0,0,0,0,"- ","- ",,,"SANTA BARBARA",UNINCORPORATED,-119.76038889,34.448828200000001
7056841,2015,2015-10-08,4203,2015-09-16,1336,2602,4203,3,5,5,4203,0,0,0,,0,008,"HOLLISTER AV","LA PATERA",0.00,,Y,A,-,N,,,,,,,,,,N,3,0,1,2,A,-,12,21453,A,N,D,C,A,A,H,-,A,A,0,,,,,Y,,-,,0,1,0,0,0,0,0,0,0,"- ","- ",34.43,-119.84,"SANTA BARBARA","SANTA BARBARA",-119.84134988,34.432870110000003
7056843,2015,2015-10-08,4203,2015-09-10,0753,2602,,4,5,5,4203,0,0,0,,0,004,"W MISSION ST","BATH ST",48.00,W,N,A,-,N,,,,,,,,,,Y,4,0,1,3,A,-,03,22350,,N,C,C,A,A,H,-,A,A,0,,,,,Y,,-,,0,0,1,0,0,0,0,0,0,"- ","- ",34.25,-119.43000000000001,"SANTA BARBARA","SANTA BARBARA",-119.71806601,34.427511750000001
7056844,2015,2016-06-14,4203,2015-09-16,1716,2112,,3,5,5,4203,0,0,0,,0,005,"STATE ST","LA CUMBRE RD",295.00,W,N,A,-,N,,,,,,,,,,N,4,0,3,3,A,-,03,22350,,N,C,C,A,A,H,-,A,D,0,,,,,Y,,-,,0,0,3,0,0,0,0,0,0,"- ","- ",34.264499999999998,-119.45081,"SANTA BARBARA","SANTA BARBARA",-119.75202698,34.440475650000003
7057021,2015,2015-10-19,4203,2015-09-17,1627,1497,4203,4,5,5,4203,0,0,0,,0,005,"LAS POSITAS RD","TALLANT RD",0.00,,Y,A,-,N,,,,,,,,,,Y,3,0,3,3,A,-,03,22350,,N,C,C,A,A,H,-,A,D,0,,,,,Y,,-,,0,2,1,0,0,0,0,0,0,"- ","- ",34.255000000000003,-119.43025,"SANTA BARBARA","SANTA BARBARA",-119.73361987,34.431200080000004
7057022,2015,2015-10-19,4203,2015-09-17,2236,6967,,4,5,5,4203,0,0,0,,0,004,"STATE ST","GUTIERREZ ST",150.00,N,N,A,-,N,,,,,,,,,,N,2,0,1,2,A,-,11,21955,,F,D,B,-,A,H,-,D,A,0,Y,,,,Y,Y,N,60,1,0,0,0,1,0,0,0,0,"- ","- ",34.255200000000002,-119.43259999999999,"SANTA BARBARA","SANTA BARBARA",-119.69459934,34.416136059999999
7057024,2015,2015-10-19,4203,2015-09-16,1613,7083,4203,3,5,5,4203,0,0,0,,0,001,"N MILPAS ST","MASON ST",108.00,S,N,A,-,N,,,,,,,,,,N,3,0,1,2,D,-,00,,,N,C,G,A,A,H,-,A,D,0,,Y,,,Y,,-,"- ",0,1,0,0,0,0,1,0,0,"- ","- ",,,"SANTA BARBARA","SANTA BARBARA",-119.67990162,34.422363869999998
7057571,2015,2015-11-25,4203,2015-10-27,0845,2661,36,2,5,5,4203,0,0,0,,0,004,"MISSION ST","DE LA VINA ST",0.00,,Y,A,-,N,,,,,,,,,,Y,4,0,1,2,A,-,09,21801,A,N,A,C,A,A,H,-,A,A,0,,,,,Y,,A,01,0,0,1,0,0,0,0,0,0,"- ","- ",34.428699999999999,-119.7166,"SANTA BARBARA","SANTA BARBARA",-119.71695988,34.428730020000003
7057784,2015,2017-01-09,4203,2015-05-07,1930,17140,,4,5,5,4203,0,0,0,,0,022,"RT 154","RT 101",0.00,,Y,B,-,Y,SB,5,154,-,R,0.024,R,3,E,N,4,0,1,2,A,-,07,21658,A,N,B,C,A,A,H,-,A,A,0,,,,,Y,,A,07,0,0,1,0,0,0,0,0,0,"- ",SO,34.440809999999999,-119.76168,"SANTA BARBARA","SANTA BARBARA",-120.15807613,34.687938600000003
7057905,2015,2015-11-20,4204,2015-11-08,1205,90373,33,7,5,5,4204,0,0,0,,0,002,MAIN,DEPOT,0.00,,Y,A,-,N,,,166,,,,,,,N,4,0,1,2,A,-,03,22350,,N,C,C,A,A,H,-,A,A,0,,,,,Y,,A,01,0,0,1,0,0,0,0,0,0,"- ","- ",34.953409999999998,-120.44398,"SANTA BARBARA","SANTA MARIA",-120.44398205,34.953287160000002