CASE_ID,ACCIDENT_YEAR,PROC_DATE,JURIS,COLLISION_DATE,COLLISION_TIME,OFFICER_ID,REPORTING_DISTRICT,DAY_OF_WEEK,CHP_SHIFT,POPULATION,CNTY_CITY_LOC,SPECIAL_COND,BEAT_TYPE,CHP_BEAT_TYPE,CITY_DIVISION_LAPD,CHP_BEAT_CLASS,BEAT_NUMBER,PRIMARY_RD,SECONDARY_RD,DISTANCE,DIRECTION,INTERSECTION,WEATHER_1,WEATHER_2,STATE_HWY_IND,CALTRANS_COUNTY,CALTRANS_DISTRICT,STATE_ROUTE,ROUTE_SUFFIX,POSTMILE_PREFIX,POSTMILE,LOCATION_TYPE,RAMP_INTERSECTION,SIDE_OF_HWY,TOW_AWAY,COLLISION_SEVERITY,NUMBER_KILLED,NUMBER_INJURED,PARTY_COUNT,PRIMARY_COLL_FACTOR,PCF_CODE_OF_VIOL,PCF_VIOL_CATEGORY,PCF_VIOLATION,PCF_VIOL_SUBSECTION,HIT_AND_RUN,TYPE_OF_COLLISION,MVIW,PED_ACTION,ROAD_SURFACE,ROAD_COND_1,ROAD_COND_2,LIGHTING,CONTROL_DEVICE,CHP_ROAD_TYPE,PEDESTRIAN_ACCIDENT,BICYCLE_ACCIDENT,MOTORCYCLE_ACCIDENT,TRUCK_ACCIDENT,NOT_PRIVATE_PROPERTY,ALCOHOL_INVOLVED,STWD_VEHTYPE_AT_FAULT,CHP_VEHTYPE_AT_FAULT,COUNT_SEVERE_INJ,COUNT_VISIBLE_INJ,COUNT_COMPLAINT_PAIN,COUNT_PED_KILLED,COUNT_PED_INJURED,COUNT_BICYCLIST_KILLED,COUNT_BICYCLIST_INJURED,COUNT_MC_KILLED,COUNT_MC_INJURED,PRIMARY_RAMP,SECONDARY_RAMP,LATITUDE,LONGITUDE,COUNTY,CITY,POINT_X,POINT_Y
7057906,2015,2015-11-20,4204,2015-11-09,1436,90415,17,1,5,5,4204,0,0,0,,0,001,"COLLEGE DR","DONOVAN RD",0.00,,Y,B,-,N,,,,,,,,,,Y,4,0,1,3,A,-,03,22350,,N,C,-,A,B,H,-,A,A,0,,,,,Y,,A,01,0,0,1,0,0,0,0,0,0,"- ","- ",34.967509999999997,-120.42543999999999,"SANTA BARBARA","SANTA MARIA",-120.42564985999999,34.967670069999997
7042080,2015,2015-09-09,4203,2015-08-23,0859,2720,,7,5,5,4203,0,0,0,,0,,"CHANNEL DR","MONTE CRISTO DR",201.00,E,N,A,-,N,,,,,,,,,,N,3,0,1,1,A,-,03,22350,,N,E,G,A,A,H,-,A,D,0,,Y,,,Y,,L,04,0,1,0,0,0,0,1,0,0,"- ","- ",34.420560000000002,-119.65285,"SANTA BARBARA","SANTA BARBARA",-119.65282000000001,34.42013
7043348,2015,2015-09-17,4203,2015-08-17,1405,7507,,1,5,5,4203,0,0,0,,0,005,"LAS POSITAS RD","MCCAW AV",0.00,,Y,A,-,N,,,,,,,,,,Y,3,0,1,3,A,-,09,21801,A,N,D,C,A,A,H,-,A,D,0,,,,,Y,,-,,0,1,0,0,0,0,0,0,0,"- ","- ",34.261839999999999,-119.44029999999999,"SANTA BARBARA","SANTA BARBARA",-119.73393987999999,34.438530030000003
7043484,2015,2015-12-28,4203,2015-08-14,1128,2661,23,5,5,5,4203,0,0,0,,0,006,"ROBBINS ST","VALERIO ST",308.00,N,N,A,-,N,,,,,,,,,,Y,3,0,1,2,A,-,08,22107,,N,A,E,A,A,H,-,A,D,0,,,,,Y,,A,07,0,1,0,0,0,0,0,0,0,"- ","- ",34.417900000000003,-119.7226,"SANTA BARBARA","SANTA BARBARA",-119.72261811,34.417936760000003
7043759,2015,2015-09-10,4203,2015-08-15,1253,6970,,6,5,5,4203,0,0,0,,0,004,"HALEY ST","CHAPALA ST",0.00,,Y,A,-,N,,,,,,,,,,N,4,0,1,2,A,-,10,21950,A,N,G,B,B,A,H,-,A,A,0,Y,,,,Y,,-,,0,0,1,0,1,0,0,0,0,"- ","- ",34.245660000000001,-119.41479,"SANTA BARBARA","SANTA BARBARA",-119.69664985999999,34.415750099999997
7043763,2015,2015-09-11,4203,2015-08-14,1601,2661,32,5,5,5,4203,0,0,0,,0,004,"DE LA VINA ST","FIGUEROA ST",0.00,,Y,A,-,N,,,,,,,,,,Y,4,0,2,2,A,-,03,22350,,N,A,C,A,A,H,-,A,D,0,,,,,Y,,A,01,0,0,2,0,0,0,0,0,0,"- ","- ",,,"SANTA BARBARA","SANTA BARBARA",-119.70544991,34.420300089999998
7043894,2015,2015-09-04,4203,2015-08-14,2054,6983,,5,5,5,4203,0,0,0,,0,004,"DE LA VINA ST","MISSION ST",234.00,S,N,A,-,N,,,,,,,,,,Y,3,0,1,1,C,-,18,,,N,F,I,A,A,H,-,C,A,0,,Y,,,Y,,-,"- ",0,1,0,0,0,0,1,0,0,"- ","- ",34.256740000000001,-119.42959999999999,"SANTA BARBARA","SANTA BARBARA",-119.71640264,34.428284480000002
7044002,2015,2017-01-14,4204,2015-08-26,1314,18261,33,3,5,5,4204,0,0,0,,0,002,MAIN,LINCOLN,0.00,,Y,A,-,Y,SB,5,166,-,-,7.800,I,5,E,N,4,0,1,2,A,-,05,21202,A,N,D,G,A,A,H,-,A,A,0,,Y,,,Y,,L,04,0,0,1,0,0,0,1,0,0,"- ","- ",,,"SANTA BARBARA","SANTA MARIA",-120.43714457999999,34.953081109999999
7044069,2015,2015-10-01,4204,2015-08-22,1333,90456,83,6,5,5,4204,0,0,0,,0,003,"BRADLEY RD","IRIS LN",0.00,,Y,A,-,N,,,,,,,,,,Y,4,0,4,5,A,-,09,21802,A,N,B,C,A,A,H,-,A,D,0,,,,,Y,,D,22,0,0,4,0,0,0,0,0,0,"- ","- ",,,"SANTA BARBARA","SANTA MARIA",-120.42164990000001,34.918980060000003
7059193,2015,2015-10-08,4203,2015-09-26,0026,7570,27,6,5,5,4203,0,0,0,,0,006,"CAMPANIL DR","SEA RANCH DR",280.00,E,N,A,-,N,,,,,,,,,,N,3,0,1,2,D,-,00,,,N,G,B,E,A,H,-,C,D,0,Y,,,,Y,,-,"- ",0,1,0,0,1,0,0,0,0,"- ","- ",34.4148,-119.7525,"SANTA BARBARA","SANTA BARBARA",-119.75279949,34.414904640000003
7059200,2015,2015-10-07,4203,2015-09-27,2054,5086,,7,5,5,4203,0,0,0,,0,002,"CABRILLO BL","CALLE CESAR CHAVEZ",0.00,,Y,A,-,N,,,,,,,,,,Y,4,0,1,2,A,-,00,24750,,N,D,C,A,A,H,-,C,A,0,,,,,Y,,-,,0,0,1,0,0,0,0,0,0,"- ","- ",,,"SANTA BARBARA","SANTA BARBARA",-119.68035992999999,34.415380089999999
7059502,2015,2015-10-08,4203,2015-09-28,0755,6700,32,1,5,5,4203,0,0,0,,0,004,"DE LA VINA ST","FIGUEROA ST",182.00,S,N,B,F,N,,,,,,,,,,N,4,0,1,2,A,-,08,22100,B,N,D,C,A,A,H,-,A,D,0,,,Y,,Y,,A,01,0,0,1,0,0,0,0,0,1,"- ","- ",34.419930000000001,-119.70492,"SANTA BARBARA","SANTA BARBARA",-119.70499276,34.41997422
7057940,2015,2017-01-28,4204,2015-11-07,1650,90341,82,6,5,5,4204,0,0,0,,0,003,"BETTERAVIA RD",BROADWAY,0.00,,Y,A,-,Y,SB,5,135,-,-,13.540,I,5,S,N,4,0,1,2,A,-,03,22350,,N,D,C,A,A,H,-,A,A,0,,,,,Y,,A,01,0,0,1,0,0,0,0,0,0,"- ","- ",34.92089,-120.43613000000001,"SANTA BARBARA","SANTA MARIA",-120.43612017,34.920818019999999
7058182,2015,2017-01-28,4204,2015-11-09,1548,90364,51,1,5,5,4204,0,0,0,,0,B02,BROADWAY,BOONE,0.00,,Y,B,C,Y,SB,5,135,-,-,15.360,H,-,N,Y,4,0,2,2,A,-,03,22350,,N,B,C,A,B,H,-,A,A,0,,,,,Y,,A,01,0,0,2,0,0,0,0,0,0,"- ","- ",34.947189999999999,-120.43616,"SANTA BARBARA","SANTA MARIA",-120.43590062,34.94714682
7058183,2015,2015-11-20,4204,2015-11-04,1617,90373,59,3,5,5,4204,0,0,0,,0,002,"STOWELL RD","BRADLEY RD",318.00,W,N,A,-,N,,,,,,,,,,N,4,0,1,2,A,-,09,21801,A,F,B,D,A,A,H,-,B,D,0,,,,,Y,,-,,0,0,1,0,0,0,0,0,0,"- ","- ",34.938299999999998,-120.41945,"SANTA BARBARA","SANTA MARIA",-120.42048058,34.93835
7058184,2015,2015-11-23,4204,2015-11-01,1359,90373,33,7,5,5,4204,0,0,0,,0,002,MAIN,THORNBURG,0.00,,Y,A,-,N,,,166,,,,,,,Y,4,0,1,2,A,-,09,21802,A,N,B,C,A,A,H,-,A,A,0,,,,,Y,,A,01,0,0,1,0,0,0,0,0,0,"- ","- ",34.95326,-120.44034000000001,"SANTA BARBARA","SANTA MARIA",-120.44034007,34.95323965
7071320,2015,2015-09-28,4203,2015-09-14,1524,5726,,1,5,5,4203,0,0,0,,0,,"S CANADA ST","PITOS ST",129.00,N,N,B,-,N,,,,,,,,,,N,4,0,1,4,A,-,09,21804,A,N,D,C,A,A,H,-,A,D,0,,,,,Y,,-,,0,0,1,0,0,0,0,0,0,"- ","- ",,,"SANTA BARBARA","SANTA BARBARA",-119.66837764,34.421396970000004
7071324,2015,2015-09-28,4203,2015-09-14,1244,4937,,1,5,5,4203,0,0,0,,0,004,"MISSION ST","DE LA VINA ST",0.00,,Y,B,-,N,,,,,,,,,,N,3,0,1,2,A,-,08,22107,,N,B,G,A,A,H,-,A,A,0,,Y,,,Y,,-,,0,1,0,0,0,0,1,0,0,"- ","- ",,,"SANTA BARBARA","SANTA BARBARA",-119.71695988,34.428730020000003
7071328,2015,2015-09-28,4203,2015-09-14,0906,4937,,1,5,5,4203,0,0,0,,0,001,"MILPAS ST","GUTIERREZ ST",0.00,,Y,A,-,N,,,,,,,,,,N,3,0,1,2,A,-,12,21453,A,N,D,C,A,A,H,-,A,A,0,,,,,Y,,-,,0,1,0,0,0,0,0,0,0,"- ","- ",,,"SANTA BARBARA","SANTA BARBARA",-119.68405991,34.425390020000002
7071384,2015,2015-09-24,4203,2015-09-10,1944,5751,,4,5,5,4203,0,0,0,,0,001,"N MILPAS ST","E COTA ST",0.00,,Y,A,-,N,,,,,,,,,,Y,3,0,1,2,A,-,10,21950,A,N,G,B,B,A,H,-,C,A,0,Y,,,,Y,,D,22,0,1,0,0,1,0,0,0,0,"- ","- ",,,"SANTA BARBARA","SANTA BARBARA",-119.68660989,34.427250069999999
7071671,2015,2016-01-08,4203,2015-08-20,2144,7083,4203,4,5,5,4203,0,0,0,,0,004,"STATE ST","CANON PERDIDO ST",176.00,S,N,A,-,N,,,,,,,,,,N,4,0,1,2,A,-,03,22350,,N,C,G,A,A,H,-,C,D,0,,Y,,,Y,,L,04,0,0,1,0,0,0,1,0,0,"- ","- ",34.251199999999997,-119.42,"SANTA BARBARA","SANTA BARBARA",-119.7001583,34.420204499999997
7072556,2015,2015-09-17,4200,2015-08-06,1906,4836,14,4,5,4,4214,0,0,0,,0,080,"ENTRANCE RD","HOLLISTER AV",4.00,S,N,B,-,N,,,,,,,,,,N,4,0,1,2,A,-,11,21950,B,N,G,B,B,A,H,-,A,A,0,Y,,,,Y,,N,60,0,0,1,0,1,0,0,0,0,"- ","- ",,,"SANTA BARBARA",GOLETA,-119.88613022,34.429849019999999
7072557,2015,2015-09-17,4200,2015-08-14,1032,3116,14,5,5,4,4214,0,0,0,,0,050,"CATHEDRAL OAKS RD","LOS CARNEROS RD",0.00,,Y,A,-,N,,,,,,,,,,Y,2,0,1,2,A,-,09,21801,A,N,D,C,A,A,H,-,A,A,0,,,Y,,Y,,A,01,1,0,0,0,0,0,0,0,1,"- ","- ",,,"SANTA BARBARA",GOLETA,-119.85542999,34.445959999999999
7059503,2015,2015-10-08,4203,2015-09-24,0756,2661,62,4,5,5,4203,0,0,0,,0,001,"COTA ST","ALISOS ST",0.00,,Y,A,-,N,,,,,,,,,,N,3,0,1,2,A,-,12,22450,A,N,H,G,A,A,H,-,A,A,0,,Y,,,Y,,L,04,0,1,0,0,0,0,1,0,0,"- ","- ",34.428100000000001,-119.68559999999999,"SANTA BARBARA","SANTA BARBARA",-119.68547992000001,34.428340009999999
7059504,2015,2015-10-08,4203,2015-09-24,1900,7187,,4,5,5,4203,0,0,0,,0,003,"HALEY ST","OLIVE ST",93.00,E,N,A,-,N,,,,,,,,,,N,3,0,1,2,A,-,07,21658,A,N,B,C,A,A,H,-,B,D,0,,,,,Y,,-,,0,1,0,0,0,0,0,0,0,"- ","- ",34.252049999999997,-119.41226,"SANTA BARBARA","SANTA BARBARA",-119.68962573,34.42233117
7059727,2015,2015-10-27,4203,2015-10-14,0911,6048,,3,5,5,4203,0,0,0,,0,005,"LA COLINA RD","LA CUMBRE RD",0.00,,Y,B,-,N,,,,,,,,,,N,3,0,1,2,A,-,08,22100,A,N,B,C,A,A,H,-,A,D,0,,,,,Y,,-,,0,1,0,0,0,0,0,0,0,"- ","- ",,,"SANTA BARBARA","SANTA BARBARA",-119.75109988,34.444230009999998
7059922,2015,2015-10-07,4200,2015-09-07,1637,4222,11,1,5,2,4212,0,0,0,,0,,"CENTRAL AV","OAKSIDE LN",5.00,N,N,A,-,N,,,,,,,,,,N,3,0,1,2,A,-,09,21804,A,N,D,C,A,A,H,-,A,D,0,,,,,Y,,A,01,0,1,0,0,0,0,0,0,0,"- ","- ",,,"SANTA BARBARA",BUELLTON,-120.19094389,34.619552769999999
7060848,2015,2015-10-10,4200,2015-07-27,1815,4881,14,1,5,4,4214,0,0,0,,0,050,"CALLE REAL","LA PATERA",0.00,,Y,A,-,N,,,,,,,,,,N,3,0,1,2,A,-,04,21703,,N,H,G,A,A,H,-,A,A,0,,Y,,,Y,,A,01,0,1,0,0,0,0,1,0,0,"- ","- ",,,"SANTA BARBARA",GOLETA,-119.84280991,34.438780100000002
7061893,2015,2015-10-29,4203,2015-10-16,1633,5751,,5,5,5,4203,0,0,0,,0,002,"E CABRILLO ST","NINOS DR",1615.00,E,N,A,-,N,,,,,,,,,,Y,4,0,2,1,A,-,03,22350,,N,A,I,A,A,H,-,-,D,0,,,,,Y,,-,,0,0,2,0,0,0,0,0,0,"- ","- ",34.418599999999998,-119.6623,"SANTA BARBARA","SANTA BARBARA",-119.66246839,34.418579860000001
7061900,2015,2015-10-27,4203,2015-10-18,0120,6693,17,7,5,5,4203,0,0,0,,0,006,"CLIFF DR","TERRACE RD",4.00,E,N,A,-,N,,,,,,,,,,Y,2,0,3,2,A,-,01,23153,,N,C,E,A,A,H,-,C,D,0,,,,,Y,Y,A,01,1,0,2,0,0,0,0,0,0,"- ","- ",34.253100000000003,-119.42019999999999,"SANTA BARBARA","SANTA BARBARA",-119.71150704999999,34.401522309999997
7063477,2015,2017-02-03,4202,2015-10-07,0804,292,,3,5,4,4202,0,0,0,,0,,"RT 1","BRISA DEL MAR",0.00,,Y,A,-,Y,SB,5,1,-,-,23.110,H,-,N,Y,4,0,2,3,A,-,07,21658,A,N,D,C,A,A,H,-,A,A,0,,,,,Y,,A,01,0,0,2,0,0,0,0,0,0,"- ","- ",,,"SANTA BARBARA",LOMPOC,-120.45674893,34.675845819999999
7063479,2015,2017-01-28,4202,2015-10-21,1611,32957,4202,3,5,4,4202,0,0,0,,0,,"RT 1","PINE AV",403.00,S,N,A,-,Y,SB,5,1,-,-,21.260,H,-,N,N,4,0,1,2,A,-,03,22350,,N,C,C,A,A,H,-,A,A,0,,,,,Y,,A,01,0,0,1,0,0,0,0,0,0,"- ","- ",,,"SANTA BARBARA",LOMPOC,-120.45773199,34.649066060000003
7063480,2015,2017-02-03,4202,2015-10-09,1317," 32957",4202,5,5,4,4202,0,0,0,,0,,"RT 1","COLLEGE AV",254.00,N,N,A,-,Y,SB,5,1,-,-,21.170,H,-,N,N,4,0,1,2,A,-,05,21650,,N,D,G,A,-,H,-,A,D,0,,Y,,,Y,,L,04,0,0,1,0,0,0,1,0,0,"- ","- ",,,"SANTA BARBARA",LOMPOC,-120.45774848000001,34.647757009999999
7064266,2015,2015-11-06,4204,2015-10-01,0555,21458,72,4,5,5,4204,0,0,0,,0,003,"CARMEN LN","BLOSSER RD",0.00,,Y,B,-,N,,,,,,,,,,N,4,0,1,2,A,-,09,21801,A,N,D,C,A,A,H,-,B,A,0,,,,,Y,,A,07,0,0,1,0,0,0,0,0,0,"- ","- ",34.92427,-120.4538,"SANTA BARBARA","SANTA MARIA",-120.45401995,34.924240040000001
7074743,2015,2015-09-26,4200,2015-07-11,0215,3077,14,6,5,4,4214,0,0,0,,0,080,"EVERGREEN DR","PARK CIR",80.00,S,N,A,-,N,,,,,,,,,,Y,2,0,2,3,A,-,01,23152,A,N,C,E,A,A,H,-,C,D,0,,,,,Y,Y,A,01,1,1,0,0,0,0,0,0,0,"- ","- ",,,"SANTA BARBARA",GOLETA,-119.88877379,34.438529459999998
7077307,2015,2015-10-10,4203,2015-08-31,1100,2661,24,1,5,5,4203,0,0,0,,0,006,"MODOC RD","LAS POSITAS RD",0.00,,Y,A,-,N,,,,,,,,,,N,4,0,1,2,A,-,03,22350,,N,C,C,A,A,H,-,A,A,0,,,,Y,Y,,F,26,0,0,1,0,0,0,0,0,0,"- ","- ",34.425600000000003,-119.7346,"SANTA BARBARA","SANTA BARBARA",-119.73479994,34.426110020000003
7079495,2015,2015-10-20,4204,2015-09-08,1653,20497,065,2,5,5,4204,0,0,0,,0,003,"BLOSSER RD","LA BREA AV",20.00,S,N,A,-,N,,,,,,,,,,Y,4,0,1,2,A,-,03,22350,,N,C,C,A,A,H,-,A,A,0,,,,,Y,,A,01,0,0,1,0,0,0,0,0,0,"- ","- ",,,"SANTA BARBARA","SANTA MARIA",-120.45394057999999,34.935145069999997
7079499,2015,2017-01-14,4204,2015-09-18,1825,90239,4204,5,5,5,4204,0,0,0,,0,002,MAIN,"BLOSSER RD",0.00,,Y,A,-,Y,SB,5,166,-,-,6.880,H,-,W,Y,4,0,1,2,A,-,03,22350,,N,C,C,A,A,H,-,A,A,0,,,,,Y,,A,01,0,0,1,0,0,0,0,0,0,"- ","- ",34.953209999999999,-120.45367,"SANTA BARBARA","SANTA MARIA",-120.45369906000001,34.953366799999998
7079503,2015,2015-10-17,4204,2015-09-17,0749,90456,26,4,5,5,4204,0,0,0,,0,001,FESLER,CURRYER,0.00,,Y,A,-,N,,,,,,,,,,N,3,0,1,2,A,-,10,21950,A,N,G,B,B,A,H,-,A,D,0,Y,,,,Y,,A,01,0,1,0,0,1,0,0,0,0,"- ","- ",34.956629999999997,-120.44132999999999,"SANTA BARBARA","SANTA MARIA",-120.44139991,34.956510100000003
7079520,2015,2017-01-17,4204,2015-08-26,1547,23656,81,3,5,5,4204,0,0,0,,0,003,BROADWAY,"WESTERN VILLAGE DR",0.00,,Y,A,-,Y,SB,5,135,-,-,13.710,H,-,S,Y,4,0,2,2,A,-,03,22350,,N,C,C,A,A,H,-,A,A,0,,,,,Y,,A,01,0,0,2,0,0,0,0,0,0,"- ","- ",34.923490000000001,-120.43608999999999,"SANTA BARBARA","SANTA MARIA",-120.43614821,34.923335539999997
7079611,2015,2015-10-19,4204,2015-09-10,1900,90242,18,4,5,5,4204,0,0,0,,0,001,"BRADLEY RD","HARPER CT",145.00,E,N,A,-,N,,,,,,,,,,N,2,0,1,2,A,-,03,22350,,F,G,B,F,A,H,-,A,D,0,Y,,,,Y,,D,22,1,0,0,0,1,0,0,0,0,"- ","- ",34.960039999999999,-120.42336,"SANTA BARBARA","SANTA MARIA",-120.42304679,34.966210279999999
7079639,2015,2015-10-17,4204,2015-09-04,1618,18261,03,5,5,5,4204,0,0,0,,0,001,"BLOSSER RD",TAYLOR,0.00,,Y,A,-,N,,,,,,,,,,Y,4,0,2,2,A,-,09,21802,A,N,D,C,A,A,H,-,A,A,0,,,,,Y,,A,07,0,0,2,0,0,0,0,0,0,"- ","- ",34.975110000000001,-120.45355000000001,"SANTA BARBARA","SANTA MARIA",-120.45347988,34.975140019999998
7079651,2015,2015-10-20,4204,2015-08-26,0615,90375,64,3,5,5,4204,0,0,0,,0,003,"BATTLES RD","A ST",60.00,E,N,A,-,N,,,,,,,,,,N,4,0,1,2,A,-,03,22350,,F,C,C,A,A,H,-,A,A,0,,,,,Y,,A,01,0,0,1,0,0,0,0,0,0,"- ","- ",,,"SANTA BARBARA","SANTA MARIA",-120.46352109,34.931738080000002
7079670,2015,2015-10-17,4204,2015-09-16,0813,90338,4204,3,5,5,4204,0,0,0,,0,003,"UNION VALLEY PKWY","CALIFORNIA BL",0.00,,Y,A,-,N,,,,,,,,,,Y,4,0,2,2,A,-,09,21802,A,N,D,C,A,A,H,-,A,A,0,,,,,Y,,A,07,0,0,2,0,0,0,0,0,0,"- ","- ",34.879899999999999,-120.44568,"SANTA BARBARA","SANTA MARIA",-120.44567993,34.879840010000002
7086414,2015,2015-10-17,4203,2015-09-17,1431,2661,16,4,5,5,4203,0,0,0,,0,004,"CARRILLO ST","VISTA DEL PUEBLO",0.00,,Y,A,-,N,,,,,,,,,,Y,4,0,3,2,A,-,09,21801,A,N,D,C,A,A,H,-,A,A,0,,,,,Y,,A,07,0,0,3,0,0,0,0,0,0,"- ","- ",34.410899999999998,-119.7154,"SANTA BARBARA","SANTA BARBARA",-119.71539988000001,34.411070000000002
7087611,2015,2015-10-15,4202,2015-08-26,1847,239,LOMPO,3,5,4,4202,0,0,0,,0,009,"APRICOT AV","DAHLIA CT",157.00,E,N,A,-,N,,,,,,,,,,N,2,0,1,2,A,-,05,21202,A,N,H,G,A,A,H,-,A,D,0,,Y,,,Y,,L,04,1,0,0,0,0,0,1,0,0,"- ","- ",,,"SANTA BARBARA",LOMPOC,-120.46792619999999,34.640080879999999
7087615,2015,2015-10-20,4202,2015-09-17,1238,292,,4,5,4,4202,0,0,0,,0,,"D ST","LAUREL AV",0.00,,Y,A,-,N,,,,,,,,,,Y,4,0,1,2,A,-,09,21802,A,N,D,C,A,A,H,-,A,A,0,,,,,Y,,D,22,0,0,1,0,0,0,0,0,0,"- ","- ",,,"SANTA BARBARA",LOMPOC,-120.45272987,34.644160069999998
7087727,2015,2015-10-08,4200,2015-09-03,2119,4576,14,4,5,4,4214,0,0,0,,0,060,"HOLLISTER AV","FAIRVIEW AV",0.00,,Y,A,-,N,,,,,,,,,,Y,4,0,1,2,A,-,08,22107,,N,A,C,A,A,H,-,A,A,0,,,,,Y,,A,01,0,0,1,0,0,0,0,0,0,"- ","- ",,,"SANTA BARBARA",GOLETA,-119.83064996,34.436110079999999
7088754,2015,2015-10-13,4200,2015-10-01,1517,2880,,4,5,3,4205,0,0,0,,0,030,"CARPINTERIA AV","PALM AV",0.00,,Y,A,-,N,,,,,,,,,,N,3,0,1,2,A,-,09,21804,A,N,D,G,A,A,H,-,A,D,0,,Y,,,Y,,L,04,0,1,0,0,0,0,1,0,0,"- ","- ",,,"SANTA BARBARA",CARPINTERIA,-119.51564992,34.396630070000001
7089008,2015,2017-01-28,4203,2015-10-02,1945,6983,,5,5,5,4203,0,0,0,,0,005,"RT 192","ALAMAR AV",231.00,W,N,A,-,Y,SB,5,192,-,-,2.390,H,-,W,Y,3,0,3,1,A,-,01,23152,A,N,F,J,A,A,H,-,B,A,0,,,,,Y,Y,-,,0,3,0,0,0,0,0,0,0,"- ","- ",,,"SANTA BARBARA","SANTA BARBARA",-119.72532631999999,34.446985840000004
7090104,2015,2017-01-14,4202,2015-09-09,1430,32104,LOMPO,3,5,4,4202,0,0,0,,0,011,"RT 1","MAPLE AV",168.00,N,N,A,-,Y,SB,5,1,-,-,21.000,H,-,N,N,4,0,3,5,A,-,03,22350,,N,C,C,A,A,H,-,A,A,0,,,,,Y,,A,01,0,0,3,0,0,0,0,0,0,"- ","- ",,,"SANTA BARBARA",LOMPOC,-120.45777468999999,34.645750530000001
7090161,2015,2017-01-14,4202,2015-09-24,1429,277,,4,5,4,4202,0,0,0,,0,,"RT 1","CENTRAL AV",50.00,N,N,A,-,Y,SB,5,1,-,-,22.080,H,-,S,N,4,0,1,2,A,-,03,22350,,N,C,C,A,A,H,-,A,A,0,,,,,Y,,A,01,0,0,1,0,0,0,0,0,0,"- ","- ",,,"SANTA BARBARA",LOMPOC,-120.45777199,34.660980760000001
7091403,2015,2015-10-21,4203,2015-09-28,1659,6377,,1,5,5,4203,0,0,0,,0,006,"CACIQUE ST","N ALISOS ST",43.00,S,N,A,-,N,,,,,,,,,,N,4,0,1,2,A,-,17,22517,,N,-,E,A,A,H,-,A,A,0,,,,,Y,,-,,0,0,1,0,0,0,0,0,0,"- ","- ",34.2515,-119.40300000000001,"SANTA BARBARA","SANTA BARBARA",-119.67530046,34.420696290000002
7091583,2015,2015-10-22,4204,2015-09-29,1534,90277,80,2,5,5,4204,0,0,0,,0,003,"BETTERAVIA RD",DEPOT,700.00,W,N,A,-,N,,,,,,,,,,N,4,0,1,2,A,-,10,21952,,N,G,B,F,A,H,-,A,D,0,Y,,,,Y,,D,22,0,0,1,0,1,0,0,0,0,"- ","- ",34.920639999999999,-120.44369,"SANTA BARBARA","SANTA MARIA",-120.4458028,34.920495510000002
7092124,2015,2015-10-17,4204,2015-09-20,0859,90415,13,7,5,5,4204,0,0,0,,0,001,"ALVIN AV","BLOSSER RD",0.00,,Y,A,-,N,,,,,,,,,,Y,4,0,2,2,A,-,12,21453,A,N,C,A,A,A,A,H,A,D,0,,,,,Y,,D,22,0,0,2,0,0,0,0,0,0,"- ","- ",34.960619999999999,-120.45350999999999,"SANTA BARBARA","SANTA MARIA",-120.45351986999999,34.960590029999999
7092192,2015,2015-10-16,4204,2015-09-16,1844,90241,59,3,5,5,4204,0,0,0,,0,002,"SIERRA MADRE AV","CONCEPCION AV",0.00,,Y,A,-,N,,,,,,,,,,N,4,0,1,2,A,-,10,21950,A,N,G,B,D,A,H,-,A,A,0,Y,,,,Y,,A,01,0,0,1,0,1,0,0,0,0,"- ","- ",34.940240000000003,-120.42258,"SANTA BARBARA","SANTA MARIA",-120.42258993999999,34.940210090000001
7065227,2015,2015-09-16,9760,2015-07-21,1020,019819,,2,1,9,4200,0,2,4,,1,021,"HOLLISTER AV","TURNPIKE RD",316.00,W,N,A,-,N,,,,,,,,,,N,4,0,1,2,A,-,08,22107,,N,H,G,A,A,H,-,A,D,0,,Y,,,Y,,A,01,0,0,1,0,0,0,1,0,0,"- ","- ",34.436599999999999,-119.79058999999999,"SANTA BARBARA",UNINCORPORATED,-119.79046931000001,34.436440939999997
7066423,2015,2015-09-28,4200,2015-09-08,1355,3934,11,2,5,2,4206,0,0,0,,0,,"N ALAMO PINTADO","MISSION DR",66.00,N,N,A,-,N,,,,,,,,,,Y,3,0,1,2,A,-,08,22107,,N,B,C,A,A,H,-,A,A,0,,,,,Y,,-,,0,1,0,0,0,0,0,0,0,"- ","- ",,,"SANTA BARBARA",SOLVANG,-120.12859597000001,34.599741229999999
7066569,2015,2015-09-21,4202,2015-09-02,1608,277,,3,5,4,4202,0,0,0,,0,,"V ST","PINE AV",0.00,,Y,A,-,N,,,,,,,,,,Y,4,0,2,2,A,-,09,21802,A,N,D,C,A,A,H,-,A,D,0,,,,,Y,,A,01,0,0,2,0,0,0,0,0,0,"- ","- ",,,"SANTA BARBARA",LOMPOC,-120.47536995999999,34.65036001