CASE_ID,ACCIDENT_YEAR,PROC_DATE,JURIS,COLLISION_DATE,COLLISION_TIME,OFFICER_ID,REPORTING_DISTRICT,DAY_OF_WEEK,CHP_SHIFT,POPULATION,CNTY_CITY_LOC,SPECIAL_COND,BEAT_TYPE,CHP_BEAT_TYPE,CITY_DIVISION_LAPD,CHP_BEAT_CLASS,BEAT_NUMBER,PRIMARY_RD,SECONDARY_RD,DISTANCE,DIRECTION,INTERSECTION,WEATHER_1,WEATHER_2,STATE_HWY_IND,CALTRANS_COUNTY,CALTRANS_DISTRICT,STATE_ROUTE,ROUTE_SUFFIX,POSTMILE_PREFIX,POSTMILE,LOCATION_TYPE,RAMP_INTERSECTION,SIDE_OF_HWY,TOW_AWAY,COLLISION_SEVERITY,NUMBER_KILLED,NUMBER_INJURED,PARTY_COUNT,PRIMARY_COLL_FACTOR,PCF_CODE_OF_VIOL,PCF_VIOL_CATEGORY,PCF_VIOLATION,PCF_VIOL_SUBSECTION,HIT_AND_RUN,TYPE_OF_COLLISION,MVIW,PED_ACTION,ROAD_SURFACE,ROAD_COND_1,ROAD_COND_2,LIGHTING,CONTROL_DEVICE,CHP_ROAD_TYPE,PEDESTRIAN_ACCIDENT,BICYCLE_ACCIDENT,MOTORCYCLE_ACCIDENT,TRUCK_ACCIDENT,NOT_PRIVATE_PROPERTY,ALCOHOL_INVOLVED,STWD_VEHTYPE_AT_FAULT,CHP_VEHTYPE_AT_FAULT,COUNT_SEVERE_INJ,COUNT_VISIBLE_INJ,COUNT_COMPLAINT_PAIN,COUNT_PED_KILLED,COUNT_PED_INJURED,COUNT_BICYCLIST_KILLED,COUNT_BICYCLIST_INJURED,COUNT_MC_KILLED,COUNT_MC_INJURED,PRIMARY_RAMP,SECONDARY_RAMP,LATITUDE,LONGITUDE,COUNTY,CITY,POINT_X,POINT_Y
7066882,2015,2015-09-18,4203,2015-08-23,0200,7775,,7,5,5,4203,0,0,0,,0,001,"SYCAMORE CANYON RD","RANCHITO VISTA",1000.00,S,N,A,-,N,,,,,,,,,,Y,3,0,1,1,A,-,03,22350,,N,E,I,A,A,H,-,D,D,0,,,,,Y,,A,01,0,1,0,0,0,0,0,0,0,"- ","- ",34.261899999999997,-119.40349999999999,"SANTA BARBARA","SANTA BARBARA",-119.6760508,34.438879200000002
7067129,2015,2015-09-22,4203,2015-09-07,2344,7774,,1,5,5,4203,0,0,0,,0,005,"TREASURE DR","TALLANT RD",300.00,W,N,A,-,N,,,,,,,,,,Y,3,0,1,1,A,-,08,22107,,N,E,I,A,A,H,-,C,D,0,,,,,Y,,-,,0,1,0,0,0,0,0,0,0,"- ","- ",,,"SANTA BARBARA","SANTA BARBARA",-119.73196,34.431170000000002
7067130,2015,2015-09-22,4203,2015-09-08,1946,2736,,2,5,5,4203,0,0,0,,0,002,"COAST VILLAGE RD","COAST VILLAGE CIR",171.00,W,N,A,-,N,,,,,,,,,,N,3,0,1,2,A,-,14,21201,D,N,D,G,A,A,H,-,C,D,0,,Y,,,Y,,L,04,0,1,0,0,0,0,1,0,0,"- ","- ",,,"SANTA BARBARA","SANTA BARBARA",-119.65435417,34.423053449999998
7067131,2015,2016-06-14,4203,2015-09-09,0956,7587,,3,5,5,4203,0,0,0,,0,005,"FOOTHILL RD","CIENEGUITAS RD",0.00,,Y,A,-,N,,,,,,,,,,N,3,0,1,2,A,-,12,21453,A,N,-,G,A,A,H,-,A,A,0,,Y,,,Y,Y,L,04,0,1,0,0,0,0,1,0,0,"- ","- ",,,"SANTA BARBARA","SANTA BARBARA",-119.75980998999999,34.451470100000002
7067481,2015,2015-09-22,4203,2015-09-05,1912,6110,,6,5,5,4203,0,0,0,,0,003,"COTA ST","STATE ST",24.00,E,N,A,-,N,,,,,,,,,,N,3,0,1,1,C,-,18,,,N,H,A,A,A,H,-,B,A,0,,,Y,,Y,,-,"- ",0,1,0,0,0,0,0,0,1,"- ","- ",34.417859999999997,-119.69669,"SANTA BARBARA","SANTA BARBARA",-119.69678999999999,34.417729999999999
7067529,2015,2015-09-24,4203,2015-09-14,1722,6967,,1,5,5,4203,0,0,0,,0,00S,"BATH ST","W PUEBLO ST",91.00,S,N,A,-,N,,,,,,,,,,N,3,0,1,1,A,-,01,21200,5,N,F,-,A,A,H,-,A,D,0,,Y,,,Y,Y,L,04,0,1,0,0,0,0,1,0,0,"- ","- ",,,"SANTA BARBARA","SANTA BARBARA",-119.72173299000001,34.430365539999997
7067718,2015,2017-01-14,4203,2015-09-14,0732,6700,23,1,5,5,4203,0,0,0,,0,006,"MISSION ST","RT 101",60.00,W,N,B,-,Y,SB,5,101,-,R,15.640,R,4,S,N,4,0,1,2,A,-,03,22350,,N,C,C,A,A,H,-,A,A,0,,,,,Y,,A,01,0,0,1,0,0,0,0,0,0,"- ",SO,34.424930000000003,-119.7208,"SANTA BARBARA","SANTA BARBARA",-119.71896595,34.42443205
7067719,2015,2015-09-22,4203,2015-09-10,1316,6700,43,4,5,5,4203,0,0,0,,0,003,"LAGUNA ST","HALEY ST",35.00,S,N,A,-,N,,,,,,,,,,N,4,0,1,2,A,-,03,22350,,N,C,C,A,A,H,-,A,A,0,,,,,Y,,A,07,0,0,1,0,0,0,0,0,0,"- ","- ",34.420969999999997,-119.69083999999999,"SANTA BARBARA","SANTA BARBARA",-119.6909124,34.420997030000002
7092196,2015,2017-01-17,4204,2015-09-29,1009,22104,83,2,5,5,4204,0,0,0,,0,003,BROADWAY,"MCCOY LN",0.00,,Y,A,-,Y,SB,5,135,-,-,13.250,H,-,N,Y,4,0,1,2,A,-,21,22106,,N,C,C,A,A,H,-,A,A,0,,,,,Y,,A,08,0,0,1,0,0,0,0,0,0,"- ","- ",34.916670000000003,-120.43615,"SANTA BARBARA","SANTA MARIA",-120.43591171,34.91652698
7092212,2015,2015-10-16,4204,2015-09-20,1333,90342,51,7,5,5,4204,0,0,0,,0,002,COOK,PINE,0.00,,Y,A,-,N,,,,,,,,,,N,4,0,1,2,A,-,03,22350,,N,C,C,A,A,H,-,A,A,0,,,,,Y,,A,01,0,0,1,0,0,0,0,0,0,"- ","- ",34.94997,-120.43903,"SANTA BARBARA","SANTA MARIA",-120.43893998999999,34.949840100000003
7092482,2015,2015-10-21,4203,2015-10-08,1807,6377,,4,5,5,4203,0,0,0,,0,006,"CLIFF DR","MEIGS RD",250.00,W,N,A,-,N,,,225,,,,,,,Y,3,0,1,2,A,-,09,21804,A,N,-,C,A,A,H,-,A,A,0,,,,,Y,,-,,0,1,0,0,0,0,0,0,0,"- ","- ",34.401499999999999,-119.72199999999999,"SANTA BARBARA","SANTA BARBARA",-119.72199411,34.40152801
7092486,2015,2015-10-21,4203,2015-10-04,1333,2264,,7,5,5,4203,0,0,0,,0,003,"ANACAPA ST","DE LA GUERRA ST",120.00,S,N,C,-,N,,,,,,,,,,Y,4,0,2,2,A,-,09,21804,A,N,D,C,A,B,H,-,A,D,0,,,,,Y,,-,,0,0,2,0,0,0,0,0,0,"- ","- ",34.251420000000003,-119.41526,"SANTA BARBARA","SANTA BARBARA",-119.69802275000001,34.420621189999999
7092490,2015,2015-10-21,4203,2015-10-06,0830,6700,41,2,5,5,4203,0,0,0,,0,004,"STATE ST","CARRILLO ST",0.00,,Y,A,-,N,,,,,,,,,,N,4,0,1,2,A,-,09,21801,A,N,H,G,A,A,H,-,A,A,0,,Y,,,Y,,A,01,0,0,1,0,0,0,1,0,0,"- ","- ",34.421480000000003,-119.70196,"SANTA BARBARA","SANTA BARBARA",-119.70191989,34.421490069999997
7092494,2015,2017-02-03,4203,2015-10-05,2248,6377,,1,5,5,4203,0,0,0,,0,004,"MISSION ST","RT 101",6.00,W,N,A,-,Y,SB,5,101,-,R,15.860,R,4,S,Y,4,0,1,2,D,-,00,,,F,A,C,A,A,H,-,C,A,0,,,,,Y,,-,"- ",0,0,1,0,0,0,0,0,0,"- ",NO,34.424999999999997,-119.72069999999999,"SANTA BARBARA","SANTA BARBARA",-119.72227911,34.425911630000002
7092518,2015,2015-10-21,4203,2015-10-10,1211,7568,,6,5,5,4203,0,0,0,,0,003,"MICHELTORENA ST","ANACAPA ST",0.00,,Y,A,-,N,,,,,,,,,,Y,4,0,1,2,A,-,12,21453,A,N,D,C,A,A,H,-,A,A,0,,,,,Y,,-,,0,0,1,0,0,0,0,0,0,"- ","- ",34.427199999999999,-119.7071,"SANTA BARBARA","SANTA BARBARA",-119.70713991,34.427270010000001
7093312,2015,2015-10-27,4203,2015-10-11,1529,6968,11,7,5,5,4203,0,0,0,,0,002,"EAST CABRILLO BL","NINOS DR",1016.00,E,N,A,-,N,,,,,,,,,,Y,3,0,3,2,A,-,03,22350,,N,C,C,A,A,H,-,A,D,0,,,,,Y,,-,,0,1,2,0,0,0,0,0,0,"- ","- ",34.25121,-119.39375,"SANTA BARBARA","SANTA BARBARA",-119.6641461,34.417863449999999
7093316,2015,2015-11-06,4203,2015-10-11,0949,22854,,7,5,5,4203,0,0,0,,0,001,"E GUTIERREZ ST","N VOLUNTARIO ST",75.00,W,N,A,-,N,,,,,,,,,,Y,3,0,1,2,A,-,17,22517,,N,B,E,A,A,H,-,A,D,0,,,,,Y,,-,,0,1,0,0,0,0,0,0,0,"- ","- ",34.253839999999997,-119.40555000000001,"SANTA BARBARA","SANTA BARBARA",-119.68196641999999,34.427327069999997
7093332,2015,2015-10-27,4203,2015-10-08,0940,2661,15,4,5,5,4203,0,0,0,,0,006,"CLIFF DR","LOMA ALTA DR",0.00,,Y,A,-,N,,,,,,,,,,N,2,0,1,2,D,-,00,,,F,G,B,E,A,H,-,A,A,0,Y,,,,Y,Y,-,"- ",1,0,0,0,1,0,0,0,0,"- ","- ",,,"SANTA BARBARA","SANTA BARBARA",-119.7015299,34.406520049999997
7093344,2015,2016-08-10,4203,2015-10-12,2014,6968,13,1,5,5,4203,0,0,0,,0,002,"CASTILLO ST","W MONTECITO ST",48.00,N,N,A,-,N,,,,,,,,,,Y,4,0,2,3,A,-,03,22350,,N,C,C,A,A,H,-,C,A,0,,,,,Y,,-,,0,0,2,0,0,0,0,0,0,"- ","- ",34.243899999999996,-119.41515,"SANTA BARBARA","SANTA BARBARA",-119.69761013,34.410766350000003
7067720,2015,2015-09-22,4203,2015-09-12,2244,6378,,6,5,5,4203,0,0,0,,0,002,"S MILPAS ST","CACIQUE ST",200.00,S,N,A,-,N,,,,,,,,,,N,3,0,1,1,D,-,00,,,N,F,-,A,A,H,-,C,A,0,,Y,,,Y,,-,"- ",0,1,0,0,0,0,1,0,0,"- ","- ",39.159599999999998,-119.40324,"SANTA BARBARA","SANTA BARBARA",-119.67586249999999,34.41939833
7068330,2015,2015-09-23,4200,2015-09-08,1608,3116,14,2,5,4,4214,0,0,0,,0,060,"HOLLISTER AV","RUTHERFORD ST",113.00,E,N,A,-,N,,,,,,,,,,N,4,0,1,2,A,-,17,22517,,N,D,G,A,A,H,-,A,D,0,,Y,,,Y,,A,07,0,0,1,0,0,0,1,0,0,"- ","- ",,,"SANTA BARBARA",GOLETA,-119.82486695999999,34.435732700000003
7068357,2015,2015-09-23,4203,2015-09-12,2235,5086,,6,5,5,4203,0,0,0,,0,002,"RANCHERIA ST","GUTIERREZ ST",78.00,N,N,A,-,N,,,,,,,,,,N,3,0,2,4,D,-,00,,,F,C,G,A,A,H,-,C,D,0,,Y,,,Y,Y,-,"- ",0,1,1,0,0,0,2,0,0,"- ","- ",34.410800000000002,-119.7002,"SANTA BARBARA","SANTA BARBARA",-119.70001109,34.410724160000001
7068358,2015,2015-09-23,4203,2015-09-11,1959,6110,,5,5,5,4203,0,0,0,,0,006,"SAN ANDRES ST","VALERIO ST",0.00,,Y,A,-,N,,,,,,,,,,N,4,0,1,2,A,-,10,21950,,N,G,B,B,A,H,-,E,A,0,Y,,,,Y,Y,-,,0,0,1,0,1,0,0,0,0,"- ","- ",34.420720000000003,-119.7188,"SANTA BARBARA","SANTA BARBARA",-119.71872990999999,34.420630090000003
7068359,2015,2015-09-23,4203,2015-09-16,1615,3626,4203,3,5,5,4203,0,0,0,,0,002,"CABRILLO BL","STATE ST",0.00,,Y,A,-,N,,,,,,,,,,Y,4,0,2,2,A,-,12,21453,A,N,D,C,A,A,D,-,A,A,0,,,,,Y,,-,,0,0,2,0,0,0,0,0,0,"- ","- ",34.244300000000003,-119.4121,"SANTA BARBARA","SANTA BARBARA",-119.6891899,34.41218009
7069109,2015,2015-09-26,4200,2015-07-29,0710,3683,14,3,5,4,4214,0,0,0,,0,080,"ELLWOOD STATION RD","CALLE REAL",9.00,N,N,A,-,N,,,,,,,,,,N,4,0,1,2,A,-,10,21950,A,F,G,B,B,A,H,-,A,D,0,Y,,,,Y,,A,01,0,0,1,0,1,0,0,0,0,"- ","- ",,,"SANTA BARBARA",GOLETA,-119.88515927,34.432734709999998
7069565,2015,2015-10-03,4203,2015-09-16,0738,6700,19,3,5,5,4203,0,0,0,,0,006,"CLIFF DR","COOPER RD",0.00,,Y,B,-,N,,,225,,,,,,,N,4,0,1,2,A,-,09,21802,A,N,D,C,A,B,H,-,A,A,0,,,Y,,Y,,A,01,0,0,1,0,0,0,0,0,1,"- ","- ",34.40334,-119.7294,"SANTA BARBARA","SANTA BARBARA",-119.72939278,34.403366769999998
7069566,2015,2015-10-03,4203,2015-09-20,1830,7570,36,7,5,5,4203,0,0,0,,0,005,"BATH ST","W PUEBLO ST",132.00,S,N,A,-,N,,,,,,,,,,N,4,0,1,2,A,-,08,22107,,N,F,A,A,A,H,-,A,D,0,,,Y,,Y,,-,,0,0,1,0,0,0,0,0,1,"- ","- ",34.430399999999999,-119.7217,"SANTA BARBARA","SANTA BARBARA",-119.72163071,34.430291439999998
7069567,2015,2015-10-03,4203,2015-09-14,0829,6700,65,1,5,5,4203,0,0,0,,0,001,"GUTIERREZ ST","ALAMEDA PADRE SERRA",125.00,W,N,B,-,N,,,,,,,,,,N,4,0,1,2,D,-,00,,,N,G,B,E,A,H,-,A,D,0,Y,,,,Y,,-,"- ",0,0,1,0,1,0,0,0,0,"- ","- ",34.43045,-119.67873,"SANTA BARBARA","SANTA BARBARA",-119.6787557,34.430396719999997
7069568,2015,2015-10-03,4203,2015-09-21,1157,6700,60,1,5,5,4203,0,0,0,,0,001,"QUARANTINA ST","MONTECITO ST",0.00,,Y,B,F,N,,,,,,,,,,N,2,0,1,2,A,-,09,21802,A,N,H,G,A,A,H,-,A,A,0,,Y,,,Y,,-,"- ",1,0,0,0,0,0,1,0,0,"- ","- ",34.422370000000001,-119.68504,"SANTA BARBARA","SANTA BARBARA",-119.68502997,34.422340050000003
7070383,2015,2017-01-17,4204,2015-09-03,1153,90242,27,4,5,5,4204,0,0,0,,0,001,BROADWAY,TUNNELL,0.00,,Y,A,-,Y,SB,5,135,-,-,16.070,H,-,N,N,4,0,1,2,A,-,08,22107,,N,B,C,A,A,H,-,A,D,0,,,,,Y,,D,22,0,0,1,0,0,0,0,0,0,"- ","- ",,,"SANTA BARBARA","SANTA MARIA",-120.43576994,34.957368219999999
7093468,2015,2015-10-29,4203,2015-10-15,1901,7187,,4,5,5,4203,0,0,0,,0,005,"STATE ST","VERDE VISTA ST",240.00,E,N,A,-,N,,,,,,,,,,N,4,0,1,2,A,-,11,21954,A,N,D,B,D,A,H,-,D,D,0,Y,,,,Y,,N,60,0,0,1,0,1,0,0,0,0,"- ","- ",34.439680000000003,-119.72620999999999,"SANTA BARBARA","SANTA BARBARA",-119.72696999999999,34.440420000000003
7093484,2015,2015-10-29,4203,2015-10-16,1908,6983,,5,5,5,4203,0,0,0,,0,003,"MICHELTORENA ST","GARDEN ST",0.00,,Y,A,-,N,,,,,,,,,,N,3,0,1,2,A,-,10,21950,A,N,G,B,B,A,H,-,C,A,0,Y,,,,Y,,-,,0,1,0,0,1,0,0,0,0,"- ","- ",34.2545,-119.4217,"SANTA BARBARA","SANTA BARBARA",-119.70488989,34.429350040000003
7093488,2015,2015-10-29,4203,2015-10-16,1737,6110,,5,5,5,4203,0,0,0,,0,004,"W ORTEGA ST","BRADBURY AV",0.00,,Y,A,-,N,,,,,,,,,,N,3,0,1,2,A,-,11,21950,B,N,G,B,D,A,H,-,B,D,0,Y,,,,Y,,N,60,0,1,0,0,1,0,0,0,0,"- ","- ",34.250100000000003,-119.41589999999999,"SANTA BARBARA","SANTA BARBARA",-119.69970997,34.417110039999997
7093492,2015,2015-11-02,4203,2015-10-17,2100,7775,,6,5,5,4203,0,0,0,,0,006,"LAS POSITAS RD","MODOC RD",0.00,,Y,A,-,N,,,,,,,,,,Y,4,0,2,2,A,-,12,21453,A,N,A,C,A,A,H,-,C,A,0,,,,,Y,,A,01,0,0,2,0,0,0,0,0,0,"- ","- ",34.253509999999999,-119.44067,"SANTA BARBARA","SANTA BARBARA",-119.73479994,34.426110020000003
7093496,2015,2015-10-29,4203,2015-10-20,1650,6377,1,2,5,5,4203,0,0,0,,0,001,"ALAMEDA PADRE SERRA","DOVER RD",0.00,,Y,A,-,N,,,,,,,,,,Y,3,0,1,2,A,-,08,22103,,N,-,C,A,A,H,-,A,A,0,,,,,Y,,A,01,0,1,0,0,0,0,0,0,0,"- ","- ",34.4373,-119.694,"SANTA BARBARA","SANTA BARBARA",-119.69406995,34.437370090000002
7093500,2015,2015-10-29,4203,2015-10-13,1350,2661,35,2,5,5,4203,0,0,0,,0,004,"DE LA VINA ST","MISSION ST",0.00,,Y,A,-,N,,,,,,,,,,Y,4,0,1,2,A,-,12,21453,A,N,D,C,A,A,H,-,A,A,0,,,,,Y,,A,01,0,0,1,0,0,0,0,0,0,"- ","- ",34.4283,-119.7171,"SANTA BARBARA","SANTA BARBARA",-119.71695988,34.428730020000003
7093536,2015,2015-11-02,4200,2015-10-15,0909,3116,14,4,5,4,4214,0,0,0,,0,050,"CATHEDRAL OAKS RD","FAIRVIEW AV",0.00,,Y,B,-,N,,,,,,,,,,N,4,0,1,2,A,-,12,21453,A,N,D,C,A,A,H,-,A,A,0,,Y,,,Y,,L,04,0,0,1,0,0,0,1,0,0,"- ","- ",,,"SANTA BARBARA",GOLETA,-119.83070993,34.451380059999998
7093973,2015,2015-10-24,4203,2015-10-04,1934,2736,,7,5,5,4203,0,0,0,,0,005,"CALLE REAL","WYE RD",474.00,E,N,A,-,N,,,,,,,,,,,4,0,1,1,A,-,05,21650,,N,E,I,A,B,H,-,C,D,0,,,,,Y,,-,,0,0,1,0,0,0,0,0,0,"- ","- ",34.262749999999997,-119.45205,"SANTA BARBARA","SANTA BARBARA",-119.75518175000001,34.440878769999998
7093976,2015,2016-08-23,4203,2015-10-03,0818,22854,,6,5,5,4203,0,0,0,,0,005,"FOOTHILL RD","N ONTARE RD",0.00,,Y,A,-,N,,,,,,,,,,Y,4,0,2,2,A,-,12,21453,A,N,-,C,A,A,H,-,A,A,0,,,,,Y,,-,,0,0,2,0,0,0,0,0,0,"- ","- ",34.270189999999999,-119.44165,"SANTA BARBARA","SANTA BARBARA",-119.73794995999999,34.450510049999998
7093996,2015,2015-10-24,4203,2015-10-05,0807,6700,36,1,5,5,4203,0,0,0,,0,005,"DE LA VINA ST","ALAMAR AV",0.00,,Y,A,-,N,,,,,,,,,,N,4,0,2,2,A,-,09,21801,A,N,D,C,A,A,H,-,A,A,0,,,,,Y,,A,01,0,0,2,0,0,0,0,0,0,"- ","- ",34.435490000000001,-119.72508000000001,"SANTA BARBARA","SANTA BARBARA",-119.72511987,34.435440079999999
7094561,2015,2015-10-10,4203,2015-09-15,2125,6972,,2,5,5,4203,0,0,0,,0,006,"OCEANO AV","DEL SOL AV",0.00,,Y,C,-,N,,,,,,,,,,N,4,0,1,2,A,-,11,21954,,N,G,B,E,B,H,-,C,D,0,Y,,,,Y,,N,60,0,0,1,0,1,0,0,0,0,"- ","- ",34.241239999999998,-119.42152,"SANTA BARBARA","SANTA BARBARA",-119.70423998,34.403450040000003
7094565,2015,2015-10-10,4203,2015-09-23,1739,5726,SANTA,3,5,5,4203,0,0,0,,0,001,"QUARANTINA ST","COTA ST",122.00,S,N,A,-,N,,,,,,,,,,N,4,0,1,2,D,-,00,,,N,G,B,A,A,H,-,A,D,0,,Y,,,Y,,-,"- ",0,0,1,0,0,0,0,0,0,"- ","- ",34.252980000000001,-119.41188,"SANTA BARBARA","SANTA BARBARA",-119.68856747,34.424947830000001
7094569,2015,2017-01-14,4203,2015-09-27,0058,6967,,7,5,5,4203,0,0,0,,0,006,"W CARRILLO ST","RT 101",95.00,W,N,A,-,Y,SB,5,101,-,R,14.920,R,4,S,Y,3,0,1,1,A,-,03,22350,,N,E,I,A,A,H,-,C,A,0,,,,,Y,,-,,0,1,0,0,0,0,0,0,0,"- ",NF,34.253100000000003,-119.4203,"SANTA BARBARA","SANTA BARBARA",-119.70951238000001,34.417590279999999
7094744,2015,2015-10-15,4203,2015-09-22,1252,6700,44,2,5,5,4203,0,0,0,,0,003,"CANON PERDIDO ST","STATE ST",46.00,E,N,B,F,N,,,,,,,,,,Y,3,0,1,2,A,-,09,21453,B,N,B,C,A,A,C,-,A,A,0,,,,,Y,,D,22,0,1,0,0,0,0,0,0,0,"- ","- ",34.420639999999999,-119.70044,"SANTA BARBARA","SANTA BARBARA",-119.70059999999999,34.420520000000003
7094748,2015,2015-10-15,4203,2015-09-08,1100,2661,32,2,5,5,4203,0,0,0,,0,004,"CARRILLO ST","BATH ST",0.00,,Y,A,-,N,,,,,,,,,,N,3,0,1,2,D,-,00,,,F,H,G,A,A,H,-,A,A,0,,Y,,Y,Y,,-,"- ",0,1,0,0,0,0,1,0,0,"- ","- ",34.418399999999998,-119.753,"SANTA BARBARA","SANTA BARBARA",-119.70524995,34.418320020000003
7094883,2015,2015-12-01,4200,2015-10-06,0927,3068,10,2,5,3,4205,0,0,0,,0,040,"HOLLY AV","5TH ST",125.00,N,N,A,-,N,,,,,,,,,,Y,3,0,1,2,A,-,08,22107,,N,C,E,A,A,H,-,A,D,0,,,,,Y,,-,,0,1,0,0,0,0,0,0,0,"- ","- ",,,"SANTA BARBARA",CARPINTERIA,-119.52401999999999,34.398220000000002
7094950,2015,2015-10-14,4200,2015-09-03,1724,4167,14,4,5,4,4214,0,0,0,,0,080,"ELLWOOD BEACH DR","STREHLE LN",943.00,N,N,A,-,N,,,,,,,,,,N,3,0,1,2,A,-,03,22350,,N,D,C,A,A,H,-,A,D,0,,,Y,,Y,,C,02,0,1,0,0,0,0,0,0,1,"- ","- ",,,"SANTA BARBARA",GOLETA,-119.88564700000001,34.427959469999998
7094962,2015,2015-10-13,4200,2015-09-15,2130,2880,10,2,5,3,4205,0,0,0,,0,040,"EL CARRO LN","STERLING AV",0.00,,Y,C,-,N,,,,,,,,,,N,4,0,1,2,A,-,09,21804,A,N,D,G,A,B,H,-,C,D,0,,Y,,,Y,,L,04,0,0,1,0,0,0,1,0,0,"- ","- ",,,"SANTA BARBARA",CARPINTERIA,-119.51866995,34.405600069999998
7095238,2015,2015-10-14,4200,2015-09-24,1338,4097,14,4,5,4,4214,0,0,0,,0,060,"STORKE RD","SANTA FELICIA",133.00,S,N,A,-,N,,,,,,,,,,N,4,0,1,2,A,-,05,21650,,N,D,G,A,A,H,-,A,D,0,,Y,,,Y,,L,04,0,0,1,0,0,0,1,0,0,"- ","- ",,,"SANTA BARBARA",GOLETA,-119.86969999999999,34.426324790000002
7095242,2015,2015-10-14,4200,2015-09-24,1253,3683,14,4,5,4,4214,0,0,0,,0,060,"KELLOGG AV","HOLLISTER AV",387.00,S,N,A,-,N,,,,,,,,,,Y,4,0,1,2,A,-,09,21804,A,N,D,C,A,A,H,-,A,D,0,,,,,Y,,A,07,0,0,1,0,0,0,0,0,0,"- ","- ",,,"SANTA BARBARA",GOLETA,-119.82055,34.435809999999996
7095246,2015,2015-10-14,4200,2015-09-29,1510,3116,14,2,5,4,4214,0,0,0,,0,050,"CALLE REAL","ENCINA LN",800.00,E,N,A,-,N,,,,,,,,,,Y,3,0,2,2,A,-,09,21802,A,N,D,C,A,A,H,-,A,A,0,,,,,Y,,A,01,0,1,1,0,0,0,0,0,0,"- ","- ",,,"SANTA BARBARA",GOLETA,-119.82508679999999,34.44130689
7095929,2015,2015-10-17,4203,2015-09-29,1942,5370,,2,5,5,4203,0,0,0,,0,003,"STATE ST",PEDREGOSA,0.00,,Y,A,-,N,,,,,,,,,,N,2,0,2,3,A,-,10,21950,A,N,G,B,B,A,H,-,C,A,0,Y,,,,Y,,A,01,2,0,0,0,2,0,0,0,0,"- ","- ",34.259399999999999,-119.4251,"SANTA BARBARA","SANTA BARBARA",-119.71342992,34.429920090000003
7070387,2015,2015-09-24,4204,2015-09-07,2003,90322,47,1,5,5,4204,0,0,0,,0,002,CHURCH,SCHOOL,0.00,,Y,A,-,N,,,,,,,,,,N,4,0,1,2,A,-,17,21200,A,N,D,G,A,A,H,-,C,A,0,,Y,,,Y,,L,04,0,0,1,0,0,0,1,0,0,"- ","- ",34.951949999999997,-120.43004999999999,"SANTA BARBARA","SANTA MARIA",-120.42996991,34.952030059999998
7070391,2015,2015-09-21,4204,2015-08-08,1438,23351,15,6,5,5,4204,0,0,0,,0,B01,"EVERGREEN AV",THORNBURG,45.00,E,N,A,-,N,,,,,,,,,,N,3,0,1,2,A,-,11,21956,,M,G,B,D,A,H,-,A,-,0,Y,,,,Y,,N,60,0,1,0,0,1,0,0,0,0,"- ","- ",,,"SANTA BARBARA","SANTA MARIA",-120.44016000000001,34.963070000000002
7070537,2015,2016-01-12,4203,2015-09-06,1625,7187,,7,5,5,4203,0,0,0,,0,002,"CABRILLO BL","STATE ST",0.00,,N,A,-,N,,,,,,,,,,Y,3,0,1,3,A,-,03,22350,,N,D,G,A,A,H,-,A,A,0,,Y,,,Y,,-,,0,1,0,0,0,0,1,0,0,"- ","- ",34.214329999999997,-119.41209000000001,"SANTA BARBARA","SANTA BARBARA",-119.6891899,34.41218009
7070541,2015,2015-09-22,4203,2015-09-06,1341,7568,,7,5,5,4203,0,0,0,,0,004,"HALEY ST","BATH ST",42.00,W,N,A,-,N,,,,,,,,,,Y,3,0,2,1,A,-,08,22107,,N,A,I,A,A,H,-,A,D,0,,,,,Y,,-,,0,2,0,0,0,0,0,0,0,"- ","- ",,,"SANTA BARBARA","SANTA BARBARA",-119.69901426,34.41352517
7070821,2015,2015-09-18,4203,2015-09-06,1443,6048,,7,5,5,4203,0,0,0,,0,005,"STATE ST","HOPE AV",0.00,,Y,A,-,N,,,,,,,,,,N,4,0,3,2,A,-,03,22350,,N,C,C,A,A,H,-,A,D,0,,,,,Y,,-,,0,0,3,0,0,0,0,0,0,"- ","- ",34.262549999999997,-119.44483,"SANTA BARBARA","SANTA BARBARA",-119.74671999,34.440480039999997
7070825,2015,2015-09-18,4203,2015-09-03,1730,5751,,4,5,5,4203,0,0,0,,0,003,"E CANON PERDIDO ST","GARDEN ST",0.00,,Y,A,-,N,,,,,,,,,,N,3,0,1,2,A,-,12,22450,A,N,D,G,A,A,H,-,A,A,0,,Y,,,Y,,L,04,0,1,0,0,0,0,1,0,0,"- ","- ",34.423659999999998,-119.69729,"SANTA BARBARA","SANTA BARBARA",-119.69717995000001,34.423720090000003