CASE_ID,ACCIDENT_YEAR,PROC_DATE,JURIS,COLLISION_DATE,COLLISION_TIME,OFFICER_ID,REPORTING_DISTRICT,DAY_OF_WEEK,CHP_SHIFT,POPULATION,CNTY_CITY_LOC,SPECIAL_COND,BEAT_TYPE,CHP_BEAT_TYPE,CITY_DIVISION_LAPD,CHP_BEAT_CLASS,BEAT_NUMBER,PRIMARY_RD,SECONDARY_RD,DISTANCE,DIRECTION,INTERSECTION,WEATHER_1,WEATHER_2,STATE_HWY_IND,CALTRANS_COUNTY,CALTRANS_DISTRICT,STATE_ROUTE,ROUTE_SUFFIX,POSTMILE_PREFIX,POSTMILE,LOCATION_TYPE,RAMP_INTERSECTION,SIDE_OF_HWY,TOW_AWAY,COLLISION_SEVERITY,NUMBER_KILLED,NUMBER_INJURED,PARTY_COUNT,PRIMARY_COLL_FACTOR,PCF_CODE_OF_VIOL,PCF_VIOL_CATEGORY,PCF_VIOLATION,PCF_VIOL_SUBSECTION,HIT_AND_RUN,TYPE_OF_COLLISION,MVIW,PED_ACTION,ROAD_SURFACE,ROAD_COND_1,ROAD_COND_2,LIGHTING,CONTROL_DEVICE,CHP_ROAD_TYPE,PEDESTRIAN_ACCIDENT,BICYCLE_ACCIDENT,MOTORCYCLE_ACCIDENT,TRUCK_ACCIDENT,NOT_PRIVATE_PROPERTY,ALCOHOL_INVOLVED,STWD_VEHTYPE_AT_FAULT,CHP_VEHTYPE_AT_FAULT,COUNT_SEVERE_INJ,COUNT_VISIBLE_INJ,COUNT_COMPLAINT_PAIN,COUNT_PED_KILLED,COUNT_PED_INJURED,COUNT_BICYCLIST_KILLED,COUNT_BICYCLIST_INJURED,COUNT_MC_KILLED,COUNT_MC_INJURED,PRIMARY_RAMP,SECONDARY_RAMP,LATITUDE,LONGITUDE,COUNTY,CITY,POINT_X,POINT_Y
7107589,2015,2017-01-14,9760,2015-08-20,1115,15669,,4,1,5,4203,0,1,2,,2,011,"RT 101","GARDEN ST",40.00,N,N,B,-,Y,SB,5,101,-,-,13.620,R,1,S,Y,4,0,2,3,A,-,03,22350,,N,C,C,A,A,H,-,A,A,1,,,,Y,Y,,F,24,0,0,2,0,0,0,0,0,0,"- ","- ",34.417830000000002,-119.68932,"SANTA BARBARA","SANTA BARBARA",-119.69113326999999,34.416863470000003
7109230,2015,2017-02-03,4202,2015-10-05,1331,292,,1,5,4,4202,0,0,0,,0,,"H ST","NORTH AV",713.00,N,N,A,-,Y,SB,5,1,-,-,21.700,H,-,S,N,4,0,1,2,A,-,09,21804,A,N,A,B,D,A,H,-,A,A,0,Y,,,,Y,,D,23,0,0,1,0,1,0,0,0,0,"- ","- ",,,"SANTA BARBARA",LOMPOC,-120.45772712,34.655460189999999
7109238,2015,2015-11-14,4204,2015-10-19,0559,90274,61,1,5,5,4204,0,0,0,,0,003,DEPOT,"STOWELL RD",1205.00,N,N,A,-,N,,,,,,,,,,Y,3,0,2,2,A,-,03,22350,,F,A,C,A,A,H,-,A,A,0,,,,,Y,,D,22,0,1,1,0,0,0,0,0,0,"- ","- ",34.938800000000001,-120.44458,"SANTA BARBARA","SANTA MARIA",-120.44436526,34.941903719999999
7109304,2015,2015-11-23,4204,2015-08-10,1259,22104,53,1,5,5,4204,0,0,0,,0,002,MILLER,BOONE,0.00,,Y,B,-,N,,,,,,,,,,Y,4,0,2,2,A,-,09,21453,C,N,A,C,A,A,H,-,A,A,0,,,,,Y,,A,01,0,0,2,0,0,0,0,0,0,"- ","- ",,,"SANTA BARBARA","SANTA MARIA",-120.43149991999999,34.946910080000002
7109308,2015,2017-01-28,4204,2015-11-05,1949,90341,16,4,5,5,4204,0,0,0,,0,001,DONOVAN,BROADWAY,0.00,,Y,A,-,Y,SB,5,135,-,-,16.770,I,6,N,Y,4,0,1,2,A,-,01,23152,A,N,C,C,A,A,H,-,C,A,0,,,,,Y,Y,B,01,0,0,1,0,0,0,0,0,0,"- ","- ",,,"SANTA BARBARA","SANTA MARIA",-120.43561164,34.967600990000001
7096309,2015,2015-10-19,4200,2015-09-29,0626,4255,6,2,5,2,4206,0,0,0,,0,,"MISSION DR","1ST ST",0.00,,Y,E,-,N,,,,,,,,,,N,3,0,1,2,A,-,11,21954,A,N,G,B,D,A,H,-,D,D,0,Y,,,,Y,,N,60,0,1,0,0,1,0,0,0,0,"- ","- ",,,"SANTA BARBARA",SOLVANG,-120.13930992,34.596030089999999
7096740,2015,2015-10-19,4204,2015-09-02,1720,90026,16,3,5,5,4204,0,0,0,,0,001,"ALVIN AV",MCCLELLAND,1.00,W,N,A,-,N,,,,,,,,,,Y,4,0,1,2,A,-,09,21802,A,M,D,C,A,A,H,-,A,A,0,,,,,Y,,A,01,0,0,1,0,0,0,0,0,0,"- ","- ",,,"SANTA BARBARA","SANTA MARIA",-120.43414334000001,34.960430029999998
7096744,2015,2015-10-19,4204,2015-09-04,1602,21338,076,5,5,5,4204,0,0,0,,0,003,"BETTERAVIA RD","BRADLEY RD",0.00,,Y,A,-,N,,,,,,,,,,N,4,0,2,2,A,-,07,21658,A,N,C,C,A,A,H,-,A,D,0,,,,,Y,,A,01,0,0,2,0,0,0,0,0,0,"- ","- ",34.923380000000002,-120.41987,"SANTA BARBARA","SANTA MARIA",-120.42206993000001,34.923740090000003
7096748,2015,2015-10-19,4204,2015-09-09,1425,23656,27,3,5,5,4204,0,0,0,,0,001,TUNNELL,MCCLELLAND,0.00,,Y,A,-,N,,,,,,,,,,Y,4,0,1,2,A,-,12,22450,A,N,D,C,A,A,A,-,A,A,0,,,,,Y,,A,01,0,0,1,0,0,0,0,0,0,"- ","- ",34.957540000000002,-120.43425999999999,"SANTA BARBARA","SANTA MARIA",-120.43416995,34.95749009
7096752,2015,2015-10-19,4204,2015-09-09,1424,22751,81,3,5,5,4204,0,0,0,,0,003,"PROFESSIONAL PKWY","MCCOY LN",15.00,N,N,A,-,N,,,,,,,,,,N,4,0,1,2,A,-,21,22106,,N,C,C,A,A,H,-,A,D,0,,,,,Y,,A,07,0,0,1,0,0,0,0,0,0,"- ","- ",34.916690000000003,-120.43852,"SANTA BARBARA","SANTA MARIA",-120.43832982000001,34.9167512
7096753,2015,2015-10-19,4204,2015-09-09,0723,18261,12,3,5,5,4204,0,0,0,,0,Y01,"DONOVAN RD","SUEY RD",0.00,,Y,A,-,N,,,,,,,,,,Y,4,0,1,2,A,-,09,21800,A,N,D,D,A,A,H,-,A,A,0,,,,,Y,,D,22,0,0,1,0,0,0,0,0,0,"- ","- ",34.96754,-120.40888,"SANTA BARBARA","SANTA MARIA",-120.40882996000001,34.967430069999999
7096756,2015,2015-10-19,4204,2015-09-20,1040,90338,82,7,5,5,4204,0,0,0,,0,003,"BETTERAVIA RD","MEREDITH LN",0.00,,Y,A,-,N,,,,,,,,,,N,3,0,1,2,A,-,12,22450,A,F,E,B,B,A,H,-,A,A,0,Y,,,,Y,,-,99,0,1,0,0,1,0,0,0,0,"- ","- ",34.920540000000003,-120.45003,"SANTA BARBARA","SANTA MARIA",-120.45011993,34.920610000000003
7096760,2015,2015-10-19,4204,2015-09-21,1727,90322,50,1,5,5,4204,0,0,0,,0,002,"BLOSSER RD",BOONE,0.00,,Y,A,-,N,,,,,,,,,,Y,4,0,1,2,A,-,09,21802,A,F,D,G,A,A,H,-,A,A,0,,Y,,,Y,,A,08,0,0,1,0,0,0,1,0,0,"- ","- ",34.947360000000003,-120.45398,"SANTA BARBARA","SANTA MARIA",-120.4538199,34.947510049999998
7096764,2015,2015-10-19,4204,2015-09-10,0520,90375,33,4,5,5,4204,0,0,0,,0,002,MAIN,DEPOT,0.00,,Y,A,-,N,,,166,,,,,,,Y,3,0,2,2,A,-,12,21453,A,N,D,C,A,A,H,-,C,A,0,,,,,Y,,A,07,0,1,1,0,0,0,0,0,0,"- ","- ",34.953409999999998,-120.44398,"SANTA BARBARA","SANTA MARIA",-120.44398205,34.953287160000002
7096768,2015,2017-01-17,4204,2015-09-10,1238,23397,57,4,5,5,4204,0,0,0,,0,002,BROADWAY,"STOWELL RD",50.00,N,N,A,-,Y,SB,5,135,-,-,14.790,H,-,S,N,4,0,3,2,A,-,03,22350,,N,C,C,A,A,H,-,A,A,0,,,,,Y,,A,01,0,0,3,0,0,0,0,0,0,"- ","- ",34.938499999999998,-120.43595999999999,"SANTA BARBARA","SANTA MARIA",-120.43609558999999,34.93865546
7096772,2015,2015-10-19,4204,2015-09-10,2030,23028,68,4,5,5,4204,0,0,0,,0,005,"STOWELL RD","BRADLEY RD",0.00,,Y,A,-,N,,,,,,,,,,N,3,0,1,2,A,-,05,21650,1,N,D,G,A,A,H,-,C,D,0,,Y,,,Y,,L,04,0,1,0,0,0,0,1,0,0,"- ","- ",34.938299999999998,-120.41945,"SANTA BARBARA","SANTA MARIA",-120.41941998,34.938339999999997
7031558,2015,2015-09-16,4204,2015-08-17,1044,22751,68,1,5,5,4204,0,0,0,,0,002,"OAKLEY AV",MAIN,15.00,S,N,A,-,N,,,,,,,,,,N,4,0,1,2,A,-,21,22106,,N,C,C,A,A,H,-,A,D,0,,,,Y,Y,,G,26,0,0,1,0,0,0,0,0,0,"- ","- ",,,"SANTA BARBARA","SANTA MARIA",-120.44707185,34.953198829999998
7031574,2015,2017-01-17,4204,2015-08-10,1143,90342,,1,5,5,4204,0,0,0,,0,,BROADWAY,"MCELHANEY AV S",0.00,,Y,A,-,Y,SB,5,135,-,-,16.410,I,5,S,Y,3,0,1,3,A,-,03,22350,,N,C,C,A,A,H,-,A,A,0,,,,,Y,,D,22,0,1,0,0,0,0,0,0,0,"- ","- ",,,"SANTA BARBARA","SANTA MARIA",-120.43578429999999,34.962351159999997
7031690,2015,2017-01-12,9760,2015-07-31,2105,18754,,5,2,5,4203,0,1,2,,2,011,"RT 101","MISSION ST",5.00,S,N,A,-,Y,SB,5,101,-,R,15.730,H,-,N,N,4,0,1,2,A,-,03,22350,,N,C,C,A,A,H,-,C,D,1,,,,,Y,Y,A,01,0,0,1,0,0,0,0,0,0,TO,"- ",34.425739999999998,-119.71971000000001,"SANTA BARBARA","SANTA BARBARA",-119.7200903,34.425330260000003
7031694,2015,2017-01-28,9760,2015-07-27,1500,17662,,1,2,9,4200,0,1,3,,1,022,"RT 154","PAINTED CAVE RD",26400.00,E,N,A,-,Y,SB,5,154,-,-,27.010,H,-,W,Y,2,0,1,3,A,-,07,21658,A,N,B,C,A,A,H,-,A,A,0,,,,,Y,,E,22,1,0,0,0,0,0,0,0,0,"- ","- ",34.487859999999998,-119.79243,"SANTA BARBARA",UNINCORPORATED,-119.79226916,34.487648950000001
7031706,2015,2015-09-15,9760,2015-08-06,0735,18019,,4,1,9,4200,0,3,5,,2,001,"PARK LN","E MOUNTAIN DR",528.00,N,N,A,-,N,,,,,,,,,,N,2,0,1,2,A,-,17,21662,A,N,A,G,A,A,H,-,A,D,0,,Y,,,Y,,L,04,1,0,0,0,0,0,1,0,0,"- ","- ",34.44509,-119.61526000000001,"SANTA BARBARA",UNINCORPORATED,-119.61724827,34.445521139999997
7031710,2015,2017-01-12,9760,2015-08-08,1040,18019,,6,1,9,4200,0,1,2,,1,030,"RT 101","HOLLISTER AV",7920.00,N,N,B,-,Y,SB,5,101,-,-,28.360,H,-,N,Y,4,0,1,1,A,-,08,22107,,N,F,A,A,A,H,-,A,D,5,,,,,Y,,E,22,0,0,1,0,0,0,0,0,0,"- ","- ",34.439549999999997,-119.93274,"SANTA BARBARA",UNINCORPORATED,-119.93191926999999,34.439085059999996
7031815,2015,2016-12-22,9760,2015-08-15,1520,018431,,6,2,4,4214,0,1,2,,2,020,"RT 101","FAIRVIEW AV",175.00,S,N,A,-,Y,SB,5,101,-,-,22.500,H,-,N,Y,3,0,1,1,A,-,08,22107,,N,E,I,A,A,D,-,A,D,1,,,,,Y,,A,01,0,1,0,0,0,0,0,0,0,"- ","- ",34.439680000000003,-119.83211,"SANTA BARBARA",GOLETA,-119.83185535,34.439643750000002
7031819,2015,2017-01-28,9760,2015-08-12,1600,018754,,3,2,9,4200,0,1,3,,1,014,"RT 192","FOOTHILL RD",1056.00,N,N,A,-,Y,SB,5,192,-,-,12.850,H,-,E,Y,3,0,2,1,A,-,08,22107,,N,E,I,A,A,H,-,A,D,0,,,,,Y,,A,07,0,2,0,0,0,0,0,0,0,"- ","- ",34.429830000000003,-119.57319,"SANTA BARBARA",UNINCORPORATED,-119.5728098,34.430072279999997
7031839,2015,2017-01-14,9760,2015-08-08,2313,018995,,6,3,5,4203,0,1,2,,2,011,"RT 101","ARRELLAGA ST",102.00,S,N,A,-,Y,SB,5,101,-,R,15.320,R,2,N,Y,3,0,1,1,A,-,01,23152,A,N,E,I,A,A,H,-,D,D,1,,,,,Y,Y,A,01,0,1,0,0,0,0,0,0,0,TO,"- ",34.422310000000003,-119.715,"SANTA BARBARA","SANTA BARBARA",-119.71466909,34.421491949999997
7031840,2015,2015-09-01,4204,2015-08-16,1632,90338,4204,7,5,5,4204,0,0,0,,0,003,"BATTLES RD","COLLEGE DR",0.00,,Y,A,-,N,,,,,,,,,,N,4,0,1,2,A,-,03,22350,,F,C,C,A,A,H,-,A,A,0,,,,,Y,,A,01,0,0,1,0,0,0,0,0,0,"- ","- ",,,"SANTA BARBARA","SANTA MARIA",-120.42493992999999,34.93134002
7119004,2015,2015-12-07,4203,2015-11-12,1423,2661,51,4,5,5,4203,0,0,0,,0,005,"CALLE NOGUERA","VISTA DE LA CUMBRE",80.00,E,N,A,-,N,,,,,,,,,,Y,3,0,1,2,A,-,05,21650,,N,A,E,A,A,H,-,A,D,0,,,,Y,Y,,A,01,0,1,0,0,0,0,0,0,0,"- ","- ",34.441899999999997,-119.727,"SANTA BARBARA","SANTA BARBARA",-119.72729301,34.441753499999997
7119108,2015,2015-12-01,4203,2015-11-19,0726,5206,SBSC,4,5,5,4203,0,0,0,,0,005,"STATE ST","HITCHCOCK WY",0.00,,Y,A,-,N,,,,,,,,,,N,3,0,1,2,A,-,10,21950,A,N,G,B,B,A,H,-,A,A,0,Y,,,,Y,,-,,0,1,0,0,1,0,0,0,0,"- ","- ",34.262479999999996,-119.44396999999999,"SANTA BARBARA","SANTA BARBARA",-119.74444991,34.440480049999998
7119109,2015,2015-12-01,4203,2015-11-21,2313,6968,63,6,5,5,4203,0,0,0,,0,001,"S SOLEDAD ST","INDIO MUERTO ST",60.00,S,N,A,-,N,,,,,,,,,,N,4,0,1,2,A,-,01,23152,A,N,B,C,A,A,H,-,D,D,0,,,,,Y,Y,-,,0,0,1,0,0,0,0,0,0,"- ","- ",34.251869999999997,-119.40175000000001,"SANTA BARBARA","SANTA BARBARA",-119.67154711000001,34.421875569999997
7119110,2015,2015-12-01,4203,2015-11-20,1427,1584,62,5,5,5,4203,0,0,0,,0,001,"MILPAS ST","QUINIENTOS ST",0.00,,Y,A,-,N,,,,,,,,,,N,4,0,1,2,A,-,00,21401,,N,D,G,A,A,H,-,A,A,0,,Y,,,Y,,-,,0,0,1,0,0,0,1,0,0,"- ","- ",34.251759999999997,-119.40438,"SANTA BARBARA","SANTA BARBARA",-119.67889987,34.421620060000002
7119111,2015,2015-12-01,4203,2015-11-16,1723,6377,,1,5,5,4203,0,0,0,,0,006,"CLIFF DR","MEIGS RD",18.00,E,N,A,-,N,,,225,,,,,,,Y,2,0,1,2,A,-,11,21954,,N,-,B,B,-,H,-,C,A,0,Y,,,,Y,,N,60,1,0,0,0,1,0,0,0,0,"- ","- ",34.401499999999999,-119.72199999999999,"SANTA BARBARA","SANTA BARBARA",-119.72199411,34.40152801
7119212,2015,2015-11-19,4203,2015-10-27,2126,2720,,2,5,5,4203,0,0,0,,0,004,"CHAPALA ST","WEST SOLA  ST",0.00,,Y,A,-,N,,,,,,,,,,Y,4,0,2,2,D,-,00,,,F,D,C,A,A,H,-,C,A,0,,,,,Y,,-,"- ",0,0,2,0,0,0,0,0,0,"- ","- ",34.424169999999997,-119.70814,"SANTA BARBARA","SANTA BARBARA",-119.70811989000001,34.424220099999999
7119214,2015,2015-11-20,4203,2015-10-28,1608,5726,SANTA,3,5,5,4203,0,0,0,,0,003,"E GUTIERREZ ST","ROSE AV",93.00,E,N,A,-,N,,,,,,,,,,Y,4,0,1,2,A,-,03,22350,,N,C,C,A,A,H,-,A,A,0,,,,,Y,,-,,0,0,1,0,0,0,0,0,0,"- ","- ",34.25112,-119.41238,"SANTA BARBARA","SANTA BARBARA",-119.69008715,34.419722100000001
7119215,2015,2015-11-20,4203,2015-10-26,1845,3597,,1,5,5,4203,0,0,0,,0,001,"MILPAS ST","ALPHONSE ST",5.00,S,N,A,-,N,,,,,,,,,,N,4,0,1,2,A,-,03,22350,,N,C,C,A,A,H,-,C,A,0,,,,,Y,,-,,0,0,1,0,0,0,0,0,0,"- ","- ",34.253909999999998,-119.41128999999999,"SANTA BARBARA","SANTA BARBARA",-119.68724757,34.427720919999999
7119216,2015,2015-11-20,4203,2015-10-24,0751,22859,,6,5,5,4203,0,0,0,,0,006,"MESA LN","MESA SCHOOL LN",0.00,,Y,A,-,N,,,,,,,,,,Y,4,0,2,2,A,-,09,21802,A,N,D,C,A,A,H,-,A,A,0,,,,,Y,,-,,0,0,2,0,0,0,0,0,0,"- ","- ",34.244999999999997,-119.435,"SANTA BARBARA","SANTA BARBARA",-119.73046992,34.401229999999998
7119552,2015,2015-11-30,4203,2015-11-05,1446,6700,35,4,5,5,4203,0,0,0,,0,004,"MISSION ST","DE LA VINA ST",31.00,W,N,A,-,N,,,,,,,,,,N,4,0,1,2,A,-,03,22350,,N,C,C,A,A,H,-,A,A,0,,,,,Y,,A,01,0,0,1,0,0,0,0,0,0,"- ","- ",34.4285,-119.71698000000001,"SANTA BARBARA","SANTA BARBARA",-119.71699232,34.428649210000003
7119553,2015,2015-11-30,4203,2015-11-08,1806,6968,43,7,5,5,4203,0,0,0,,0,001,"E HALEY ST","N SALSIPUEDES ST",21.00,E,N,A,-,N,,,,,,,,,,N,3,0,1,2,A,-,08,22107,,N,B,G,A,A,H,-,C,A,0,,Y,,,Y,Y,-,,0,1,0,0,0,0,1,0,0,"- ","- ",34.252409999999998,-119.41119,"SANTA BARBARA","SANTA BARBARA",-119.68868399999999,34.42322326
7119554,2015,2015-11-30,4203,2015-11-10,1848,6377,,2,5,5,4203,0,0,0,,0,003,"E HALEY ST","LAGUNA ST",156.00,E,N,A,-,N,,,,,,,,,,Y,2,0,1,5,A,-,21,22106,,N,B,C,A,A,H,-,C,D,0,,,,,Y,,-,,1,0,0,0,0,0,0,0,0,"- ","- ",34.420999999999999,-119.6909,"SANTA BARBARA","SANTA BARBARA",-119.69065489,34.421378859999997
7109371,2015,2017-01-14,4200,2015-09-24,1133,4222,6,4,5,2,4206,0,0,0,,0,,"MISSION DR","ALAMO PINTADO RD",14.00,E,N,A,-,Y,SB,5,246,-,-,30.280,I,5,E,N,2,0,1,2,A,-,10,21950,A,N,G,B,B,A,H,-,A,A,0,Y,,,,Y,,A,07,1,0,0,0,1,0,0,0,0,"- ","- ",,,"SANTA BARBARA",SOLVANG,-120.12801570000001,34.598843729999999
7109426,2015,2015-11-19,4200,2015-09-24,2154,4576,14,4,5,4,4214,0,0,0,,0,080,"HOLLISTER AV","CATHEDRAL OAKS RD",540.00,W,N,A,-,N,,,,,,,,,,Y,3,0,2,2,A,-,03,22350,,N,C,C,A,A,H,-,A,D,0,,,,,Y,Y,A,01,0,1,1,0,0,0,0,0,0,"- ","- ",,,"SANTA BARBARA",GOLETA,-119.90638,34.431170000000002
7109430,2015,2015-11-19,4200,2015-09-24,1756,3077,14,4,5,4,4214,0,0,0,,0,060,"HOLLISTER AV","COROMAR DR",0.00,,Y,A,-,N,,,,,,,,,,Y,3,0,1,2,A,-,12,21453,A,N,D,C,A,A,G,-,A,A,0,,,,,Y,,A,07,0,1,0,0,0,0,0,0,0,"- ","- ",,,"SANTA BARBARA",GOLETA,-119.86369999999999,34.430280029999999
7110004,2015,2015-11-16,4200,2015-08-15,1311,4002,14,6,5,4,4214,0,0,0,,0,060,"HOLLISTER AV","SOUTH FAIRVIEW AV",0.00,,Y,A,-,N,,,,,,,,,,Y,4,0,2,2,A,-,12,21453,A,N,H,C,A,A,H,-,A,A,0,,,,,Y,,A,01,0,0,2,0,0,0,0,0,0,"- ","- ",,,"SANTA BARBARA",GOLETA,-119.83064996,34.436110079999999
7110174,2015,2015-11-16,4203,2015-10-14,1303,2661,43,3,5,5,4203,0,0,0,,0,003,"SANTA BARBARA ST","HALEY ST",0.00,,Y,A,-,N,,,,,,,,,,N,4,0,2,2,A,-,12,21453,A,N,D,C,A,A,H,-,A,A,0,,,,,Y,,-,"- ",0,0,2,0,0,0,0,0,0,"- ","- ",34.418799999999997,-119.69289999999999,"SANTA BARBARA","SANTA BARBARA",-119.69322991999999,34.418960050000003
7111119,2015,2016-01-05,4203,2015-11-06,1459,22854,,5,5,5,4203,0,0,0,,0,004,"DE LA VINA ST","W VALERIO ST",0.00,,Y,A,-,N,,,,,,,,,,Y,4,0,1,2,A,-,08,22100,B,N,B,C,A,A,H,-,A,D,0,,,,,Y,,-,,0,0,1,0,0,0,0,0,0,"- ","- ",34.253329999999998,-119.42473,"SANTA BARBARA","SANTA BARBARA",-119.71312999,34.425910000000002
7112494,2015,2015-11-09,4201,2015-10-18,0240,3246,COUNT,7,5,2,4201,0,0,0,,0,,"SIMAS RD","11TH ST",0.00,,Y,A,-,N,,,,,,,,,,Y,4,0,2,1,A,-,03,22350,,N,F,J,A,A,H,-,D,-,0,,,,,Y,,-,,0,0,2,0,0,0,0,0,0,"- ","- ",,,"SANTA BARBARA",GUADALUPE,-120.55836997999999,34.966860070000003
7112546,2015,2015-11-09,4203,2015-10-23,1625,6970,,5,5,5,4203,0,0,0,,0,003,"SANTA BARBARA ST","ORTEGA ST",6.00,N,N,A,-,N,,,,,,,,,,N,2,0,2,3,A,-,10,21950,A,N,A,B,B,A,H,-,A,A,0,Y,,,,Y,,-,,1,1,0,0,2,0,0,0,0,"- ","- ",34.2515,-119.42041,"SANTA BARBARA","SANTA BARBARA",-119.69579498,34.420820829999997
7113549,2015,2015-11-18,4200,2015-10-26,0001,4041,14,1,5,4,4214,0,0,0,,0,080,"CALLE REAL","PLUMAS AV",39.00,E,N,A,-,N,,,,,,,,,,Y,4,0,1,1,A,-,01,23152,A,N,E,I,A,A,H,-,C,D,0,,,,,Y,Y,D,22,0,0,1,0,0,0,0,0,0,"- ","- ",,,"SANTA BARBARA",GOLETA,-119.87692344,34.433131729999999
7114198,2015,2015-11-18,4200,2015-10-20,1316,3683,14,2,5,4,4214,0,0,0,,0,060,"HOLLISTER AV","CORTONA DR",111.00,E,N,A,-,N,,,,,,,,,,Y,4,0,1,2,A,-,09,21804,A,N,D,C,A,A,H,-,A,D,0,,,,,Y,,A,01,0,0,1,0,0,0,0,0,0,"- ","- ",,,"SANTA BARBARA",GOLETA,-119.86770217,34.430213639999998
7114199,2015,2015-11-18,4200,2015-10-23,1248,3116,14,5,5,4,4214,0,0,0,,0,080,"PACIFIC OAKS RD","HOLLISTER AV",170.00,S,N,A,-,N,,,,,,,,,,N,3,0,1,2,A,-,09,21804,A,N,D,C,A,A,H,-,A,D,0,,,Y,,Y,,A,01,0,1,0,0,0,0,0,0,1,"- ","- ",,,"SANTA BARBARA",GOLETA,-119.87765666999999,34.429633369999998
7119555,2015,2015-11-30,4203,2015-11-05,0652,1436,,4,5,5,4203,0,0,0,,0,003,"ANACAPA ST","E DE LA GUERRA ST",0.00,,Y,A,-,N,,,,,,,,,,N,4,0,1,2,A,-,12,21453,A,N,D,G,A,A,H,-,A,A,0,,Y,,,Y,,L,04,0,0,1,0,0,0,1,0,0,"- ","- ",34.253160000000001,-119.42024000000001,"SANTA BARBARA","SANTA BARBARA",-119.69831987000001,34.42084002
7119556,2015,2015-11-30,4203,2015-11-14,0924,1584,,6,5,5,4203,0,0,0,,0,001,"CARPINTERIA ST","ALISOS ST",0.00,,Y,A,-,N,,,,,,,,,,,4,0,1,2,A,-,09,21802,,N,D,C,A,A,H,-,A,A,0,,,,,Y,,-,,0,0,1,0,0,0,0,0,0,"- ","- ",34.251820000000002,-119.40352,"SANTA BARBARA","SANTA BARBARA",-119.67647998,34.421720030000003
7119557,2015,2015-11-30,4203,2015-11-10,1710,5726,SANTA,2,5,5,4203,0,0,0,,0,004,"CHAPALA ST","MISSION ST",0.00,,Y,A,-,N,,,,,,,,,,N,3,0,1,2,A,-,05,21650,1,N,-,G,A,A,H,-,B,A,0,,Y,,,Y,Y,L,04,0,1,0,0,0,0,1,0,0,"- ","- ",34.2547,-119.42565999999999,"SANTA BARBARA","SANTA BARBARA",-119.71579995,34.429790079999997
7119558,2015,2015-11-30,4203,2015-11-14,0722,6970,,6,5,5,4203,0,0,0,,0,003,"COTA ST","ANACAPA ST",0.00,,Y,A,-,N,,,,,,,,,,N,4,0,1,2,A,-,10,21950,A,N,G,B,B,A,H,-,A,A,0,Y,,,,Y,,-,,0,0,1,0,1,0,0,0,0,"- ","- ",34.258000000000003,-119.4143,"SANTA BARBARA","SANTA BARBARA",-119.69561993000001,34.418860100000003
7120245,2015,2015-11-20,4204,2015-11-08,1527,90376,14,7,5,5,4204,0,0,0,,0,001,"AGNES AV",THORNBURG,220.00,E,N,A,-,N,,,,,,,,,,Y,3,0,1,5,A,-,01,23152,A,N,C,E,A,A,H,-,A,A,0,,,Y,,Y,Y,A,07,0,1,0,0,0,0,0,0,0,"- ","- ",34.964590000000001,-120.44002999999999,"SANTA BARBARA","SANTA MARIA",-120.43941599,34.964435170000002
7120253,2015,2015-11-20,4204,2015-11-01,1406,90338,07,7,5,5,4204,0,0,0,,0,001,TAYLOR,"RAILROAD AV",0.00,,Y,A,-,N,,,,,,,,,,Y,4,0,2,2,A,-,03,22350,,N,C,C,A,A,H,-,A,D,0,,,,,Y,,A,01,0,0,2,0,0,0,0,0,0,"- ","- ",34.97484,-120.44459000000001,"SANTA BARBARA","SANTA MARIA",-120.44437988999999,34.975050060000001
7120257,2015,2015-11-20,4204,2015-11-01,0256,90273,17,7,5,5,4204,0,0,0,,0,001,"COLLEGE DR","ALVIN AV",103.00,N,N,A,-,N,,,,,,,,,,Y,4,0,1,1,A,-,00,21352,B,N,E,I,A,A,H,-,C,A,0,,,,,Y,Y,A,01,0,0,1,0,0,0,0,0,0,"- ","- ",34.960209999999996,-120.42497,"SANTA BARBARA","SANTA MARIA",-120.42493623,34.960662890000002
7120377,2015,2017-01-28,4204,2015-10-26,1423,90415,10,1,5,5,4204,0,0,0,,0,001,BROADWAY,WILLIAMS,0.00,,Y,A,-,Y,SB,5,135,-,-,16.930,I,5,S,Y,4,0,1,2,A,-,12,21453,A,N,D,C,A,A,H,-,A,A,0,,,,,Y,,A,07,0,0,1,0,0,0,0,0,0,"- ","- ",34.969920000000002,-120.43591000000001,"SANTA BARBARA","SANTA MARIA",-120.43570962,34.969881819999998
7120381,2015,2015-11-23,4204,2015-10-31,0041,23601,7,6,5,5,4204,0,0,0,,0,001,"RAILROAD AV",GRANT,0.00,,Y,A,-,N,,,,,,,,,,Y,4,0,2,1,A,-,12,22450,A,N,E,I,A,A,H,-,C,A,0,,,,,Y,,A,01,0,0,2,0,0,0,0,0,0,"- ","- ",34.972650000000002,-120.44468999999999,"SANTA BARBARA","SANTA MARIA",-120.44441992,34.9728201