CASE_ID,ACCIDENT_YEAR,PROC_DATE,JURIS,COLLISION_DATE,COLLISION_TIME,OFFICER_ID,REPORTING_DISTRICT,DAY_OF_WEEK,CHP_SHIFT,POPULATION,CNTY_CITY_LOC,SPECIAL_COND,BEAT_TYPE,CHP_BEAT_TYPE,CITY_DIVISION_LAPD,CHP_BEAT_CLASS,BEAT_NUMBER,PRIMARY_RD,SECONDARY_RD,DISTANCE,DIRECTION,INTERSECTION,WEATHER_1,WEATHER_2,STATE_HWY_IND,CALTRANS_COUNTY,CALTRANS_DISTRICT,STATE_ROUTE,ROUTE_SUFFIX,POSTMILE_PREFIX,POSTMILE,LOCATION_TYPE,RAMP_INTERSECTION,SIDE_OF_HWY,TOW_AWAY,COLLISION_SEVERITY,NUMBER_KILLED,NUMBER_INJURED,PARTY_COUNT,PRIMARY_COLL_FACTOR,PCF_CODE_OF_VIOL,PCF_VIOL_CATEGORY,PCF_VIOLATION,PCF_VIOL_SUBSECTION,HIT_AND_RUN,TYPE_OF_COLLISION,MVIW,PED_ACTION,ROAD_SURFACE,ROAD_COND_1,ROAD_COND_2,LIGHTING,CONTROL_DEVICE,CHP_ROAD_TYPE,PEDESTRIAN_ACCIDENT,BICYCLE_ACCIDENT,MOTORCYCLE_ACCIDENT,TRUCK_ACCIDENT,NOT_PRIVATE_PROPERTY,ALCOHOL_INVOLVED,STWD_VEHTYPE_AT_FAULT,CHP_VEHTYPE_AT_FAULT,COUNT_SEVERE_INJ,COUNT_VISIBLE_INJ,COUNT_COMPLAINT_PAIN,COUNT_PED_KILLED,COUNT_PED_INJURED,COUNT_BICYCLIST_KILLED,COUNT_BICYCLIST_INJURED,COUNT_MC_KILLED,COUNT_MC_INJURED,PRIMARY_RAMP,SECONDARY_RAMP,LATITUDE,LONGITUDE,COUNTY,CITY,POINT_X,POINT_Y
7120499,2015,2017-02-03,4204,2015-10-28,1708,90268,33,3,5,5,4204,0,0,0,,0,002,MAIN,PINE,0.00,,Y,-,-,Y,SB,5,166,-,-,7.710,H,-,E,Y,4,0,1,4,A,-,03,22350,,N,-,-,A,-,-,-,-,-,0,,,,,Y,,D,22,0,0,1,0,0,0,0,0,0,"- ","- ",34.953200000000002,-120.4389,"SANTA BARBARA","SANTA MARIA",-120.43876406,34.95310534
7121044,2015,2015-12-01,4204,2015-11-13,1645,90376,01,5,5,5,4204,0,0,0,,0,000,"CANAL ST","RAILROAD AV",0.00,,Y,A,-,N,,,,,,,,,,N,4,0,1,2,A,-,03,22350,,N,C,C,A,A,H,-,A,A,0,,,,,Y,,A,07,0,0,1,0,0,0,0,0,0,"- ","- ",34.982680000000002,-120.44439,"SANTA BARBARA","SANTA MARIA",-120.4444999,34.982440070000003
7114200,2015,2015-11-18,4200,2015-10-23,1415,3116,14,5,5,4,4214,0,0,0,,0,080,"STORKE RD","MARKET PLACE DR",0.00,,Y,A,-,N,,,,,,,,,,Y,3,0,3,2,A,-,09,21801,A,N,D,C,A,A,H,-,A,A,0,,,,,Y,,A,01,0,1,2,0,0,0,0,0,0,"- ","- ",,,"SANTA BARBARA",GOLETA,-119.86977997,34.428660069999999
7114201,2015,2017-02-03,4200,2015-10-22,1549,3116,14,4,5,4,4214,0,0,0,,0,050,"FAIRVIEW AV","RT 101",250.00,W,N,A,-,Y,SB,5,101,-,-,22.240,H,-,S,Y,4,0,1,2,A,-,08,22102,,N,D,C,A,A,H,-,A,D,0,,,,,Y,,A,01,0,0,1,0,0,0,0,0,0,"- ",NF,,,"SANTA BARBARA",GOLETA,-119.82729101,34.439929749999997
7114287,2015,2017-01-28,4203,2015-11-05,1215,2736,,4,5,5,4203,0,0,0,,0,006,"W CARRILLO ST","RT 101",0.00,W,N,A,-,Y,SB,5,101,-,R,14.640,R,4,N,N,4,0,2,2,A,-,03,22350,,F,C,C,A,A,H,-,A,A,0,,,,,Y,,-,,0,0,2,0,0,0,0,0,0,"- ",SO,34.415819999999997,-119.70786,"SANTA BARBARA","SANTA BARBARA",-119.70594891,34.415446600000003
7114366,2015,2016-02-04,4203,2015-11-07,2146,6972,,6,5,5,4203,0,0,0,,0,006,"GILLESPIE ST","W VICTORIA ST",96.00,N,N,A,-,N,,,,,,,,,,Y,4,0,1,2,A,-,01,23152,A,N,A,E,A,A,H,-,D,A,0,,,,,Y,Y,-,,0,0,1,0,0,0,0,0,0,"- ","- ",34.245420000000003,-119.42583999999999,"SANTA BARBARA","SANTA BARBARA",-119.71605855999999,34.415024330000001
7114405,2015,2015-11-06,4204,2015-10-25,0407,90274,13,7,5,5,4204,0,0,0,,0,001,"WESTERN AV",ORCHARD,266.00,S,N,A,-,N,,,,,,,,,,Y,3,0,1,2,A,-,01,23152,A,N,B,E,A,A,H,-,C,A,0,,,,,Y,Y,A,01,0,1,0,0,0,0,0,0,0,"- ","- ",34.966239999999999,-120.44996,"SANTA BARBARA","SANTA MARIA",-120.45019456999999,34.96555627
7114409,2015,2017-01-28,4204,2015-10-18,1051,90277,,7,5,5,4204,0,0,0,,0,,FESLER,BROADWAY,0.00,,Y,A,-,Y,SB,5,135,-,-,16.000,I,5,S,N,4,0,1,2,A,-,05,21650,,N,H,G,A,A,H,-,A,A,0,,Y,,,Y,,L,04,0,0,1,0,0,0,1,0,0,"- ","- ",34.956479999999999,-120.43573000000001,"SANTA BARBARA","SANTA MARIA",-120.4358982,34.956365650000002
7114413,2015,2015-11-06,4204,2015-10-21,1338,18261,94,3,5,5,4204,0,0,0,,0,003,"UNION VALLEY PKWY","CALIFORNIA BL",0.00,,Y,A,-,N,,,,,,,,,,Y,4,0,2,2,A,-,09,21802,A,N,D,D,A,A,H,-,A,A,0,,,,,Y,,A,07,0,0,2,0,0,0,0,0,0,"- ","- ",34.879890000000003,-120.44568,"SANTA BARBARA","SANTA MARIA",-120.44567993,34.879840010000002
7114657,2015,2015-11-09,4204,2015-10-31,1313,90342,26,6,5,5,4204,0,0,0,,0,001,FESLER,PINE,0.00,,Y,A,-,N,,,,,,,,,,Y,3,0,1,2,A,-,01,23152,A,N,D,C,A,A,H,-,A,A,0,,,,,Y,Y,A,08,0,1,0,0,0,0,0,0,0,"- ","- ",34.95655,-120.43874,"SANTA BARBARA","SANTA MARIA",-120.43882994000001,34.956490070000001
7114665,2015,2015-11-09,4204,2015-10-27,0602,90377,01,2,5,5,4204,0,0,0,,0,001,"BLOSSER RD","CANAL ST",20.00,S,N,A,-,N,,,,,,,,,,Y,3,0,1,1,A,-,08,22107,,N,E,I,A,A,H,-,B,D,0,,,,,Y,,A,01,0,1,0,0,0,0,0,0,0,"- ","- ",34.98151,-120.4528,"SANTA BARBARA","SANTA MARIA",-120.45282113,34.981457890000001
7114669,2015,2015-11-09,4204,2015-10-27,1000,21338,089,2,5,5,4204,0,0,0,,0,003,MILLER,"SANTA MARIA WY",20.00,E,N,A,-,N,,,,,,,,,,N,4,0,1,2,A,-,03,22350,,N,B,C,A,A,H,-,A,A,0,,,,,Y,,A,01,0,0,1,0,0,0,0,0,0,"- ","- ",34.909550000000003,-120.43445,"SANTA BARBARA","SANTA MARIA",-120.43408931,34.909572760000003
7114673,2015,2015-11-09,4204,2015-10-27,0844,23240,59,2,5,5,4204,0,0,0,,0,002,"STOWELL RD","COLLEGE DR",15.00,W,N,A,-,N,,,,,,,,,,N,4,0,1,2,A,-,21,22106,,N,C,C,A,A,H,-,A,A,0,,,,,Y,,A,07,0,0,1,0,0,0,0,0,0,"- ","- ",34.938470000000002,-120.42487,"SANTA BARBARA","SANTA MARIA",-120.42493001,34.938391279999998
7096776,2015,2015-10-19,4204,2015-09-11,0919,23397,13,5,5,5,4204,0,0,0,,0,001,"WESTERN AV","MCELHANEY AV",0.00,,Y,A,-,N,,,,,,,,,,Y,3,0,1,1,A,-,08,22107,,N,E,I,A,A,H,-,A,D,0,,,,,Y,,A,01,0,1,0,0,0,0,0,0,0,"- ","- ",34.962699999999998,-120.44992000000001,"SANTA BARBARA","SANTA MARIA",-120.44990991,34.962710059999999
7096780,2015,2015-10-19,4204,2015-09-11,1523,23351,48,5,5,5,4204,0,0,0,,0,B01,MAIN,"BRADLEY RD",35.00,W,N,A,-,N,,,166,,,,,,,N,4,0,1,2,A,-,03,22350,,N,C,C,A,A,H,-,A,A,0,,,,,Y,,A,01,0,0,1,0,0,0,0,0,0,"- ","- ",34.95317,-120.41808,"SANTA BARBARA","SANTA MARIA",-120.41807833999999,34.953056599999996
7096788,2015,2015-10-19,4204,2015-09-13,1130,90342,99,7,5,5,4204,0,0,0,,0,003,"MAHONEY RD","BETTERAVIA RD",1800.00,S,N,A,-,N,,,,,,,,,,Y,3,0,1,1,A,-,01,23152,B,M,E,J,A,A,H,-,A,A,0,,,,,Y,Y,A,01,0,1,0,0,0,0,0,0,0,"- ","- ",34.921210000000002,-120.47497,"SANTA BARBARA","SANTA MARIA",-120.47961803,34.917770429999997
7096792,2015,2015-10-19,4204,2015-09-14,1038,22751,75,1,5,5,4204,0,0,0,,0,003,BROADWAY,"CARMEN LN",15.00,S,N,C,-,N,,,135,,,,,,,N,4,0,1,2,A,-,03,22350,,N,C,C,A,B,H,-,A,A,0,,,,,Y,,A,01,0,0,1,0,0,0,0,0,0,"- ","- ",34.924819999999997,-120.43604999999999,"SANTA BARBARA","SANTA MARIA",-120.43615156,34.92482115
7096796,2015,2017-01-14,4204,2015-09-16,0911,22751,33,3,5,5,4204,0,0,0,,0,002,MAIN,DEPOT,15.00,W,N,A,-,Y,SB,5,166,-,-,7.410,H,-,E,N,4,0,1,2,A,-,21,22106,,N,C,C,A,A,H,-,A,A,0,,,,,Y,,A,07,0,0,1,0,0,0,0,0,0,"- ","- ",34.953409999999998,-120.44398,"SANTA BARBARA","SANTA MARIA",-120.44414999999999,34.9531791
7096800,2015,2015-10-19,4204,2015-09-15,1516,90373,75,2,5,5,4204,0,0,0,,0,003,MILLER,"NEWLOVE DR",0.00,,Y,A,-,N,,,,,,,,,,N,4,0,1,2,A,-,10,21950,A,N,G,B,B,A,H,-,A,D,0,Y,,,,Y,,A,01,0,0,1,0,1,0,0,0,0,"- ","- ",34.929760000000002,-120.43199,"SANTA BARBARA","SANTA MARIA",-120.4317999,34.929810099999997
7097408,2015,2017-01-14,4202,2015-09-30,0743,292,,3,5,4,4202,0,0,0,,0,,"RT 1","BRISA DEL MAR",0.00,,Y,A,-,Y,SB,5,1,-,-,23.100,H,-,N,Y,3,0,1,2,A,-,03,22350,A,N,C,C,A,A,H,-,A,A,0,,,,,Y,,A,01,0,1,0,0,0,0,0,0,0,"- ","- ",,,"SANTA BARBARA",LOMPOC,-120.45677114999999,34.675701400000001
7097507,2015,2015-10-21,4202,2015-09-23,0906,292,,3,5,4,4202,0,0,0,,0,,"APPLE AV","Q ST",2650.00,E,N,A,-,N,,,,,,,,,,Y,4,0,1,4,C,-,18,,,N,A,C,A,A,H,-,A,A,0,,,,,Y,,-,"- ",0,0,1,0,0,0,0,0,0,"- ","- ",,,"SANTA BARBARA",LOMPOC,-120.46672,34.644689999999997
7097537,2015,2017-01-14,4202,2015-10-01,1718,238,,4,5,4,4202,0,0,0,,0,,"RT 1","WEST BARTON AV",0.00,,Y,A,-,Y,SB,5,1,-,-,21.810,I,5,N,Y,2,0,3,2,A,-,09,21800,A,N,D,C,A,A,H,-,A,A,0,,,,,Y,,A,01,2,0,1,0,0,0,0,0,0,"- ","- ",,,"SANTA BARBARA",LOMPOC,-120.45754789999999,34.657057139999999
7097689,2015,2015-10-17,4204,2015-08-11,2039,20894,33,2,5,5,4204,0,0,0,,0,002,MAIN,PINE,0.00,,Y,A,-,N,,,,,,,,,,N,4,0,1,2,A,-,11,21950,B,N,D,B,B,A,H,-,A,D,0,Y,,,,Y,,N,60,0,0,1,0,1,0,0,0,0,"- ","- ",,,"SANTA BARBARA","SANTA MARIA",-120.43889987999999,34.953170020000002
7097693,2015,2015-10-17,4204,2015-08-15,1127,90415,81,6,5,5,4204,0,0,0,,0,069,"BRADLEY RD","BATTLES RD",0.00,,Y,A,-,N,,,,,,,,,,Y,4,0,2,2,A,-,03,22350,,N,C,C,A,A,H,-,A,A,0,,,,,Y,,A,01,0,0,2,0,0,0,0,0,0,"- ","- ",,,"SANTA BARBARA","SANTA MARIA",-120.41824997000001,34.931210010000001
7097841,2015,2015-10-20,4203,2015-10-02,1444,2661,10,5,5,5,4203,0,0,0,,0,002,"COAST VILLAGE RD","BUTTERFLY LN",0.00,,Y,A,-,N,,,,,,,,,,Y,2,0,1,2,A,-,10,21950,A,N,G,B,B,A,H,-,A,D,0,Y,,,,Y,,A,01,1,0,0,0,1,0,0,0,0,"- ","- ",34.420999999999999,-119.6481,"SANTA BARBARA","SANTA BARBARA",-119.64782993,34.421520049999998
7098052,2015,2017-02-03,4203,2015-10-12,0830,6700,21,1,5,5,4203,0,0,0,,0,006,"RT 101","CARRILLO ST",13.00,N,N,A,-,Y,SB,5,101,-,R,14.920,R,1,S,N,3,0,1,2,D,-,00,,,F,H,G,A,A,H,-,A,A,0,,Y,,,Y,,-,"- ",0,1,0,0,0,0,1,0,0,SF,"- ",34.416150000000002,-119.60776,"SANTA BARBARA","SANTA BARBARA",-119.70951238000001,34.417590279999999
7098107,2015,2016-01-25,4204,2015-10-09,0816,23351,16,5,5,5,4204,0,0,0,,0,B01,MILLER,"BUNNY AV",3.00,S,N,A,-,N,,,,,,,,,,Y,4,0,2,2,A,-,03,22350,,N,C,C,A,A,H,-,A,D,0,,,,,Y,,A,01,0,0,2,0,0,0,0,0,0,"- ","- ",34.963180000000001,-120.43118,"SANTA BARBARA","SANTA MARIA",-120.43125000000001,34.963171760000002
7098119,2015,2017-01-28,4204,2015-10-07,1035,90344,16,3,5,5,4204,0,0,0,,0,001,BROADWAY,"DONOVAN RD",200.00,S,N,A,-,Y,SB,5,135,-,-,16.770,H,-,N,Y,4,0,1,2,A,-,03,22350,,N,C,C,A,A,H,-,A,A,0,,,,Y,Y,,A,01,0,0,1,0,0,0,0,0,0,"- ","- ",34.967759999999998,-120.43544,"SANTA BARBARA","SANTA MARIA",-120.43561164,34.967600990000001
7098726,2015,2016-02-09,4201,2015-10-06,0718,5159,,2,5,2,4201,0,0,0,,0,,"OBISPO ST",4TH,10.00,,N,A,-,N,,,,,,,,,,N,4,0,1,2,D,-,00,,,N,G,B,B,A,H,-,A,-,0,Y,,,,Y,,-,"- ",0,0,1,0,1,0,0,0,0,"- ","- ",,,"SANTA BARBARA",GUADALUPE,-120.57059996,34.96402011
7099356,2015,2016-01-25,4203,2015-10-02,0700,22857,,5,5,5,4203,0,0,0,,0,001,"QUINIENTOS ST","VOLUNTARIO ST",0.00,,Y,A,-,N,,,,,,,,,,N,4,0,1,2,D,-,00,,,N,G,B,B,A,H,-,A,A,0,Y,,,,Y,,-,"- ",0,0,1,0,1,0,0,0,0,"- ","- ",34.252499999999998,-119.4036,"SANTA BARBARA","SANTA BARBARA",-119.67664988,34.423750089999999
7099361,2015,2017-01-28,4203,2015-10-02,0741,2602,4203,5,5,5,4203,0,0,0,,0,006,"CLIFF DR","MEIGS RD",288.00,W,N,A,-,Y,SB,5,225,-,-,2.750,H,-,E,Y,3,0,1,3,A,-,03,22350,,N,C,C,A,A,H,-,A,A,0,,,,,Y,,-,,0,1,0,0,0,0,0,0,0,"- ","- ",34.399999999999999,-119.72,"SANTA BARBARA","SANTA BARBARA",-119.72242602999999,34.401614330000001
7100118,2015,2015-12-02,4202,2015-08-26,1516,32104,LOMPO,3,5,4,4202,0,0,0,,0,010,"O ST","CHESTNUT AV",60.00,N,N,A,-,N,,,,,,,,,,N,4,0,1,2,A,-,03,22350,,N,C,C,A,A,H,-,A,D,0,,,,,Y,,A,01,0,0,1,0,0,0,0,0,0,"- ","- ",,,"SANTA BARBARA",LOMPOC,-120.46673642,34.642474780000001
7100611,2015,2015-11-30,4203,2015-06-27,1049,1497,4203,6,5,5,4203,0,0,0,,0,005,"STATE ST","N HOPE ST",36.00,W,N,A,-,N,,,,,,,,,,Y,4,0,1,3,C,-,18,,,N,B,C,A,A,H,-,A,A,0,,,,,Y,,-,"- ",0,0,1,0,0,0,0,0,0,"- ","- ",34.262599999999999,-119.4449,"SANTA BARBARA","SANTA BARBARA",-119.7468393,34.440480960000002
7100615,2015,2015-11-30,4203,2015-07-06,1709,7187,,1,5,5,4203,0,0,0,,0,003,"E CARRILLO ST","SANTA BARBARA ST",100.00,W,N,A,-,N,,,,,,,,,,N,3,0,1,2,A,-,11,21955,,N,D,B,D,A,H,-,A,D,0,Y,,,,Y,,N,60,0,1,0,0,1,0,0,0,0,"- ","- ",34.252400000000002,-119.42001999999999,"SANTA BARBARA","SANTA BARBARA",-119.69985612000001,34.423431880000003
7100623,2015,2015-11-30,4203,2015-07-04,2208,7568,,6,5,5,4203,0,0,0,,0,006,"CLIFF DR","LOMA ALTA DR",434.00,W,N,A,-,N,,,,,,,,,,Y,4,0,2,2,A,-,08,22107,,N,D,C,A,A,H,-,C,D,0,,,,,Y,,-,,0,0,2,0,0,0,0,0,0,"- ","- ",34.242089999999997,-119.42097,"SANTA BARBARA","SANTA BARBARA",-119.70275268,34.405893409999997
7100627,2015,2015-11-30,4203,2015-07-03,1837,7189,,5,5,5,4203,0,0,0,,0,002,"CASTILLO ST","CABRILLO BL",30.00,N,N,A,-,N,,,,,,,,,,Y,4,0,1,1,A,-,08,22107,,N,E,I,A,A,A,-,A,D,0,,Y,,,Y,,L,04,0,0,1,0,0,0,1,0,0,"- ","- ",34.407499999999999,-119.69450000000001,"SANTA BARBARA","SANTA BARBARA",-119.69396211999999,34.408116669999998
7100630,2015,2015-12-08,4203,2015-06-24,0909,2602,4203,3,5,5,4203,0,0,0,,0,002,"MONTECITO ST","RANCHERIA ST",0.00,,Y,A,-,N,,,,,,,,,,Y,3,0,2,2,A,-,03,22350,,N,C,C,A,A,H,-,A,A,0,,,,,Y,,-,,0,1,1,0,0,0,0,0,0,"- ","- ",34.243400000000001,-119.41540000000001,"SANTA BARBARA","SANTA BARBARA",-119.69854992,34.409660039999999
7100631,2015,2015-11-30,4203,2015-07-06,1618,1959,,1,5,5,4203,0,0,0,,0,004,"CARRILLO ST","BATH ST",63.00,E,N,A,-,N,,,,,,,,,,N,4,0,2,3,A,-,03,22350,,N,C,C,A,A,H,-,A,A,0,,,,,Y,,A,01,0,0,2,0,0,0,0,0,0,"- ","- ",34.256329999999998,-119.42186,"SANTA BARBARA","SANTA BARBARA",-119.70510831999999,34.418447020000002
7100635,2015,2015-11-30,4203,2015-07-06,1435,2520,4203,1,5,5,4203,0,0,0,,0,004,"DE LA VINA ST","DE LA GUERRA ST",0.00,,Y,A,-,N,,,,,,,,,,Y,3,0,1,4,A,-,09,21802,,N,D,C,A,A,H,-,A,D,0,,,,,Y,,-,,0,1,0,0,0,0,0,0,0,"- ","- ",,,"SANTA BARBARA","SANTA BARBARA",-119.70158988,34.417480089999998
7100640,2015,2015-11-30,4203,2015-06-24,0754,2520,4203,3,5,5,4203,0,0,0,,0,001,"SALINAS ST","CARPINTERIA ST",0.00,,Y,A,-,N,,,,,,,,,,Y,3,0,1,2,A,-,09,21802,A,N,D,C,A,A,H,-,A,D,0,,,,,Y,,-,,0,1,0,0,0,0,0,0,0,"- ","- ",,,"SANTA BARBARA","SANTA BARBARA",-119.67205989999999,34.425900009999999
7102540,2015,2015-10-30,4200,2015-10-16,1702,3116,14,5,5,4,4214,0,0,0,,0,050,"CALLE REAL","VALDEZ AV",0.00,,Y,A,-,N,,,,,,,,,,Y,4,0,1,2,A,-,09,21801,A,N,D,C,A,A,D,-,A,A,0,,,,,Y,,D,22,0,0,1,0,0,0,0,0,0,"- ","- ",,,"SANTA BARBARA",GOLETA,-119.83768999999999,34.439300070000002
7102544,2015,2017-01-14,4200,2015-09-28,0654,3683,14,1,5,4,4214,0,0,0,,0,080,"STORKE RD","RT 101",0.00,,Y,A,-,Y,SB,5,101,-,-,24.980,R,4,S,Y,3,0,1,3,A,-,12,21453,A,N,D,C,A,A,H,-,A,A,0,,,,,Y,,A,08,0,1,0,0,0,0,0,0,0,"- ",SF,,,"SANTA BARBARA",GOLETA,-119.87439979,34.433303410000001
7102964,2015,2015-10-29,4200,2015-10-09,1413,3116,14,5,5,4,4214,0,0,0,,0,050,"STOW CANYON RD","AMHERST DR",69.00,S,N,A,-,N,,,,,,,,,,N,3,0,1,2,A,-,17,22517,,N,E,G,A,A,H,-,A,D,0,,Y,,,Y,,A,07,0,1,0,0,0,0,1,0,0,"- ","- ",,,"SANTA BARBARA",GOLETA,-119.83496,34.448979999999999
7102968,2015,2015-10-29,4200,2015-10-13,1112,3116,14,2,5,4,4214,0,0,0,,0,060,"PATTERSON AV","DEBBIE RD",231.00,S,N,A,-,N,,,,,,,,,,N,4,0,1,2,A,-,03,22350,,N,C,C,A,A,H,-,A,A,0,,,,,Y,,A,08,0,0,1,0,0,0,0,0,0,"- ","- ",,,"SANTA BARBARA",GOLETA,-119.80882416,34.437378799999998
7102988,2015,2015-10-29,4204,2015-10-14,2032,20894,56,3,5,5,4204,0,0,0,,0,002,DEPOT,"MORRISON AV",0.00,,Y,A,-,N,,,,,,,,,,Y,4,0,1,1,A,-,01,23152,B,M,A,I,A,A,H,-,C,D,0,,,,,Y,Y,A,01,0,0,1,0,0,0,0,0,0,"- ","- ",34.943330000000003,-120.44356000000001,"SANTA BARBARA","SANTA MARIA",-120.44379995,34.943200019999999
7103042,2015,2017-01-28,4204,2015-10-10,1910,90341,,6,5,5,4204,0,0,0,,0,003,"BETTERAVIA RD","RT 101",0.00,,Y,A,-,Y,SB,5,101,-,-,86.450,R,4,N,N,4,0,1,2,A,-,03,22350,,F,C,C,A,A,H,-,A,A,0,,,,,Y,,A,01,0,0,1,0,0,0,0,0,0,"- ","- ",34.923520000000003,-120.41831000000001,"SANTA BARBARA","SANTA MARIA",-120.41784216000001,34.92159925
7103058,2015,2015-10-29,4204,2015-10-14,1659,90242,86,3,5,5,4204,0,0,0,,0,003,DEPOT,"ENOS DR",0.00,,Y,A,-,N,,,,,,,,,,Y,4,0,1,2,A,-,09,21802,B,N,D,C,A,B,H,-,A,D,0,,,,,Y,,A,01,0,0,1,0,0,0,0,0,0,"- ","- ",34.934849999999997,-120.44477999999999,"SANTA BARBARA","SANTA MARIA",-120.44475991,34.934670009999998
7103066,2015,2017-01-28,4204,2015-10-14,0755,23656,5,3,5,5,4204,0,0,0,,0,001,BROADWAY,GRANT,0.00,,Y,A,-,Y,SB,5,135,-,-,17.130,I,5,N,N,3,0,1,2,A,-,10,21950,A,N,G,G,A,A,H,-,A,A,0,,Y,,,Y,,A,01,0,1,0,0,0,0,1,0,0,"- ","- ",34.972790000000003,-120.43577000000001,"SANTA BARBARA","SANTA MARIA",-120.43554462,34.972774819999998
7103070,2015,2015-10-29,4204,2015-10-12,1527,90241,,1,5,5,4204,0,0,0,,0,,BROADWAY,"INGER DR",30.00,N,N,A,-,N,,,135,,,,,,,N,4,0,1,2,A,-,05,21650,1,N,D,G,A,A,H,-,A,D,0,,Y,,,Y,Y,L,04,0,0,1,0,0,0,1,0,0,"- ","- ",34.926670000000001,-120.43595999999999,"SANTA BARBARA","SANTA MARIA",-120.43594382000001,34.926670039999998
7103081,2015,2015-10-29,4204,2015-10-19,0912,92077,54,1,5,5,4204,0,0,0,,0,002,"BRADLEY RD",JONES,0.00,,Y,A,-,N,,,,,,,,,,N,4,0,1,2,A,-,09,21800,A,N,A,C,A,A,H,-,A,A,0,,,,,Y,,A,07,0,0,1,0,0,0,0,0,0,"- ","- ",34.945749999999997,-120.41795999999999,"SANTA BARBARA","SANTA MARIA",-120.41815988,34.945810090000002
7103085,2015,2015-10-29,4204,2015-10-18,1423,22751,,7,5,5,4204,0,0,0,,0,,MAIN,LINCOLN,0.00,,Y,A,-,N,,,166,,,,,,,N,4,0,1,2,A,-,03,22350,,N,C,C,A,A,H,-,A,D,0,,,,,Y,,A,07,0,0,1,0,0,0,0,0,0,"- ","- ",34.95317,-120.43738999999999,"SANTA BARBARA","SANTA MARIA",-120.43738955000001,34.953224720000001
7103089,2015,2015-10-29,4204,2015-10-18,1317,22751,59,7,5,5,4204,0,0,0,,0,002,"COLLEGE DR","STOWELL RD",100.00,N,N,A,-,N,,,,,,,,,,N,4,0,1,2,A,-,03,22350,,N,C,C,A,A,H,-,A,D,0,,,,,Y,,A,01,0,0,1,0,0,0,0,0,0,"- ","- ",34.938470000000002,-120.42849,"SANTA BARBARA","SANTA MARIA",-120.42488654,34.938664609999996
7103093,2015,2015-10-29,4204,2015-10-16,1614,18261,89,5,5,5,4204,0,0,0,,0,003,"COLLEGE DR","FIREFOX DR",0.00,,Y,A,-,N,,,,,,,,,,Y,4,0,1,2,A,-,09,21802,A,N,E,I,A,A,H,-,A,A,0,,,,,Y,,A,01,0,0,1,0,0,0,0,0,0,"- ","- ",34.905059999999999,-120.42236,"SANTA BARBARA","SANTA MARIA",-120.42234997,34.905020059999998
7103097,2015,2017-01-28,4204,2015-10-15,1436,90242,81,4,5,5,4204,0,0,0,,0,003,BROADWAY,"MCCOY LN",0.00,,Y,A,-,Y,SB,5,135,-,-,13.260,H,-,S,N,4,0,1,2,A,-,03,22350,,N,C,C,A,A,H,-,A,A,0,,,,,Y,,A,01,0,0,1,0,0,0,0,0,0,"- ","- ",34.916670000000003,-120.43615,"SANTA BARBARA","SANTA MARIA",-120.43610162,34.916664820000001
7103208,2015,2017-01-14,4200,2015-08-11,1714,3077,14,2,5,4,4214,0,0,0,,0,060,"LOS CARNEROS RD","RT 101",20.00,S,N,A,-,Y,SB,5,101,-,-,23.450,R,4,S,Y,3,0,2,3,A,-,03,22350,,N,C,C,A,A,H,-,A,A,0,,,,,Y,,A,01,0,2,0,0,0,0,0,0,0,"- ","- ",,,"SANTA BARBARA",GOLETA,-119.84833027000001,34.437823610000002
7103551,2015,2015-11-04,4203,2015-10-26,0804,6700,72,1,5,5,4203,0,0,0,,0,001,"OLD COAST HWY","HARBOR VIEW DR",50.00,W,N,A,-,N,,,,,,,,,,N,3,0,1,2,A,-,08,22100,B,N,H,G,A,A,H,-,A,D,0,,Y,,,Y,,L,04,0,1,0,0,0,0,1,0,0,"- ","- ",34.423020000000001,-119.66513999999999,"SANTA BARBARA","SANTA BARBARA",-119.66502208999999,34.423018370000001
7103567,2015,2017-02-03,4203,2015-10-20,1930,6377,,2,5,5,4203,0,0,0,,0,006,"MISSION ST","RT 101",0.00,,Y,A,-,Y,SB,5,101,-,R,15.640,R,4,S,Y,4,0,1,2,A,-,09,21801,A,N,D,C,A,A,H,-,C,A,0,,,,,Y,,-,,0,0,1,0,0,0,0,0,0,"- ",SO,34.252800000000001,-119.4325,"SANTA BARBARA","SANTA BARBARA",-119.71896595,34.42443205
7114677,2015,2015-11-09,4204,2015-10-28,1416,19101,83,3,5,5,4204,0,0,0,,0,003,"MCCOY LN","CROSSROADS LN",0.00,,Y,A,-,N,,,,,,,,,,N,4,0,1,2,A,-,09,21801,A,N,D,C,A,A,H,-,A,D,0,,,,,Y,,A,01,0,0,1,0,0,0,0,0,0,"- ","- ",34.916289999999996,-120.42395999999999,"SANTA BARBARA","SANTA MARIA",-120.42415990000001,34.916250069999997