CASE_ID,ACCIDENT_YEAR,PROC_DATE,JURIS,COLLISION_DATE,COLLISION_TIME,OFFICER_ID,REPORTING_DISTRICT,DAY_OF_WEEK,CHP_SHIFT,POPULATION,CNTY_CITY_LOC,SPECIAL_COND,BEAT_TYPE,CHP_BEAT_TYPE,CITY_DIVISION_LAPD,CHP_BEAT_CLASS,BEAT_NUMBER,PRIMARY_RD,SECONDARY_RD,DISTANCE,DIRECTION,INTERSECTION,WEATHER_1,WEATHER_2,STATE_HWY_IND,CALTRANS_COUNTY,CALTRANS_DISTRICT,STATE_ROUTE,ROUTE_SUFFIX,POSTMILE_PREFIX,POSTMILE,LOCATION_TYPE,RAMP_INTERSECTION,SIDE_OF_HWY,TOW_AWAY,COLLISION_SEVERITY,NUMBER_KILLED,NUMBER_INJURED,PARTY_COUNT,PRIMARY_COLL_FACTOR,PCF_CODE_OF_VIOL,PCF_VIOL_CATEGORY,PCF_VIOLATION,PCF_VIOL_SUBSECTION,HIT_AND_RUN,TYPE_OF_COLLISION,MVIW,PED_ACTION,ROAD_SURFACE,ROAD_COND_1,ROAD_COND_2,LIGHTING,CONTROL_DEVICE,CHP_ROAD_TYPE,PEDESTRIAN_ACCIDENT,BICYCLE_ACCIDENT,MOTORCYCLE_ACCIDENT,TRUCK_ACCIDENT,NOT_PRIVATE_PROPERTY,ALCOHOL_INVOLVED,STWD_VEHTYPE_AT_FAULT,CHP_VEHTYPE_AT_FAULT,COUNT_SEVERE_INJ,COUNT_VISIBLE_INJ,COUNT_COMPLAINT_PAIN,COUNT_PED_KILLED,COUNT_PED_INJURED,COUNT_BICYCLIST_KILLED,COUNT_BICYCLIST_INJURED,COUNT_MC_KILLED,COUNT_MC_INJURED,PRIMARY_RAMP,SECONDARY_RAMP,LATITUDE,LONGITUDE,COUNTY,CITY,POINT_X,POINT_Y
7114681,2015,2015-11-09,4204,2015-10-29,1259,90271,4204,4,5,5,4204,0,0,0,,0,003,"COLLEGE DR","ENOS DR",0.00,,Y,A,-,N,,,,,,,,,,Y,4,0,1,2,A,-,03,22350,,N,C,-,A,A,H,-,A,-,0,,,,,Y,,A,07,0,0,1,0,0,0,0,0,0,"- ","- ",34.934539999999998,-120.42503000000001,"SANTA BARBARA","SANTA MARIA",-120.42489988,34.934470070000003
7114685,2015,2017-01-28,4204,2015-10-28,1512,23397,88,3,5,5,4204,0,0,0,,0,003,BROADWAY,MILLER,10.00,S,N,A,-,Y,SB,5,135,-,-,12.740,H,-,N,N,4,0,1,2,A,-,08,22107,,N,B,C,A,A,H,-,A,A,0,,,,,Y,,A,07,0,0,1,0,0,0,0,0,0,"- ","- ",34.909170000000003,-120.43631999999999,"SANTA BARBARA","SANTA MARIA",-120.43586162,34.90909782
7114689,2015,2015-11-09,4204,2015-10-30,1623,90272,52,5,5,5,4204,0,0,0,,0,002,MAIN,BROADWAY,0.00,,Y,A,-,N,,,166,,,,,,,Y,4,0,1,3,A,-,09,21453,C,N,D,C,A,A,H,-,A,A,0,,,,,Y,,A,01,0,0,1,0,0,0,0,0,0,"- ","- ",34.953139999999998,-120.43586000000001,"SANTA BARBARA","SANTA MARIA",-120.43585774,34.953209579999999
7114693,2015,2015-11-09,4204,2015-10-28,1510,90241,,3,5,5,4204,0,0,0,,0,,BROADWAY,LIBERTY,125.00,N,N,A,-,N,,,135,,,,,,,N,4,0,1,2,A,-,03,22350,,M,C,C,A,A,H,-,A,A,0,,,,,Y,,-,,0,0,1,0,0,0,0,0,0,"- ","- ",34.93929,-120.43594,"SANTA BARBARA","SANTA MARIA",-120.43594139,34.939290010000001
7114886,2015,2015-11-14,4204,2015-10-22,0627,18261,83,4,5,5,4204,0,0,0,,0,003,"BETTERAVIA RD","BRADLEY RD",0.00,,Y,A,-,N,,,,,,,,,,Y,4,0,1,2,A,-,12,21453,A,N,D,C,A,A,H,-,C,A,0,,,,,Y,,A,08,0,0,1,0,0,0,0,0,0,"- ","- ",34.923380000000002,-120.41987,"SANTA BARBARA","SANTA MARIA",-120.42206993000001,34.923740090000003
7114902,2015,2015-11-14,4204,2015-10-27,1224,21338,047,2,5,5,4204,0,0,0,,0,002,CHURCH,ELIZABETH,50.00,W,N,A,-,N,,,,,,,,,,Y,4,0,1,3,A,-,01,23152,E,N,C,E,A,A,H,-,A,D,0,,,,,Y,,A,01,0,0,1,0,0,0,0,0,0,"- ","- ",34.95194,-120.42852999999999,"SANTA BARBARA","SANTA MARIA",-120.4286468,34.952030000000001
7114937,2015,2017-01-28,4204,2015-11-02,1103,23240,36,1,5,5,4204,0,0,0,,0,002,MAIN,"COLLEGE DR",25.00,E,N,B,C,Y,SB,5,166,-,-,8.520,H,-,W,N,4,0,2,2,A,-,03,22350,,N,C,C,A,B,H,-,A,A,0,,,,,Y,,I,11,0,0,2,0,0,0,0,0,0,"- ","- ",34.952930000000002,-120.42847999999999,"SANTA BARBARA","SANTA MARIA",-120.42455716000001,34.953165179999999
7114957,2015,2017-01-28,4204,2015-10-27,1530,90139,35,2,5,5,4204,0,0,0,,0,002,MAIN,MILLER,0.00,,Y,A,-,Y,SB,5,166,-,-,8.130,H,-,E,N,4,0,3,2,A,-,03,22350,,N,C,C,A,A,H,-,A,A,0,,,,,Y,,D,22,0,0,3,0,0,0,0,0,0,"- ","- ",34.95308,-120.43145,"SANTA BARBARA","SANTA MARIA",-120.43135287,34.953097380000003
7115982,2015,2017-01-12,9760,2015-08-18,0340,20227,,2,3,5,4203,0,1,2,,1,040,"RT 101","MPM 101 SB 39.81",157.00,N,N,B,-,Y,SB,5,101,-,-,39.840,H,-,S,Y,4,0,1,2,A,-,08,22107,,N,E,I,A,A,E,-,D,D,5,,,,Y,Y,,J,48,0,0,1,0,0,0,0,0,0,"- ","- ",34.47242,-120.12486,"SANTA BARBARA","SANTA BARBARA",-120.1203221,34.472084539999997
7130050,2015,2015-12-14,4204,2015-11-10,1309,90242,59,2,5,5,4204,0,0,0,,0,002,"STOWELL RD","BRADLEY RD",0.00,,Y,A,-,N,,,,,,,,,,N,4,0,2,2,A,-,12,21453,A,N,A,C,A,A,H,-,A,A,0,,,,,Y,,-,"- ",0,0,2,0,0,0,0,0,0,"- ","- ",34.938299999999998,-120.41945,"SANTA BARBARA","SANTA MARIA",-120.41941998,34.938339999999997
7130054,2015,2015-12-08,4204,2015-11-13,1527,90081,,5,5,5,4204,0,0,0,,0,,"ALVIN AV","STOKES AV",35.00,W,N,A,-,N,,,,,,,,,,Y,4,0,3,3,A,-,03,22350,,N,C,C,A,A,H,-,A,D,0,,,,,Y,,A,01,0,0,3,0,0,0,0,0,0,"- ","- ",34.960340000000002,-120.41531999999999,"SANTA BARBARA","SANTA MARIA",-120.41562675,34.960261600000003
7130058,2015,2015-12-08,4204,2015-11-23,1653,90322,82,1,5,5,4204,0,0,0,,0,003,"BETTERAVIA RD",MILLER,500.00,W,N,A,-,N,,,,,,,,,,Y,4,0,1,2,A,-,03,22350,,N,C,C,A,A,H,-,B,A,0,,,,,Y,,A,08,0,0,1,0,0,0,0,0,0,"- ","- ",,,"SANTA BARBARA","SANTA MARIA",-120.43271534,34.921887839999997
7130062,2015,2015-12-08,4204,2015-11-20,1704,90242,72,5,5,5,4204,0,0,0,,0,003,"BLOSSER RD","SONYA LN",0.00,,Y,A,-,N,,,,,,,,,,N,4,0,1,2,A,-,09,21802,A,N,D,C,A,A,H,-,C,A,0,,,,,Y,,A,01,0,0,1,0,0,0,0,0,0,"- ","- ",34.927930000000003,-120.45359999999999,"SANTA BARBARA","SANTA MARIA",-120.45400988,34.927880020000003
7131378,2015,2015-12-10,4202,2015-10-20,2020,239,LOMPO,2,5,4,4202,0,0,0,,0,004,"CENTRAL AV","D ST",0.00,,Y,B,-,N,,,,,,,,,,N,4,0,2,2,A,-,12,21453,A,N,A,C,A,A,H,-,C,A,0,,,,,Y,,A,08,0,0,2,0,0,0,0,0,0,"- ","- ",,,"SANTA BARBARA",LOMPOC,-120.45323995,34.660760099999997
7132261,2015,2015-12-14,4202,2015-11-13,1130,273,LOMPO,5,5,4,4202,0,0,0,,0,,"V ST","COLLEGE AV",0.00,,Y,-,-,N,,,,,,,,,,N,4,0,1,2,A,-,09,21800,,N,D,G,A,-,H,-,A,A,0,,Y,,,Y,,D,22,0,0,1,0,0,0,1,0,0,"- ","- ",,,"SANTA BARBARA",LOMPOC,-120.47540995999999,34.647160040000003
7132263,2015,2015-12-15,4200,2015-11-13,1819,4576,14,5,5,4,4214,0,0,0,,0,080,"HOLLISTER AV","LOWELL WY",0.00,,Y,A,-,N,,,,,,,,,,Y,4,0,2,2,A,-,09,21801,A,N,A,C,A,A,H,-,C,A,0,,,,,Y,,A,01,0,0,2,0,0,0,0,0,0,"- ","- ",,,"SANTA BARBARA",GOLETA,-119.8815299,34.430020020000001
7132276,2015,2017-01-28,4200,2015-11-25,1953,4652,14,3,5,4,4214,0,0,0,,0,060,"PATTERSON AV","RT 101",66.00,S,N,A,-,Y,SB,5,101,-,-,20.850,R,1,N,N,3,0,1,2,A,-,03,22350,,N,C,G,A,A,H,-,C,D,0,,Y,,,Y,,A,01,0,1,0,0,0,0,1,0,0,"- ",SO,,,"SANTA BARBARA",GOLETA,-119.80311827,34.44159681
7132280,2015,2015-12-14,4200,2015-11-12,1259,3683,14,4,5,4,4214,0,0,0,,0,050,"ANDAMAR WY","DARA RD",30.00,E,N,A,-,N,,,,,,,,,,N,4,0,1,2,A,-,08,22107,,N,G,B,E,A,H,-,A,D,0,Y,,,,Y,,A,08,0,0,1,0,1,0,0,0,0,"- ","- ",,,"SANTA BARBARA",GOLETA,-119.82218066,34.450523750000002
7132319,2015,2015-12-14,4202,2015-11-04,0631,234,LOMPO,3,5,4,4202,0,0,0,,0,,"12TH ST","OCEAN AV",428.00,N,N,A,-,N,,,,,,,,,,N,4,0,1,2,A,-,03,22350,,N,C,C,A,A,H,-,A,D,0,,,,,Y,,A,01,0,0,1,0,0,0,0,0,0,"- ","- ",,,"SANTA BARBARA",LOMPOC,-120.43593,34.642435589999998
7132597,2015,2015-12-15,4203,2015-12-04,0805,1584,60,5,5,5,4203,0,0,0,,0,001,"HALEY ST","NOPAL ST",0.00,,Y,B,-,N,,,,,,,,,,Y,4,0,1,2,A,-,09,21802,A,N,D,C,A,A,H,-,A,A,0,,,,,Y,,-,,0,0,1,0,0,0,0,0,0,"- ","- ",34.25311,-119.41112,"SANTA BARBARA","SANTA BARBARA",-119.68647989999999,34.425290019999998
7132601,2015,2015-12-15,4203,2015-12-04,1533,7568,,5,5,5,4203,0,0,0,,0,003,"HALEY ST","GARDEN ST",0.00,,Y,A,-,N,,,,,,,,,,N,3,0,1,2,A,-,12,21453,,N,G,B,B,A,H,-,A,A,0,Y,,,,Y,,-,,0,1,0,0,1,0,0,0,0,"- ","- ",34.419899999999998,-119.6921,"SANTA BARBARA","SANTA BARBARA",-119.69211994,34.420009999999998
7132633,2015,2016-08-23,4203,2015-11-30,1045,6700,11,1,5,5,4203,0,0,0,,0,002,"MILPAS ST","CACIQUE ST",0.00,,Y,A,-,N,,,,,,,,,,Y,4,0,1,2,A,-,12,21453,A,N,D,C,A,A,H,-,A,A,0,,,,,Y,,A,01,0,0,1,0,0,0,0,0,0,"- ","- ",34.41977,-119.6764,"SANTA BARBARA","SANTA BARBARA",-119.67634997,34.419770040000003
7103571,2015,2015-11-04,4203,2015-10-14,1307,2661,,3,5,5,4203,0,0,0,,0,005,"HOLLISTER AV","ROBIN HILL RD",33.00,W,N,A,-,N,,,,,,,,,,N,3,0,1,1,A,-,03,22350,,N,F,A,A,A,H,-,A,D,0,,,Y,,Y,,C,02,0,1,0,0,0,0,0,0,1,"- ","- ",34.431899999999999,-119.84350000000001,"SANTA BARBARA","SANTA BARBARA",-119.8448465,34.431989389999998
7103575,2015,2015-11-04,4203,2015-10-16,1020,2661,43,5,5,5,4203,0,0,0,,0,003,"HALEY ST","LAGUNA ST",0.00,,Y,A,-,N,,,,,,,,,,N,4,0,1,2,A,-,12,21453,A,N,H,G,A,A,H,-,A,A,0,,Y,,,Y,,L,04,0,0,1,0,0,0,1,0,0,"- ","- ",34.421100000000003,-119.691,"SANTA BARBARA","SANTA BARBARA",-119.69099991,34.421060019999999
7142185,2015,2015-12-28,4204,2015-12-01,1244,90373,76,2,5,5,4204,0,0,0,,0,003,"BETTERAVIA RD","BRADLEY RD E",0.00,,Y,A,-,N,,,,,,,,,,N,4,0,1,2,A,-,03,22350,,N,C,C,A,A,H,-,A,D,0,,,,,Y,,A,01,0,0,1,0,0,0,0,0,0,"- ","- ",34.923380000000002,-120.41987,"SANTA BARBARA","SANTA MARIA",-120.42206993000001,34.923740090000003
7142186,2015,2015-12-28,4204,2015-12-07,1222,23240,76,1,5,5,4204,0,0,0,,0,003,"BRADLEY RD","BETTERAVIA RD E",60.00,S,N,A,-,N,,,,,,,,,,N,4,0,1,2,A,-,07,21658,A,M,B,C,A,A,H,-,A,A,0,,,,,Y,,A,01,0,0,1,0,0,0,0,0,0,"- ","- ",34.923380000000002,-120.41987,"SANTA BARBARA","SANTA MARIA",-120.42206084999999,34.923575370000002
7142187,2015,2017-01-28,4204,2015-12-09,1411,23240,33,3,5,5,4204,0,0,0,,0,002,MAIN,THORNBURG,0.00,,Y,A,-,Y,SB,5,166,-,-,7.630,I,5,E,Y,4,0,1,2,A,-,09,21801,A,N,D,C,A,A,H,-,A,A,0,,,,,Y,,A,01,0,0,1,0,0,0,0,0,0,"- ","- ",34.95326,-120.44034000000001,"SANTA BARBARA","SANTA MARIA",-120.44020346000001,34.953128470000003
7142188,2015,2015-12-28,4204,2015-12-09,1745,23028,81,3,5,5,4204,0,0,0,,0,003,DEPOT,"BETTERAVIA RD",445.00,S,N,A,-,N,,,,,,,,,,N,4,0,1,2,A,-,05,21202,,N,D,G,A,A,H,-,C,D,0,,Y,,,Y,,L,04,0,0,1,0,0,0,1,0,0,"- ","- ",34.920639999999999,-120.44369,"SANTA BARBARA","SANTA MARIA",-120.44347,34.919207720000003
7142189,2015,2015-12-28,4204,2015-12-12,0044,90239,25,6,5,5,4204,0,0,0,,0,001,"OAKLEY AV","ALVIN AV",0.00,,Y,A,-,N,,,,,,,,,,Y,4,0,2,1,A,-,03,22350,,N,E,I,A,A,H,-,C,D,0,,,,,Y,Y,A,01,0,0,2,0,0,0,0,0,0,"- ","- ",34.960389999999997,-120.44682,"SANTA BARBARA","SANTA MARIA",-120.4467799,34.96054006
7142190,2015,2017-02-03,4204,2015-12-10,1331,23240,37,4,5,5,4204,0,0,0,,0,002,MAIN,"NICHOLSON AV",150.00,W,N,C,-,Y,SB,5,101,-,-,88.780,R,4,N,Y,4,0,2,2,A,-,09,21801,A,N,D,C,A,B,H,-,A,A,0,,,,,Y,,A,01,0,0,2,0,0,0,0,0,0,"- ","- ",34.95308,-120.41633,"SANTA BARBARA","SANTA MARIA",-120.4171954,34.955400529999999
7142401,2015,2016-02-22,4203,2015-12-15,1358,2264,,2,5,5,4203,0,0,0,,0,004,"W DE LA GUERRA ST","BATH ST",27.00,E,N,A,-,N,,,,,,,,,,N,4,0,1,2,A,-,03,22350,,N,C,C,A,A,H,-,A,A,0,,,,,Y,,A,01,0,0,1,0,0,0,0,0,0,"- ","- ",34.245899999999999,-119.42100000000001,"SANTA BARBARA","SANTA BARBARA",-119.70264009,34.416515050000001
7142437,2015,2017-01-28,4203,2015-12-15,2225,1959,,2,5,5,4203,0,0,0,,0,001,"SYCAMORE CANYON RD","ALAMEDA PADRE SERRA",1095.00,N,N,A,-,Y,SB,5,144,-,-,1.080,H,-,N,Y,3,0,2,1,A,-,01,23153,,N,-,J,A,A,H,-,C,A,0,,,,,Y,Y,-,,0,2,0,0,0,0,0,0,0,"- ","- ",34.255540000000003,-119.40353,"SANTA BARBARA","SANTA BARBARA",-119.67670145,34.431840809999997
7144030,2015,2016-01-04,4204,2015-12-14,1305,23240,41,1,5,5,4204,0,0,0,,0,002,COOK,DEPOT,0.00,,Y,A,-,N,,,,,,,,,,Y,4,0,3,2,A,-,09,21802,A,N,D,C,A,A,H,-,A,A,0,,,,,Y,,D,22,0,0,3,0,0,0,0,0,0,"- ","- ",34.950090000000003,-120.44378,"SANTA BARBARA","SANTA MARIA",-120.44369998000001,34.949910010000004
7121048,2015,2015-12-01,4204,2015-11-14,1017,21846,4204,6,5,5,4204,0,0,0,,0,002,MILLER,COOK,0.00,,Y,A,-,N,,,,,,,,,,N,4,0,1,2,A,-,03,22350,,N,C,C,A,A,H,-,A,A,0,,,,,Y,,-,,0,0,1,0,0,0,0,0,0,"- ","- ",34.949800000000003,-120.4316,"SANTA BARBARA","SANTA MARIA",-120.43146987,34.949890089999997
7121068,2015,2015-12-01,4204,2015-11-12,0643,90228,80,4,5,5,4204,0,0,0,,0,003,"BLOSSER RD","BETTERAVIA RD",50.00,N,N,A,-,N,,,,,,,,,,N,4,0,1,2,A,-,03,22350,,N,C,C,A,A,H,-,A,B,0,,,,,Y,,A,01,0,0,1,0,0,0,0,0,0,"- ","- ",34.92069,-120.45393,"SANTA BARBARA","SANTA MARIA",-120.45408999999999,34.920767339999998
7121621,2015,2015-12-01,4204,2015-11-02,1245,90377,,1,5,5,4204,0,0,0,,0,003,BROADWAY,"BATTLES RD",150.00,S,N,A,-,N,,,135,,,,,,,N,4,0,1,2,A,-,21,22106,,N,C,C,A,A,H,-,A,A,0,,,,,Y,,D,22,0,0,1,0,0,0,0,0,0,"- ","- ",34.931510000000003,-120.43617999999999,"SANTA BARBARA","SANTA MARIA",-120.43611763,34.931510289999999
7121629,2015,2015-12-01,4204,2015-11-03,1724,90322,81,2,5,5,4204,0,0,0,,0,003,"MCCOY LN","EASTBURY WY",0.00,,Y,A,-,N,,,,,,,,,,Y,4,0,1,2,A,-,09,21801,A,N,A,C,A,A,H,-,B,D,0,,,,,Y,,I,11,0,0,1,0,0,0,0,0,0,"- ","- ",34.91675,-120.44022,"SANTA BARBARA","SANTA MARIA",-120.44001996999999,34.91673007
7121637,2015,2015-12-01,4204,2015-11-06,0402,90363,87,5,5,5,4204,0,0,0,,0,003,"SKYWAY DR","HANGAR ST",295.00,N,N,A,-,N,,,,,,,,,,N,3,0,1,1,A,-,08,22107,,N,E,I,A,A,H,-,C,D,0,,,,,Y,,D,22,0,1,0,0,0,0,0,0,0,"- ","- ",34.904789999999998,-120.45143,"SANTA BARBARA","SANTA MARIA",-120.45219793,34.905157060000001
7121645,2015,2017-01-28,4204,2015-11-10,0833,90242,16,2,5,5,4204,0,0,0,,0,001,BROADWAY,"ALVIN AV",0.00,,Y,A,-,Y,SB,5,135,-,-,16.280,I,5,N,N,3,0,1,2,A,-,10,21950,A,F,G,B,B,A,H,-,A,A,0,Y,,,,Y,,D,22,0,1,0,0,1,0,0,0,0,"- ","- ",34.960450000000002,-120.43576,"SANTA BARBARA","SANTA MARIA",-120.43569725,34.960485290000001
7121651,2015,2015-11-20,4204,2015-10-18,1835,90273,50,7,5,5,4204,0,0,0,,0,002,COOK,"RUSSELL AV",0.00,,Y,A,-,N,,,,,,,,,,Y,4,0,1,2,A,-,09,21801,A,N,D,C,A,A,H,-,C,A,0,,,,,Y,,A,01,0,0,1,0,0,0,0,0,0,"- ","- ",34.949440000000003,-120.45169,"SANTA BARBARA","SANTA MARIA",-120.45153998000001,34.949610059999998
7122261,2015,2015-11-30,4203,2015-11-06,1516,2661,,5,5,5,4203,0,0,0,,0,005,"ONTARE RD","CHUPAROSA DR",0.00,,Y,A,-,N,,,,,,,,,,N,4,0,1,2,A,-,09,21801,A,N,A,C,A,A,H,-,A,A,0,,,,,Y,,A,07,0,0,1,0,0,0,0,0,0,"- ","- ",34.441699999999997,-119.73990000000001,"SANTA BARBARA","SANTA BARBARA",-119.73976991000001,34.443110070000003
7122265,2015,2015-11-30,4203,2015-11-06,0754,2661,56,5,5,5,4203,0,0,0,,0,005,"HOPE AV","SAN REMO",0.00,,Y,A,-,N,,,,,,,,,,N,3,0,1,2,A,-,03,22350,,N,C,C,A,A,H,-,A,D,0,,,,,Y,,A,01,0,1,0,0,0,0,0,0,0,"- ","- ",34.442300000000003,-119.7467,"SANTA BARBARA","SANTA BARBARA",-119.74664998,34.442670030000002
7122269,2015,2015-11-30,4203,2015-11-09,1441,6700,32,1,5,5,4203,0,0,0,,0,004,"CARRILLO ST","BATH ST",127.00,E,N,B,-,N,,,,,,,,,,N,4,0,1,2,A,-,07,21658,A,N,C,C,A,A,H,-,A,D,0,,,,,Y,,A,01,0,0,1,0,0,0,0,0,0,"- ","- ",34.41863,-119.70502,"SANTA BARBARA","SANTA BARBARA",-119.70496439,34.41857607
7122273,2015,2015-11-30,4203,2015-11-11,1107,6700,13,3,5,5,4203,0,0,0,,0,002,"CABRILLO BL","CHAPALA ST",104.00,W,N,A,-,N,,,,,,,,,,N,4,0,1,2,A,-,09,21804,A,N,G,B,F,A,H,-,A,D,0,Y,,,,Y,,A,01,0,0,1,0,1,0,0,0,0,"- ","- ",34.411029999999997,-119.69083000000001,"SANTA BARBARA","SANTA BARBARA",-119.69060111,34.411013779999998
7132637,2015,2015-12-15,4203,2015-11-30,1530,7570,46,1,5,5,4203,0,0,0,,0,003,"E MICHELTORENA ST","LAGUNA ST",0.00,,Y,A,-,N,,,,,,,,,,Y,3,0,1,2,A,-,12,22450,A,N,D,G,A,A,H,-,A,A,0,,Y,,,Y,,A,01,0,1,0,0,0,0,1,0,0,"- ","- ",34.430399999999999,-119.4213,"SANTA BARBARA","SANTA BARBARA",-119.70370996,34.430430029999997
7133369,2015,2016-08-10,4204,2015-11-09,2352,90322,49,1,5,5,4204,0,0,0,,0,002,MAIN,"SUEY RD",290.00,W,N,F,-,N,,,,,,,,,,Y,2,0,4,2,A,-,01,23152,A,N,A,C,A,B,H,-,C,D,0,,,,,Y,Y,A,01,1,2,1,0,0,0,0,0,0,"- ","- ",34.952829999999999,-120.40907,"SANTA BARBARA","SANTA MARIA",-120.41000731,34.952850810000001
7133377,2015,2015-12-15,4204,2015-11-15,1333,90375,69,7,5,5,4204,0,0,0,,0,003,"COLLEGE DR","ENOS DR",30.00,N,N,A,-,N,,,,,,,,,,Y,4,0,1,2,A,-,03,22350,,F,C,C,A,A,H,-,A,A,0,,,,,Y,,D,22,0,0,1,0,0,0,0,0,0,"- ","- ",34.934539999999998,-120.42503000000001,"SANTA BARBARA","SANTA MARIA",-120.42489972,34.934552400000001
7133401,2015,2017-01-28,4204,2015-11-27,2147,90363,32,5,5,5,4204,0,0,0,,0,002,MAIN,"BLOSSER RD",0.00,,Y,A,-,Y,SB,5,166,-,-,6.870,I,5,W,Y,4,0,1,2,A,-,12,21453,A,N,D,C,A,A,H,-,A,A,0,,,,,Y,,A,01,0,0,1,0,0,0,0,0,0,"- ","- ",,,"SANTA BARBARA","SANTA MARIA",-120.45387854000001,34.953369070000001
7133405,2015,2015-12-15,4204,2015-11-30,0710,23240,4204,1,5,5,4204,0,0,0,,0,001,"DONOVAN RD","SUEY RD",0.00,,Y,A,-,N,,,,,,,,,,N,4,0,1,2,A,-,10,21950,A,N,G,B,B,A,H,-,A,A,0,Y,,,,Y,,D,22,0,0,1,0,1,0,0,0,0,"- ","- ",34.96754,-120.40888,"SANTA BARBARA","SANTA MARIA",-120.40882996000001,34.967430069999999
7133446,2015,2015-12-14,4202,2015-10-27,2009,265,,2,5,4,4202,0,0,0,,0,4202,"T ST","VILLAGE CIR DR",0.00,,Y,A,-,N,,,,,,,,,,N,4,0,1,2,A,-,10,21952,,N,G,B,D,A,H,-,C,D,0,Y,,,,Y,,A,01,0,0,1,0,1,0,0,0,0,"- ","- ",,,"SANTA BARBARA",LOMPOC,-120.47307994000001,34.639980039999998
7135517,2015,2017-01-28,4200,2015-11-25,1019,3608,6,3,5,2,4206,0,0,0,,0,,"MISSION DR","SOLVANG MILL",25.00,W,N,B,-,Y,SB,5,246,-,-,29.870,H,-,W,,4,0,1,2,A,-,08,22107,,N,B,E,A,B,H,-,A,D,0,,,,,Y,,-,"- ",0,0,1,0,0,0,0,0,0,"- ","- ",,,"SANTA BARBARA",SOLVANG,-120.13441809,34.59597772
7135804,2015,2015-12-14,4200,2015-09-14,1423,3683,14,1,5,4,4214,0,0,0,,0,060,"HOLLISTER AV","STORKE RD",117.00,E,N,B,-,N,,,,,,,,,,Y,3,0,1,1,C,-,18,,,N,E,I,A,A,H,-,-,D,0,,,,,Y,,-,"- ",0,1,0,0,0,0,0,0,0,"- ","- ",,,"SANTA BARBARA",GOLETA,-119.86936228,34.430102339999998
7136589,2015,2017-01-28,4204,2015-12-03,1824,90242,10,4,5,5,4204,0,0,0,,0,001,"DONOVAN RD","RT 101",0.00,,Y,C,-,Y,SB,5,101,-,-,89.810,R,4,S,N,4,0,1,2,A,-,03,22350,,M,C,C,A,B,H,-,C,A,0,,,,,Y,,A,01,0,0,1,0,0,0,0,0,0,"- ",SO,34.967509999999997,-120.42440000000001,"SANTA BARBARA","SANTA MARIA",-120.42409146,34.969198710000001
7136710,2015,2016-04-19,4204,2015-12-03,1550,23240,89,4,5,5,4204,0,0,0,,0,003,"COLLEGE DR","BRADLEY RD S",0.00,,Y,A,-,N,,,,,,,,,,Y,1,1,2,3,A,-,09,21802,A,N,D,C,A,A,H,-,A,A,0,,,,,Y,,A,01,0,0,2,0,0,0,0,0,0,"- ","- ",34.911369999999998,-120.42401,"SANTA BARBARA","SANTA MARIA",-120.42409995,34.911360070000001
7136714,2015,2015-12-17,4204,2015-12-04,1818,90345,05,5,5,5,4204,0,0,0,,0,001,TAFT,"LYNNE DR",0.00,,Y,A,-,N,,,,,,,,,,N,4,0,2,2,A,-,09,21800,A,N,B,C,A,A,H,-,C,D,0,,,Y,,Y,,C,02,0,0,2,0,0,0,0,0,2,"- ","- ",34.973300000000002,-120.42767000000001,"SANTA BARBARA","SANTA MARIA",-120.42746996,34.973400089999998
7122670,2015,2015-11-24,4204,2015-11-09,1438,90374,,1,5,5,4204,0,0,0,,0,001,BROADWAY,ORCHARD,0.00,,Y,C,-,N,,,135,,,,,,,Y,4,0,3,3,A,-,09,21801,A,N,D,C,A,B,H,-,A,D,0,,,,,Y,,A,01,0,0,3,0,0,0,0,0,0,"- ","- ",34.965960000000003,-120.43549,"SANTA BARBARA","SANTA MARIA",-120.4356428,34.965962339999997
7122858,2015,2015-11-23,4204,2015-11-03,1802,90242,55,2,5,5,4204,0,0,0,,0,003,"MORRISON AV","OAKLEY AV",0.00,,Y,A,-,N,,,,,,,,,,N,3,0,1,2,A,-,09,21802,A,N,G,G,A,A,H,-,C,D,0,,Y,,,Y,,A,01,0,1,0,0,0,0,1,0,0,"- ","- ",34.94341,-120.44598999999999,"SANTA BARBARA","SANTA MARIA",-120.44617995999999,34.943210090000001
7125021,2015,2015-12-02,4204,2015-11-18,1620,90272,32,3,5,5,4204,0,0,0,,0,002,MAIN,BENWILEY,0.00,,Y,A,-,N,,,,,,,,,,Y,4,0,1,2,A,-,12,22450,,N,D,C,A,A,H,-,A,D,0,,,,,Y,,A,01,0,0,1,0,0,0,0,0,0,"- ","- ",,,"SANTA BARBARA","SANTA MARIA",-120.44568993999999,34.953230009999999