CASE_ID,ACCIDENT_YEAR,PROC_DATE,JURIS,COLLISION_DATE,COLLISION_TIME,OFFICER_ID,REPORTING_DISTRICT,DAY_OF_WEEK,CHP_SHIFT,POPULATION,CNTY_CITY_LOC,SPECIAL_COND,BEAT_TYPE,CHP_BEAT_TYPE,CITY_DIVISION_LAPD,CHP_BEAT_CLASS,BEAT_NUMBER,PRIMARY_RD,SECONDARY_RD,DISTANCE,DIRECTION,INTERSECTION,WEATHER_1,WEATHER_2,STATE_HWY_IND,CALTRANS_COUNTY,CALTRANS_DISTRICT,STATE_ROUTE,ROUTE_SUFFIX,POSTMILE_PREFIX,POSTMILE,LOCATION_TYPE,RAMP_INTERSECTION,SIDE_OF_HWY,TOW_AWAY,COLLISION_SEVERITY,NUMBER_KILLED,NUMBER_INJURED,PARTY_COUNT,PRIMARY_COLL_FACTOR,PCF_CODE_OF_VIOL,PCF_VIOL_CATEGORY,PCF_VIOLATION,PCF_VIOL_SUBSECTION,HIT_AND_RUN,TYPE_OF_COLLISION,MVIW,PED_ACTION,ROAD_SURFACE,ROAD_COND_1,ROAD_COND_2,LIGHTING,CONTROL_DEVICE,CHP_ROAD_TYPE,PEDESTRIAN_ACCIDENT,BICYCLE_ACCIDENT,MOTORCYCLE_ACCIDENT,TRUCK_ACCIDENT,NOT_PRIVATE_PROPERTY,ALCOHOL_INVOLVED,STWD_VEHTYPE_AT_FAULT,CHP_VEHTYPE_AT_FAULT,COUNT_SEVERE_INJ,COUNT_VISIBLE_INJ,COUNT_COMPLAINT_PAIN,COUNT_PED_KILLED,COUNT_PED_INJURED,COUNT_BICYCLIST_KILLED,COUNT_BICYCLIST_INJURED,COUNT_MC_KILLED,COUNT_MC_INJURED,PRIMARY_RAMP,SECONDARY_RAMP,LATITUDE,LONGITUDE,COUNTY,CITY,POINT_X,POINT_Y
7125073,2015,2017-01-28,4204,2015-11-08,0936,22113,,7,5,5,4204,0,0,0,,0,001,BROADWAY,"ALVIN AV",25.00,N,N,A,-,Y,SB,5,135,-,-,16.280,H,-,N,N,4,0,1,2,A,-,05,21650,,N,G,G,A,A,H,-,A,A,0,,Y,,,Y,,L,04,0,0,1,0,0,0,1,0,0,"- ","- ",34.960450000000002,-120.43576,"SANTA BARBARA","SANTA MARIA",-120.43569725,34.960485290000001
7125085,2015,2017-01-28,4204,2015-11-22,1643,22113,16,7,5,5,4204,0,0,0,,0,001,BROADWAY,"DONOVAN RD",16.00,S,N,A,-,Y,SB,5,135,-,-,16.770,H,-,N,Y,4,0,2,2,A,-,01,23152,A,M,C,C,A,A,H,-,A,A,0,,,,,Y,Y,A,01,0,0,2,0,0,0,0,0,0,"- ","- ",34.967759999999998,-120.43544,"SANTA BARBARA","SANTA MARIA",-120.43561164,34.967600990000001
7126402,2015,2015-12-09,4203,2015-11-22,1437,6970,,7,5,5,4203,0,0,0,,0,003,"HALEY ST","SANTA BARBARA ST",0.00,,Y,A,-,N,,,,,,,,,,Y,3,0,1,2,A,-,12,21453,A,N,D,C,A,A,H,-,A,A,0,,,,,Y,,-,,0,1,0,0,0,0,0,0,0,"- ","- ",34.250819999999997,-119.41356,"SANTA BARBARA","SANTA BARBARA",-119.69322991999999,34.418960050000003
7126410,2015,2015-12-14,4203,2015-11-26,0108,23136,SBSC,4,5,5,4203,0,0,0,,0,005,"CIENEGUITAS RD","FOOTHILL RD",348.00,S,N,A,-,N,,,,,,,,,,Y,3,0,2,1,A,-,01,23153,,N,E,I,A,A,H,-,C,D,0,,,,,Y,Y,A,01,0,2,0,0,0,0,0,0,0,"- ","- ",34.27017,-119.45353,"SANTA BARBARA","SANTA BARBARA",-119.75982068,34.450514519999999
7126414,2015,2015-12-09,4203,2015-11-26,1328,6048,,4,5,5,4203,0,0,0,,0,004,"STATE ST","VALERIO ST",0.00,,Y,A,-,N,,,,,,,,,,N,4,0,1,2,A,-,03,22350,,N,C,C,A,A,H,-,A,D,0,,,,,Y,,-,,0,0,1,0,0,0,0,0,0,"- ","- ",34.254080000000002,-119.4239,"SANTA BARBARA","SANTA BARBARA",-119.71084992,34.428030049999997
7126418,2015,2015-12-09,4203,2015-11-25,1358,2661,41,3,5,5,4203,0,0,0,,0,004,"CARRILLO ST","DE LA VINA ST",132.00,E,N,A,-,N,,,,,,,,,,N,4,0,1,2,A,-,03,22350,,N,C,C,A,A,H,-,A,A,0,,,,,Y,,A,01,0,0,1,0,0,0,0,0,0,"- ","- ",34.419499999999999,-119.7041,"SANTA BARBARA","SANTA BARBARA",-119.70385155,34.419622420000003
7126422,2015,2015-12-14,4203,2015-11-27,0840,22859,,5,5,5,4203,0,0,0,,0,001,"MILPAS ST","E GUTIERREZ ST",0.00,,Y,A,-,N,,,,,,,,,,N,3,0,1,2,A,-,12,21453,A,N,D,G,A,A,H,-,A,A,0,,Y,,,Y,,L,04,0,1,0,0,0,0,1,0,0,"- ","- ",34.2532,-119.41200000000001,"SANTA BARBARA","SANTA BARBARA",-119.68405991,34.425390020000002
7126477,2015,2015-12-09,4203,2015-11-25,1856,6377,,3,5,5,4203,0,0,0,,0,005,"STATE ST","W CALLE CRESPIS",0.00,,Y,A,-,N,,,,,,,,,,Y,4,0,1,2,D,-,00,,,F,B,C,A,A,H,-,C,A,0,,,,,Y,,-,"- ",0,0,1,0,0,0,0,0,0,"- ","- ",34.2624,-119.4336,"SANTA BARBARA","SANTA BARBARA",-119.72730986000001,34.440350090000003
7137206,2015,2015-12-22,4200,2015-11-13,1846,4208,,5,5,3,4205,0,0,0,,0,030,"CASITAS PASS RD","CAMEO RD",0.00,,Y,A,-,N,,,,,,,,,,Y,4,0,1,2,A,-,21,22106,,N,B,C,A,A,H,-,C,D,0,,,,,Y,,D,22,0,0,1,0,0,0,0,0,0,"- ","- ",,,"SANTA BARBARA",CARPINTERIA,-119.50971995,34.397690050000001
7137207,2015,2015-12-22,4200,2015-11-24,1720,3116,14,2,5,4,4214,0,0,0,,0,060,"HOLLISTER AV","ORANGE AV",0.00,,Y,A,-,N,,,,,,,,,,N,3,0,1,2,A,-,09,21801,A,N,D,G,A,A,H,-,C,D,0,,Y,,,Y,,D,22,0,1,0,0,0,0,1,0,0,"- ","- ",,,"SANTA BARBARA",GOLETA,-119.82905995,34.436000020000002
7137208,2015,2015-12-21,4200,2015-10-22,1631,3683,14,4,5,4,4214,0,0,0,,0,060,"HOLLISTER AV","KINMAN AV",437.00,W,N,A,-,N,,,,,,,,,,N,4,0,2,2,A,-,03,22350,,N,C,C,A,A,H,-,A,D,0,,,,,Y,,A,07,0,0,2,0,0,0,0,0,0,"- ","- ",,,"SANTA BARBARA",GOLETA,-119.82375685,34.435662469999997
7137209,2015,2016-01-05,4200,2015-10-26,1044,3683,14,1,5,4,4214,0,0,0,,0,050,"CALLE REAL","CARLO DR",0.00,,Y,A,-,N,,,,,,,,,,Y,3,0,1,2,A,-,09,21801,A,N,A,C,A,A,D,E,A,D,0,,,,,Y,,D,22,0,1,0,0,0,0,0,0,0,"- ","- ",,,"SANTA BARBARA",GOLETA,-119.83658993,34.439400059999997
7137242,2015,2017-01-28,4204,2015-12-14,0758,23240,10,1,5,5,4204,0,0,0,,0,001,BROADWAY,WILLIAMS,0.00,,Y,A,-,Y,SB,5,135,-,-,16.930,I,5,S,Y,4,0,1,2,A,-,09,21453,C,N,D,C,A,A,H,-,A,A,0,,,,,Y,,D,22,0,0,1,0,0,0,0,0,0,"- ","- ",34.969920000000002,-120.43591000000001,"SANTA BARBARA","SANTA MARIA",-120.43570962,34.969881819999998
7137244,2015,2015-12-23,4204,2015-12-10,1014,23397,83,4,5,5,4204,0,0,0,,0,003,"BETTERAVIA RD","COLLEGE DR",20.00,W,N,C,-,N,,,,,,,,,,N,4,0,2,2,A,-,03,22350,,N,C,C,A,B,H,-,A,A,0,,,,Y,Y,,F,78,0,0,2,0,0,0,0,0,0,"- ","- ",34.923499999999997,-120.42565,"SANTA BARBARA","SANTA MARIA",-120.42570670000001,34.923749999999998
7137631,2015,2016-04-19,4200,2015-10-16,1228,3116,14,5,5,4,4214,0,0,0,,0,080,"STORKE RD","RT 101",0.00,,Y,A,-,Y,SB,5,101,-,-,24.980,R,4,S,Y,1,1,4,2,A,-,12,21453,A,N,D,C,A,A,H,-,A,A,0,,,,,Y,,A,07,0,2,2,0,0,0,0,0,0,"- ",SF,,,"SANTA BARBARA",GOLETA,-119.87439979,34.433303410000001
7137635,2015,2015-12-17,4200,2015-10-29,1257,3683,14,4,5,4,4214,0,0,0,,0,060,"LOS CARNEROS RD","HOLLISTER AV",395.00,S,N,A,-,N,,,,,,,,,,N,4,0,1,2,A,-,03,22350,,N,C,C,A,A,H,-,A,D,0,,,Y,,Y,,C,02,0,0,1,0,0,0,0,0,1,"- ","- ",,,"SANTA BARBARA",GOLETA,-119.85975777,34.429335760000001
7137638,2015,2015-12-18,4200,2015-11-11,1555,3740,,3,5,3,4205,0,0,0,,0,030,"CARPINTERIA AV","CONCHA LOMA DR",400.00,E,N,A,-,N,,,,,,,,,,N,3,0,1,2,A,-,09,21804,A,N,D,G,A,A,H,-,A,D,0,,Y,,,Y,,-,,0,1,0,0,0,0,1,0,0,"- ","- ",,,"SANTA BARBARA",CARPINTERIA,-119.50874558,34.391672560000004
7137651,2015,2015-12-17,4200,2015-10-06,1945,3077,14,2,5,4,4214,0,0,0,,0,050,"CALLE REAL","KINGSTON AV",900.00,W,N,A,-,N,,,,,,,,,,N,2,0,1,2,A,-,11,21954,A,N,G,B,D,A,H,-,C,D,0,Y,,,,Y,,N,60,1,0,0,0,1,0,0,0,0,"- ","- ",,,"SANTA BARBARA",GOLETA,-119.82466685999999,34.441280169999999
7137844,2015,2015-12-29,4203,2015-12-07,1410,6700,42,1,5,5,4203,0,0,0,,0,004,"FIGUEROA ST","CHAPALA ST",93.00,E,N,A,-,N,,,,,,,,,,Y,3,0,1,2,A,-,08,22102,,N,D,C,A,A,H,-,A,D,0,,,Y,,Y,,D,23,0,1,0,0,0,0,0,0,1,"- ","- ",34.421559999999999,-119.70413000000001,"SANTA BARBARA","SANTA BARBARA",-119.70406397000001,34.421579870000002
7137868,2015,2015-12-29,4203,2015-12-01,1023,2661,44,2,5,5,4203,0,0,0,,0,003,"ANACAPA ST","COTA ST",0.00,,Y,A,-,N,,,,,,,,,,N,4,0,1,2,A,-,12,21453,A,N,D,C,A,A,H,-,A,A,0,,,,Y,Y,,F,26,0,0,1,0,0,0,0,0,0,"- ","- ",34.418799999999997,-119.6957,"SANTA BARBARA","SANTA BARBARA",-119.69561993000001,34.418860100000003
7137872,2015,2015-12-29,4203,2015-12-07,0754,6700,60,1,5,5,4203,0,0,0,,0,001,"MASON ST","NOPAL ST",77.00,W,N,A,-,N,,,,,,,,,,N,4,0,1,2,A,-,08,22107,,N,B,E,A,A,H,-,A,D,0,,,,,Y,,D,22,0,0,1,0,0,0,0,0,0,"- ","- ",34.421300000000002,-119.68158,"SANTA BARBARA","SANTA BARBARA",-119.68144109000001,34.421363169999999
7137876,2015,2017-02-03,4203,2015-11-25,2140,7897,35,3,5,5,4203,0,0,0,,0,004,"MISSION ST","RT 101",0.00,,Y,A,-,Y,SB,5,101,-,R,15.860,R,4,N,Y,4,0,2,2,A,-,08,22107,,N,A,C,A,A,H,-,C,A,0,,,,,Y,,A,01,0,0,2,0,0,0,0,0,0,"- ",NO,34.420000000000002,-119.70999999999999,"SANTA BARBARA","SANTA BARBARA",-119.72218999,34.426047570000001
7137880,2015,2015-12-29,4203,2015-12-08,0917,6700,55,2,5,5,4203,0,0,0,,0,005,"LA CUMBRE RD","LA CUMBRE LN",0.00,,Y,A,-,N,,,,,,,,,,N,4,0,1,2,A,-,09,21801,A,N,D,C,A,A,H,-,A,A,0,,,,,Y,,D,22,0,0,1,0,0,0,0,0,0,"- ","- ",34.438760000000002,-119.7508,"SANTA BARBARA","SANTA BARBARA",-119.75083986999999,34.438830039999999
7137936,2015,2016-02-18,4203,2015-12-06,1732,7570,2,7,5,5,4203,0,0,0,,0,002,"CASTILLO ST","MONTECITO ST",187.00,S,N,A,-,N,,,,,,,,,,Y,4,0,5,4,A,-,03,22350,,N,C,C,A,A,H,-,C,A,0,,,,,Y,,A,01,0,0,5,0,0,0,0,0,0,"- ","- ",34.410400000000003,-119.69710000000001,"SANTA BARBARA","SANTA BARBARA",-119.69701175,34.410353819999997
7137940,2015,2015-12-21,4203,2015-12-09,2103,6983,,3,5,5,4203,0,0,0,,0,004,"CASTILLO ST","PEDREGOSA ST",111.00,N,N,A,-,N,,,,,,,,,,Y,4,0,1,3,D,-,00,,,F,B,E,A,A,H,-,C,D,0,,,,,Y,,-,"- ",0,0,1,0,0,0,0,0,0,"- ","- ",,,"SANTA BARBARA","SANTA BARBARA",-119.71815681,34.425900689999999
7137944,2015,2015-12-21,4203,2015-12-08,1440,6700,43,2,5,5,4203,0,0,0,,0,003,"HALEY ST","ANACAPA ST",173.00,E,N,A,B,N,,,,,,,,,,N,3,0,1,2,A,-,08,22107,,N,H,G,A,A,H,-,A,D,0,,Y,,,Y,,A,01,0,1,0,0,0,0,1,0,0,"- ","- ",34.418280000000003,-119.69391,"SANTA BARBARA","SANTA BARBARA",-119.69392035,34.418285859999997
7137948,2015,2015-12-21,4203,2015-12-08,1656,22856,,2,5,5,4203,0,0,0,,0,004,"W CARRILLO ST","CHAPALA ST",33.00,E,N,A,-,N,,,,,,,,,,N,4,0,1,2,D,-,00,,,F,C,C,A,A,H,-,B,A,0,,,,,Y,,-,"- ",0,0,1,0,0,0,0,0,0,"- ","- ",34.251399999999997,-119.42100000000001,"SANTA BARBARA","SANTA BARBARA",-119.70290104,34.420520310000001
7137960,2015,2017-02-03,4203,2015-12-11,0530,23136,SBSC,5,5,5,4203,0,0,0,,0,004,"W CARRILLO ST","RT 101",0.00,,Y,A,-,Y,SB,5,101,-,R,14.630,R,4,N,Y,4,0,1,2,D,-,00,,,F,D,D,A,A,H,-,C,A,0,,,,,Y,,-,"- ",0,0,1,0,0,0,0,0,0,"- ",NF,34.245989999999999,-119.42247999999999,"SANTA BARBARA","SANTA BARBARA",-119.70585512,34.415368600000001
7137964,2015,2015-12-21,4203,2015-12-02,1107,4203,2661,3,5,5,4203,0,0,0,,0,034,"STATE ST","ARRELLAGA ST",45.00,N,N,A,-,N,,,,,,,,,,N,4,0,1,2,A,-,03,22350,,N,C,C,A,A,H,-,A,A,0,,,,,Y,,A,01,0,0,1,0,0,0,0,0,0,"- ","- ",34.427,-119.7098,"SANTA BARBARA","SANTA BARBARA",-119.70969989,34.42718352
7137980,2015,2017-02-03,4203,2015-12-09,0551,23134,,3,5,5,4203,0,0,0,,0,002,"GARDEN ST","RT 101",0.00,,Y,A,-,Y,SB,5,101,-,-,13.620,R,4,S,Y,4,0,1,2,A,-,12,21453,A,N,D,C,A,A,H,-,A,A,0,,,,,Y,,A,07,0,0,1,0,0,0,0,0,0,"- ","- ",34.41798,-119.68952,"SANTA BARBARA","SANTA BARBARA",-119.69113326999999,34.416863470000003
7144038,2015,2016-01-04,4204,2015-12-16,1606,90242,94,3,5,5,4204,0,0,0,,0,003,"UNION VALLEY PKWY","FOXENWOOD LN",0.00,,Y,A,-,N,,,,,,,,,,Y,4,0,1,2,A,-,09,21802,A,N,D,C,A,A,H,-,A,D,0,,,,,Y,,A,01,0,0,1,0,0,0,0,0,0,"- ","- ",34.879640000000002,-120.43876,"SANTA BARBARA","SANTA MARIA",-120.43874995,34.87962005
7144129,2015,2017-01-28,4204,2015-12-13,1256,21513,52,7,5,5,4204,0,0,0,,0,002,BROADWAY,ORANGE,0.00,,Y,B,C,Y,SB,5,135,-,-,15.450,H,-,N,N,4,0,1,2,A,-,03,22350,,N,C,C,A,B,H,-,A,A,0,,,,,Y,,A,01,0,0,1,0,0,0,0,0,0,"- ","- ",34.948450000000001,-120.4361,"SANTA BARBARA","SANTA MARIA",-120.43587822000001,34.94842508
7144133,2015,2016-01-04,4204,2015-12-14,1819,90322,11,1,5,5,4204,0,0,0,,0,001,"DONOVAN RD","CARLOTTI DR",0.00,,Y,A,-,N,,,,,,,,,,Y,4,0,1,2,A,-,09,21801,A,N,A,C,A,A,H,-,C,A,0,,,,,Y,,A,01,0,0,1,0,0,0,0,0,0,"- ","- ",,,"SANTA BARBARA","SANTA MARIA",-120.42069997999999,34.967640090000003
7144137,2015,2016-01-04,4204,2015-12-16,1047,23656,40,3,5,5,4204,0,0,0,,0,002,"BLOSSER RD",COOK,0.00,,Y,A,-,N,,,,,,,,,,N,4,0,1,2,A,-,04,21703,,N,C,C,A,A,H,-,A,A,0,,,,,Y,,A,07,0,0,1,0,0,0,0,0,0,"- ","- ",34.9495,-120.4539,"SANTA BARBARA","SANTA MARIA",-120.45376996,34.949620109999998
7144141,2015,2016-08-10,4204,2015-12-17,1344,23240,86,4,5,5,4204,0,0,0,,0,003,"SKYWAY DR","RT 135",700.00,W,N,A,-,N,,,,,,,,,,N,3,0,1,2,A,-,10,21952,,F,G,G,A,A,H,-,A,A,0,,Y,,,Y,,A,08,0,1,0,0,0,0,1,0,0,"- ","- ",34.894579999999998,-120.43661,"SANTA BARBARA","SANTA MARIA",-120.43895228,34.894613249999999
7144735,2015,2016-01-05,4204,2015-12-06,1555,90373,56,7,5,5,4204,0,0,0,,0,002,SMITH,"MORRISON AV",161.00,N,N,A,-,N,,,,,,,,,,N,3,0,1,2,A,-,21,22106,,N,D,C,A,A,H,-,A,D,0,,,,,Y,,A,01,0,1,0,0,0,0,0,0,0,"- ","- ",34.943330000000003,-120.44247,"SANTA BARBARA","SANTA MARIA",-120.44264667,34.94364221
7144771,2015,2016-01-05,4204,2015-11-18,1815,90268,17,3,5,5,4204,0,0,0,,0,001,"ALVIN AV",MILLER,0.00,,Y,A,-,N,,,,,,,,,,Y,3,0,1,2,A,-,05,21650,,N,A,C,A,A,H,-,C,D,0,,,,,Y,,A,01,0,1,0,0,0,0,0,0,0,"- ","- ",34.960380000000001,-120.43136,"SANTA BARBARA","SANTA MARIA",-120.43132989999999,34.960420020000001
7144774,2015,2016-01-05,4204,2015-12-10,1911,90242,16,4,5,5,4204,0,0,0,,0,001,BROADWAY,ORCHARD,0.00,,Y,B,-,N,,,135,,,,,,,N,4,0,1,3,A,-,04,21703,,N,C,C,A,B,H,-,C,D,0,,,,,Y,,A,01,0,0,1,0,0,0,0,0,0,"- ","- ",34.965960000000003,-120.43549,"SANTA BARBARA","SANTA MARIA",-120.4356428,34.965962339999997
7144778,2015,2017-01-28,4204,2015-12-11,1654,18261,68,5,5,5,4204,0,0,0,,0,003,BROADWAY,"ENOS DR",15.00,N,N,A,-,Y,SB,5,135,-,-,14.470,H,-,S,Y,2,0,1,1,A,-,03,22350,,N,-,-,A,-,-,-,A,-,0,,,,,Y,,A,01,1,0,0,0,0,0,0,0,0,"- ","- ",34.93412,-120.4361,"SANTA BARBARA","SANTA MARIA",-120.4361296,34.93411596
7144782,2015,2016-01-05,4204,2015-12-16,1544,21338,042,3,5,5,4204,0,0,0,,0,002,CHURCH,PINE,0.00,,Y,A,-,N,,,,,,,,,,Y,4,0,3,2,A,-,09,21802,,N,D,C,A,A,H,-,A,A,0,,,,,Y,,A,01,0,0,3,0,0,0,0,0,0,"- ","- ",,,"SANTA BARBARA","SANTA MARIA",-120.43890992,34.952030020000002
7144961,2015,2016-01-06,4203,2015-12-24,1155,1780,SB,4,5,5,4203,0,0,0,,0,004,"SOLA ST","DE LA VINA ST",0.00,,Y,A,-,N,,,,,,,,,,Y,4,0,1,3,A,-,09,21802,A,N,D,C,A,A,H,-,A,D,0,,,,,Y,,-,,0,0,1,0,0,0,0,0,0,"- ","- ",34.25273,-119.42288000000001,"SANTA BARBARA","SANTA BARBARA",-119.70928995,34.42310002
7144965,2015,2017-02-03,4203,2015-12-24,0904,6048,,4,5,5,4203,0,0,0,,0,002,"MILPAS ST","RT 101",0.00,,Y,A,-,Y,SB,5,101,-,-,12.859,R,4,N,N,4,0,2,2,A,-,08,22107,,N,D,C,A,A,H,-,A,D,0,,,,,Y,,-,"- ",0,0,2,0,0,0,0,0,0,"- ",SF,34.251249999999999,-119.40369,"SANTA BARBARA","SANTA BARBARA",-119.67911948,34.420287080000001
7144969,2015,2016-01-06,4203,2015-12-24,0930,6048,,4,5,5,4203,0,0,0,,0,002,"CABRILLO BL","CALLE CESAR CHAVEZ",0.00,,Y,A,-,N,,,,,,,,,,N,3,0,1,2,D,-,00,,,F,D,G,A,A,H,-,A,A,0,,Y,,,Y,,-,"- ",0,1,0,0,0,0,1,0,0,"- ","- ",,,"SANTA BARBARA","SANTA BARBARA",-119.68035992999999,34.415380089999999
7144973,2015,2016-01-06,4203,2015-12-25,1035,3596,,5,5,5,4203,0,0,0,,0,004,"DE LA VINA ST","W MISSION ST",0.00,,Y,A,-,N,,,,,,,,,,Y,4,0,2,2,A,-,12,21453,A,F,D,C,A,A,H,-,A,A,0,,,,,Y,,A,01,0,0,2,0,0,0,0,0,0,"- ","- ",34.428440000000002,-119.71708,"SANTA BARBARA","SANTA BARBARA",-119.71695988,34.428730020000003
7144977,2015,2016-01-06,4203,2015-12-24,1245,5726,SANTA,4,5,5,4203,0,0,0,,0,001,"MILPAS ST","GUTIERREZ ST",0.00,,Y,A,-,N,,,,,,,,,,Y,2,0,1,2,A,-,09,21801,A,N,D,C,A,A,H,-,A,A,0,,,Y,,Y,,-,,1,0,0,0,0,0,0,0,1,"- ","- ",34.253100000000003,-119.41023,"SANTA BARBARA","SANTA BARBARA",-119.68405991,34.425390020000002
7144989,2015,2016-01-06,4203,2015-12-22,1701,6968,44,2,5,5,4203,0,0,0,,0,003,"E CANON PERDIDO ST","SANTA BARBARA ST",72.00,W,N,A,-,N,,,,,,,,,,N,3,0,1,2,A,-,03,22350,,N,C,G,A,A,H,-,A,A,0,,Y,,,Y,,L,04,0,1,0,0,0,0,1,0,0,"- ","- ",34.252049999999997,-119.41548,"SANTA BARBARA","SANTA BARBARA",-119.69845903,34.422502639999998
7144993,2015,2016-01-06,4203,2015-12-22,1823,8120,,2,5,5,4203,0,0,0,,0,003,"GARDEN ST","EQUESTRIAN AV",45.00,S,N,A,-,N,,,,,,,,,,N,3,0,1,2,A,-,14,21201,D,N,E,G,A,A,H,-,C,D,0,,Y,,,Y,,L,04,0,1,0,0,0,0,1,0,0,"- ","- ",34.025370000000002,-119.426,"SANTA BARBARA","SANTA BARBARA",-119.70157566,34.426900699999997
7144997,2015,2016-01-06,4203,2015-12-22,1935,6377,,2,5,5,4203,0,0,0,,0,004,"W MISSION ST","W RT 101",8.00,W,N,A,-,N,,,,,,,,,,Y,4,0,1,3,D,-,00,,,F,A,C,A,A,H,-,C,A,0,,,,,Y,,-,"- ",0,0,1,0,0,0,0,0,0,"- ",NO,34.424999999999997,-119.72069999999999,"SANTA BARBARA","SANTA BARBARA",-119.72043789999999,34.425313799999998
7145001,2015,2016-01-06,4203,2015-12-23,1616,6377,,3,5,5,4203,0,0,0,,0,002,"CABRILLO BL","NINOS DR",0.00,,Y,A,-,N,,,,,,,,,,Y,3,0,1,2,D,-,00,,,F,A,C,A,A,H,-,A,A,0,,,,,Y,Y,-,"- ",0,1,0,0,0,0,0,0,0,"- ","- ",34.252000000000002,-119.402,"SANTA BARBARA","SANTA BARBARA",-119.66742988999999,34.417280040000001
7145005,2015,2016-01-06,4203,2015-12-21,1555,8120,,1,5,5,4203,0,0,0,,0,005,"DE LA VINA","W ALAMAR AV",330.00,N,N,A,-,N,,,,,,,,,,Y,4,0,1,2,A,-,03,22350,,N,C,C,A,A,H,-,A,D,0,,,,,Y,,A,01,0,0,1,0,0,0,0,0,0,"- ","- ",34.261000000000003,-119.4333,"SANTA BARBARA","SANTA BARBARA",-119.72579571,34.436151819999999
7145519,2015,2015-12-31,4203,2015-11-25,1150,2661,35,3,5,5,4203,0,0,0,,0,005,"DE LA VINA ST","LOS OLIVOS ST",0.00,,Y,A,-,N,,,,,,,,,,N,4,0,1,2,A,-,08,22107,,N,B,C,A,A,H,-,A,D,0,,,,,Y,,A,07,0,0,1,0,0,0,0,0,0,"- ","- ",,,"SANTA BARBARA","SANTA BARBARA",-119.71944986,34.430680099999996
7145810,2015,2016-01-04,4203,2015-12-17,0804,6700,62,4,5,5,4203,0,0,0,,0,001,"MILPAS ST","MASON ST",0.00,,Y,A,-,N,,,,,,,,,,Y,4,0,1,2,A,-,12,21453,A,N,D,C,A,A,H,-,A,A,0,,,,,Y,,D,72,0,0,1,0,0,0,0,0,0,"- ","- ",34.422539999999998,-119.68022999999999,"SANTA BARBARA","SANTA BARBARA",-119.68016989,34.422560009999998
7137984,2015,2015-12-21,4203,2015-12-10,1831,5726,SANTA,4,5,5,4203,0,0,0,,0,005,"STATE ST","PLAZA DR",39.00,W,N,A,-,N,,,,,,,,,,N,4,0,1,2,A,-,03,22350,,N,C,C,A,A,H,-,A,A,0,,,,,Y,,-,,0,0,1,0,0,0,0,0,0,"- ","- ",34.262549999999997,-119.44541,"SANTA BARBARA","SANTA BARBARA",-119.74903925,34.440489999999997
7137988,2015,2015-12-21,4203,2015-12-13,1825,7187,,7,5,5,4203,0,0,0,,0,001,"ALAMEDA PADRE SERRA","JIMENO RD",409.00,N,N,A,-,N,,,,,,,,,,Y,4,0,1,1,A,-,01,23152,,N,E,I,A,B,H,-,C,D,0,,,,,Y,Y,-,,0,0,1,0,0,0,0,0,0,"- ","- ",34.261429999999997,-119.41555,"SANTA BARBARA","SANTA BARBARA",-119.69696,34.437519999999999
7137992,2015,2015-12-21,4203,2015-12-11,1752,7187,,5,5,5,4203,0,0,0,,0,001,"MILPAS ST","BOND AV",111.00,S,N,A,-,N,,,,,,,,,,Y,4,0,2,2,A,-,09,21801,A,N,D,C,A,A,H,-,C,D,0,,,,,Y,,-,,0,0,2,0,0,0,0,0,0,"- ","- ",34.253529999999998,-119.41086,"SANTA BARBARA","SANTA BARBARA",-119.68571430999999,34.42659827
7138001,2015,2015-12-21,4203,2015-12-03,1328,2661,46,4,5,5,4203,0,0,0,,0,003,"GARDEN ST","SOLA ST",207.00,N,N,A,-,N,,,,,,,,,,N,4,0,1,2,A,-,17,22517,,N,H,G,A,A,H,-,A,D,0,,Y,,,Y,,A,01,0,0,1,0,0,0,1,0,0,"- ","- ",34.428800000000003,-119.7042,"SANTA BARBARA","SANTA BARBARA",-119.70413852999999,34.428791400000001
7138005,2015,2015-12-21,4203,2015-12-09,1820,22856,,3,5,5,4203,0,0,0,,0,005,"STATE ST","CALLE REAL",23.00,E,N,A,-,N,,,,,,,,,,Y,4,0,3,2,A,-,03,22350,,N,C,C,A,A,H,-,B,A,0,,,,,Y,,-,,0,0,3,0,0,0,0,0,0,"- ","- ",34.262500000000003,-119.4513,"SANTA BARBARA","SANTA BARBARA",-119.75410377,34.440420000000003