CASE_ID,ACCIDENT_YEAR,PROC_DATE,JURIS,COLLISION_DATE,COLLISION_TIME,OFFICER_ID,REPORTING_DISTRICT,DAY_OF_WEEK,CHP_SHIFT,POPULATION,CNTY_CITY_LOC,SPECIAL_COND,BEAT_TYPE,CHP_BEAT_TYPE,CITY_DIVISION_LAPD,CHP_BEAT_CLASS,BEAT_NUMBER,PRIMARY_RD,SECONDARY_RD,DISTANCE,DIRECTION,INTERSECTION,WEATHER_1,WEATHER_2,STATE_HWY_IND,CALTRANS_COUNTY,CALTRANS_DISTRICT,STATE_ROUTE,ROUTE_SUFFIX,POSTMILE_PREFIX,POSTMILE,LOCATION_TYPE,RAMP_INTERSECTION,SIDE_OF_HWY,TOW_AWAY,COLLISION_SEVERITY,NUMBER_KILLED,NUMBER_INJURED,PARTY_COUNT,PRIMARY_COLL_FACTOR,PCF_CODE_OF_VIOL,PCF_VIOL_CATEGORY,PCF_VIOLATION,PCF_VIOL_SUBSECTION,HIT_AND_RUN,TYPE_OF_COLLISION,MVIW,PED_ACTION,ROAD_SURFACE,ROAD_COND_1,ROAD_COND_2,LIGHTING,CONTROL_DEVICE,CHP_ROAD_TYPE,PEDESTRIAN_ACCIDENT,BICYCLE_ACCIDENT,MOTORCYCLE_ACCIDENT,TRUCK_ACCIDENT,NOT_PRIVATE_PROPERTY,ALCOHOL_INVOLVED,STWD_VEHTYPE_AT_FAULT,CHP_VEHTYPE_AT_FAULT,COUNT_SEVERE_INJ,COUNT_VISIBLE_INJ,COUNT_COMPLAINT_PAIN,COUNT_PED_KILLED,COUNT_PED_INJURED,COUNT_BICYCLIST_KILLED,COUNT_BICYCLIST_INJURED,COUNT_MC_KILLED,COUNT_MC_INJURED,PRIMARY_RAMP,SECONDARY_RAMP,LATITUDE,LONGITUDE,COUNTY,CITY,POINT_X,POINT_Y
7138109,2015,2015-12-21,4203,2015-11-16,0755,6377,,1,5,5,4203,0,0,0,,0,002,"CLIFF DR","WELDON RD",45.00,E,N,A,-,N,,,,,,,,,,N,3,0,1,2,D,-,00,,,N,D,G,A,A,H,-,A,A,0,,Y,,,Y,,-,"- ",0,1,0,0,0,0,1,0,0,"- ","- ",34.241700000000002,-119.42149999999999,"SANTA BARBARA","SANTA BARBARA",-119.70485925,34.404702450000002
7138141,2015,2015-12-30,4203,2015-11-18,1050,1959,,3,5,5,4203,0,0,0,,0,004,"STATE ST","W MICHELTORENA ST",39.00,S,N,-,-,N,,,,,,,,,,N,4,0,1,2,D,-,00,,,N,-,-,A,-,-,-,-,-,0,,Y,,,Y,,-,"- ",0,0,1,0,0,0,1,0,0,"- ","- ",34.253369999999997,-119.42294,"SANTA BARBARA","SANTA BARBARA",-119.70822258,34.426099639999997
7138145,2015,2015-12-21,4203,2015-11-27,1434,2661,,5,5,5,4203,0,0,0,,0,003,"HALEY ST","GARDEN ST",0.00,,Y,B,-,N,,,,,,,,,,Y,4,0,3,2,A,-,12,21453,A,N,D,C,A,A,H,-,A,A,0,,,,,Y,,A,01,0,0,3,0,0,0,0,0,0,"- ","- ",34.420000000000002,-119.6921,"SANTA BARBARA","SANTA BARBARA",-119.69211994,34.420009999999998
7140042,2015,2015-12-21,4200,2015-11-06,1606,3116,14,5,5,4,4214,0,0,0,,0,050,"CALLE REAL","LA PATERA LN",0.00,,Y,A,-,N,,,,,,,,,,Y,4,0,2,2,A,-,09,21802,A,N,D,C,A,A,H,-,A,A,0,,,,,Y,,A,01,0,0,2,0,0,0,0,0,0,"- ","- ",,,"SANTA BARBARA",GOLETA,-119.84280991,34.438780100000002
7140046,2015,2015-12-21,4200,2015-11-20,1203,3116,A14,5,5,4,4214,0,0,0,,0,080,"HOLLISTER AV","STORKE RD",0.00,,Y,A,-,N,,,,,,,,,,N,3,0,3,2,A,-,03,22350,,N,C,C,A,A,H,-,A,A,0,,,,,Y,,A,07,0,1,2,0,0,0,0,0,0,"- ","- ",,,"SANTA BARBARA",GOLETA,-119.86974995,34.430100090000003
7140074,2015,2015-12-17,4200,2015-11-20,1750,3116,14,5,5,4,4214,0,0,0,,0,060,"HOLLISTER AV","RUTHERFORD ST",167.00,E,N,A,-,N,,,,,,,,,,N,3,0,1,2,A,-,09,21801,A,F,D,G,A,A,H,-,C,D,0,,Y,,,Y,,A,01,0,1,0,0,0,0,1,0,0,"- ","- ",,,"SANTA BARBARA",GOLETA,-119.82468858,34.435720699999997
7145841,2015,2015-12-29,4203,2015-12-12,1135,7568,,6,5,5,4203,0,0,0,,0,005,"LOS POSITAS RD","STANLEY RD",146.00,S,N,A,-,N,,,,,,,,,,Y,3,0,1,1,A,-,08,22107,,N,E,I,A,A,H,-,A,D,0,,,,,Y,,-,,0,1,0,0,0,0,0,0,0,"- ","- ",34.260530000000003,-119.44014,"SANTA BARBARA","SANTA BARBARA",-119.73362136,34.43490053
7145842,2015,2016-01-08,4203,2015-12-05,1303,22859,,6,5,5,4203,0,0,0,,0,005,"STATE ST","AMAPOLA DR",223.00,E,N,A,-,N,,,,,,,,,,Y,2,0,1,2,A,-,09,21804,A,N,D,C,A,A,H,-,A,D,0,,,,,Y,,-,,1,0,0,0,0,0,0,0,0,"- ","- ",34.440339999999999,-119.73522,"SANTA BARBARA","SANTA BARBARA",-119.73579115,34.440399999999997
7145844,2015,2015-12-29,4203,2015-12-15,1054,2661,53,2,5,5,4203,0,0,0,,0,005,"LAS POSITAS RD","SAN ONOFRE RD",60.00,N,N,A,-,N,,,,,,,,,,N,3,0,1,1,C,-,18,,,N,H,G,A,A,H,-,A,A,0,,Y,,,Y,,-,"- ",0,1,0,0,0,0,1,0,0,"- ","- ",34.432099999999998,-119.7338,"SANTA BARBARA","SANTA BARBARA",-119.73366,34.432584740000003
7145845,2015,2016-08-23,4203,2015-12-16,0834,6700,56,3,5,5,4203,0,0,0,,0,005,"LA CUMBRE RD","MARICOPA DR",55.00,N,N,A,-,N,,,,,,,,,,N,3,0,1,2,A,-,11,21954,A,N,G,B,D,A,H,-,A,D,0,Y,,,,Y,,N,60,0,1,0,0,1,0,0,0,0,"- ","- ",34.449150000000003,-119.75112,"SANTA BARBARA","SANTA BARBARA",-119.75109,34.442861020000002
7145846,2015,2015-12-29,4203,2015-12-16,1300,23135,SBSC,3,5,5,4203,0,0,0,,0,003,"SANTA BARBARA ST","E DE LA GUERRA ST",84.00,N,N,A,-,N,,,,,,,,,,Y,3,0,1,2,A,-,08,22107,,N,B,C,A,A,H,-,A,D,0,,,,,Y,,A,01,0,1,0,0,0,0,0,0,0,"- ","- ",34.422049999999999,-119.69753,"SANTA BARBARA","SANTA BARBARA",-119.69746847,34.422032780000002
7146040,2015,2015-12-30,4203,2015-12-13,1713,7187,,7,5,5,4203,0,0,0,,0,001,"N MILPAS ST","YANONALI ST",50.00,N,N,A,-,N,,,,,,,,,,Y,4,0,2,2,A,-,08,22107,,N,B,E,A,B,H,-,C,D,0,,,,,Y,,-,,0,0,2,0,0,0,0,0,0,"- ","- ",34.423290000000001,-119.68136,"SANTA BARBARA","SANTA BARBARA",-119.68159564,34.423578300000003
7146044,2015,2015-12-30,4203,2015-12-14,1555,6700,62,1,5,5,4203,0,0,0,,0,001,"MILPAS ST","QUINIENTOS ST",220.00,S,N,A,-,N,,,,,,,,,,N,4,0,2,2,A,-,03,22350,,N,C,C,A,A,H,-,A,D,0,,,,,Y,,A,01,0,0,2,0,0,0,0,0,0,"- ","- ",34.42118,-119.67842,"SANTA BARBARA","SANTA BARBARA",-119.6789,34.421619999999997
7146070,2015,2016-01-11,4203,2015-11-03,0812,2661,56,2,5,5,4203,0,0,0,,0,005,"STATE ST","HOPE AV",50.00,E,N,A,-,N,,,,,,,,,,N,4,0,2,1,A,-,03,22350,,N,H,A,A,A,H,-,A,A,0,,,,,Y,,I,20,0,0,2,0,0,0,0,0,0,"- ","- ",34.439999999999998,-119.74590000000001,"SANTA BARBARA","SANTA BARBARA",-119.74655429000001,34.440480000000001
7146115,2015,2015-12-30,4203,2015-12-20,1301,3626,,7,5,5,4203,0,0,0,,0,006,"SAN ANDRES ST","MICHELTORENA ST",0.00,,Y,A,-,N,,,,,,,,,,N,4,0,1,2,A,-,10,21950,A,N,B,C,B,A,H,-,A,A,0,Y,,,,Y,,-,,0,0,1,0,1,0,0,0,0,"- ","- ",34.250700000000002,-119.4258,"SANTA BARBARA","SANTA BARBARA",-119.71617997,34.418780060000003
7146123,2015,2015-12-30,4203,2015-12-19,1211,22859,,6,5,5,4203,0,0,0,,0,005,"BATH ST","QUINTO ST",263.00,S,N,C,-,N,,,,,,,,,,Y,3,0,1,1,A,-,21,22106,,N,A,I,A,B,H,-,A,D,0,,,,,Y,,-,,0,1,0,0,0,0,0,0,0,"- ","- ",34.255499999999998,-119.43259999999999,"SANTA BARBARA","SANTA BARBARA",-119.72463999999999,34.432229999999997
7147760,2015,2017-01-28,4200,2015-12-22,0449,4671,14,2,5,2,4212,0,0,0,,0,010,"RT 246","BALLARD CANYON RD",91.00,W,N,C,-,Y,SB,5,246,-,-,26.970,H,-,W,Y,3,0,1,1,A,-,05,21650,,M,E,I,A,B,H,-,C,A,0,,,,,Y,,D,22,0,1,0,0,0,0,0,0,0,"- ","- ",,,"SANTA BARBARA",BUELLTON,-120.17931673,34.607954220000003
7128287,2015,2015-12-07,4202,2015-11-01,0309,VICKERS,4202,7,5,4,4202,0,0,0,,0,,"CENTRAL AV","A ST",207.00,W,N,A,-,N,,,,,,,,,,Y,3,0,1,1,A,-,01,23152,B,N,A,J,A,A,H,-,C,D,0,,,,,Y,Y,A,01,0,1,0,0,0,0,0,0,0,"- ","- ",,,"SANTA BARBARA",LOMPOC,-120.44954801999999,34.660729160000002
7129531,2015,2015-12-07,4202,2015-09-24,1949,234,LOMPO,4,5,4,4202,0,0,0,,0,,"COLLEGE AV","I ST",4.00,W,N,A,-,N,,,,,,,,,,N,3,0,1,2,A,-,10,21950,A,N,G,B,C,A,H,-,A,D,0,Y,,,,Y,Y,A,01,0,1,0,0,1,0,0,0,0,"- ","- ",,,"SANTA BARBARA",LOMPOC,-120.45911329,34.647039999999997
7129549,2015,2015-12-08,4202,2015-10-28,1907,239,LOMPO,3,5,4,4202,0,0,0,,0,015,"3RD ST","WALNUT AV",0.00,,Y,A,-,N,,,,,,,,,,Y,3,0,1,2,A,-,12,22450,,N,D,C,A,A,H,-,C,A,0,,,,,Y,,A,01,0,1,0,0,0,0,0,0,0,"- ","- ",,,"SANTA BARBARA",LOMPOC,-120.44519991999999,34.640530060000003
7170144,2015,2017-01-06,9755,2015-06-30,1629,16988,,2,2,9,4200,0,1,2,,2,004,"RT 101","RT 154",1608.00,N,N,A,-,Y,SB,5,101,-,R,0.370,H,-,S,Y,3,0,2,1,A,-,01,23152,B,N,E,J,A,A,H,-,A,D,0,,,,,Y,Y,A,01,0,2,0,0,0,0,0,0,0,"- ","- ",,,"SANTA BARBARA",UNINCORPORATED,-119.48219524,34.38065692
7170474,2015,2017-02-09,4202,2015-01-08,1356,16167,LOMPO,4,5,4,4202,0,0,0,,0,,"RT 1","BARTON AV",64.00,N,N,A,-,Y,SB,5,1,-,-,21.820,H,-,N,N,4,0,2,2,A,-,03,22350,,N,C,C,A,A,H,-,A,A,0,,,,,Y,,A,08,0,0,2,0,0,0,0,0,0,"- ","- ",,,"SANTA BARBARA",LOMPOC,-120.45754663,34.657187960000002
7170963,2015,2017-02-03,4202,2015-12-14,1920,292,,1,5,4,4202,0,0,0,,0,,"RT 1","MAPLE AV",89.00,N,N,A,-,Y,SB,5,1,-,-,20.990,H,-,S,Y,3,0,1,2,A,-,11,21950,B,N,A,B,D,A,H,-,C,A,0,Y,,,,Y,,N,60,0,1,0,0,1,0,0,0,0,"- ","- ",,,"SANTA BARBARA",LOMPOC,-120.45789015,34.645645450000004
7170967,2015,2017-01-28,4202,2015-12-16,1024,273,,3,5,4,4202,0,0,0,,0,,"RT 246","V ST",11.00,,N,A,-,Y,SB,5,246,-,-,8.550,I,5,E,N,3,0,2,3,A,-,10,21950,A,N,G,B,B,A,H,-,A,A,0,Y,,,,Y,,A,01,0,1,1,0,2,0,0,0,0,"- ","- ",,,"SANTA BARBARA",LOMPOC,-120.47559062000001,34.639141680000002
7171657,2015,2016-02-02,4202,2015-12-26,2023,,,6,5,4,4202,0,0,0,,0,,"CHESTNUT AV","F ST",0.00,,Y,A,-,N,,,,,,,,,,Y,4,0,1,2,A,-,09,21802,A,N,D,C,A,A,H,-,D,A,0,,,,,Y,,A,01,0,0,1,0,0,0,0,0,0,"- ","- ",,,"SANTA BARBARA",LOMPOC,-120.45528998,34.642180060000001
7171931,2015,2016-02-01,4204,2015-12-31,1729,90341,,4,5,5,4204,0,0,0,,0,001,"ALVIN AV",LINCOLN,0.00,,Y,A,-,N,,,,,,,,,,N,4,0,1,2,A,-,12,22450,A,N,H,G,A,A,H,-,B,A,0,,Y,,,Y,,L,04,0,0,1,0,0,0,1,0,0,"- ","- ",34.960500000000003,-120.43729,"SANTA BARBARA","SANTA MARIA",-120.43725997,34.960450010000002
7180173,2015,2016-02-17,4200,2015-12-09,1752,4652,14,3,5,4,4214,0,0,0,,0,060,"CORTONA DR","CASTILIAN DR",0.00,,Y,A,-,N,,,,,,,,,,N,4,0,1,2,A,-,12,22450,A,N,D,G,A,A,H,-,B,A,0,,Y,,,Y,,A,01,0,0,1,0,0,0,1,0,0,"- ","- ",,,"SANTA BARBARA",GOLETA,-119.86548994,34.432260040000003
7181688,2015,2017-02-03,4202,2015-12-23,1834,239,LOMPO,3,5,4,4202,0,0,0,,0,011,"H ST","COLLEGE AV",65.00,S,N,A,-,Y,SB,5,1,-,-,21.110,H,-,N,Y,3,0,5,4,A,-,03,22350,,N,C,C,A,A,H,-,A,A,0,,,,,Y,,A,01,0,3,2,0,0,0,0,0,0,"- ","- ",,,"SANTA BARBARA",LOMPOC,-120.45775940999999,34.646920350000002
7183467,2015,2016-02-22,4200,2015-11-22,0949,4057,14,7,5,4,4214,0,0,0,,0,080,"DEL NORTE DR","ALAMEDA AV",195.00,W,N,A,-,N,,,,,,,,,,N,4,0,1,2,A,-,08,22107,,M,B,C,A,A,H,-,A,D,0,,,,,Y,Y,A,01,0,0,1,0,0,0,0,0,0,"- ","- ",,,"SANTA BARBARA",GOLETA,-119.88105141,34.436234120000002
7141540,2015,2017-01-28,4200,2015-12-03,2050,2817,11,4,5,2,4212,0,0,0,,0,,"RT 246","PARK ST",104.00,E,N,B,C,Y,SB,5,246,-,R,25.940,H,-,W,Y,4,0,1,2,A,-,03,22350,,N,C,C,A,B,H,-,C,D,0,,,,,Y,,-,,0,0,1,0,0,0,0,0,0,"- ","- ",,,"SANTA BARBARA",BUELLTON,-120.19525555,34.614129800000001
7156331,2015,2016-01-22,4202,2015-11-23,1810,230,LOMPO,1,5,4,4202,0,0,0,,0,,"O ST","CHESTNUT AV",0.00,,Y,B,-,N,,,,,,,,,,Y,4,0,1,2,A,-,09,21802,A,N,D,C,A,A,H,-,C,A,0,,,,,Y,,D,22,0,0,1,0,0,0,0,0,0,"- ","- ",,,"SANTA BARBARA",LOMPOC,-120.46673989,34.642310109999997
7162958,2015,2017-02-03,4202,2015-12-14,1328,292,,1,5,4,4202,0,0,0,,0,,"RT 1","CENTRAL AV",370.00,N,N,A,-,Y,SB,5,1,-,-,22.140,H,-,N,N,3,0,1,2,A,-,11,21954,A,F,A,B,D,A,H,-,A,A,0,Y,,,,Y,,N,60,0,1,0,0,1,0,0,0,0,"- ","- ",,,"SANTA BARBARA",LOMPOC,-120.45763147,34.661843759999996
7162959,2015,2017-02-03,4202,2015-12-09,1755,232,4202,3,5,4,4202,0,0,0,,0,,"RT 1","CENTRAL AV",1144.00,N,N,A,-,Y,SB,5,1,-,-,22.290,H,-,N,Y,3,0,2,3,A,-,03,22350,,N,C,C,A,A,H,-,C,A,0,,,,,Y,,A,01,0,2,0,0,0,0,0,0,0,"- ","- ",,,"SANTA BARBARA",LOMPOC,-120.45766514,34.66399938
7162960,2015,2017-02-03,4202,2015-12-09,1721,239,LOMPO,3,5,4,4202,0,0,0,,0,002,"RT 1","BRISA DEL MAR",255.00,S,N,A,-,Y,SB,5,1,-,-,23.060,H,-,N,Y,3,0,4,3,A,-,03,22350,,N,C,C,A,A,H,-,C,D,0,,,,,Y,,A,01,0,1,3,0,0,0,0,0,0,"- ","- ",,,"SANTA BARBARA",LOMPOC,-120.45685481,34.675123259999999
7162961,2015,2017-02-03,4202,2015-12-22,1657,238,,2,5,4,4202,0,0,0,,0,,"RT 1","WEST BARTON AV",225.00,N,N,C,-,Y,SB,5,1,-,-,21.850,H,-,S,N,4,0,1,3,A,-,03,22350,,N,C,C,A,B,H,-,C,D,0,,,,,Y,,A,01,0,0,1,0,0,0,0,0,0,"- ","- ",,,"SANTA BARBARA",LOMPOC,-120.45766861,34.657639230000001
7162962,2015,2016-01-20,4202,2015-12-23,1026,292,,3,5,4,4202,0,0,0,,0,,"O ST","PINE AV",0.00,,Y,A,-,N,,,,,,,,,,N,3,0,1,2,D,-,00,,,N,D,G,A,A,H,-,A,A,0,,Y,,,Y,,-,"- ",0,1,0,0,0,0,1,0,0,"- ","- ",,,"SANTA BARBARA",LOMPOC,-120.46663993,34.650269999999999
7167832,2015,2017-02-03,4202,2015-11-21,1735,230,LOMPO,6,5,4,4202,0,0,0,,0,,"RT 1","RT 246",107.00,S,N,A,-,Y,SB,5,1,-,-,20.565,H,-,N,Y,4,0,1,3,A,-,01,23152,A,N,C,C,A,A,H,-,C,A,0,,,,,Y,Y,A,01,0,0,1,0,0,0,0,0,0,"- ","- ",,,"SANTA BARBARA",LOMPOC,-120.45783846,34.63901954
7168212,2015,2017-01-28,4204,2015-12-03,1818,90246,,4,5,5,4204,0,0,0,,0,002,BROADWAY,COOK,100.00,N,N,A,-,Y,SB,5,135,-,-,15.570,H,-,N,N,4,0,1,2,A,-,07,21658,A,N,B,C,A,B,H,-,C,A,0,,,,,Y,,A,01,0,0,1,0,0,0,0,0,0,"- ","- ",34.9499,-120.43597,"SANTA BARBARA","SANTA MARIA",-120.43583871,34.950136260000001
8008763,2015,2016-05-02,4202,2015-12-03,1242,222,LOMPO,4,5,4,4202,0,0,0,,0,,"OCEAN WY","X ST",0.00,,Y,A,-,N,,,,,,,,,,Y,2,0,3,2,A,-,09,21801,,N,D,C,A,A,H,-,A,D,0,,,,Y,Y,,A,01,1,1,1,0,0,0,0,0,0,"- ","- ",,,"SANTA BARBARA",LOMPOC,-120.47745992,34.639380099999997
8008767,2015,2017-01-14,4202,2015-12-07,1727,230,LOMPO,1,5,4,4202,0,0,0,,0,,"RT 1","CENTRAL AV",756.00,N,N,B,-,Y,SB,5,1,-,-,22.210,H,-,S,N,3,0,1,2,A,-,03,22350,,N,C,C,A,A,H,-,C,A,0,,,,,Y,,A,01,0,1,0,0,0,0,0,0,0,"- ","- ",,,"SANTA BARBARA",LOMPOC,-120.45782289,34.662853929999997
8008779,2015,2016-05-02,4202,2015-12-21,2216,239,LOMPO,1,5,4,4202,0,0,0,,0,,"CENTRAL AV","O ST",518.00,E,N,B,C,N,,,,,,,,,,Y,4,0,2,6,A,-,01,23152,A,F,C,C,A,B,H,-,C,A,0,,,,,Y,Y,D,22,0,0,2,0,0,0,0,0,0,"- ","- ",,,"SANTA BARBARA",LOMPOC,-120.46468833,34.660874560000003
7148262,2015,2017-02-03,4204,2015-12-17,1639,90242,33,4,5,5,4204,0,0,0,,0,002,MAIN,THORNBURG,0.00,,Y,A,-,Y,SB,5,166,-,-,7.630,I,5,W,N,4,0,1,2,A,-,09,21802,A,N,D,C,A,A,H,-,B,D,0,,,,,Y,,A,01,0,0,1,0,0,0,0,0,0,"- ","- ",34.95326,-120.44034000000001,"SANTA BARBARA","SANTA MARIA",-120.44020401,34.953239170000003
7148274,2015,2016-01-13,4204,2015-12-21,2015,90322,75,1,5,5,4204,0,0,0,,0,003,"BETTERAVIA RD","COLLEGE DR",0.00,,Y,C,-,N,,,,,,,,,,Y,4,0,1,2,A,-,05,21650,,N,D,C,A,B,H,-,C,A,0,,,,,Y,,D,22,0,0,1,0,0,0,0,0,0,"- ","- ",,,"SANTA BARBARA","SANTA MARIA",-120.42563995,34.923750060000003
7148905,2015,2016-01-12,4204,2015-12-27,1832,90322,61,7,5,5,4204,0,0,0,,0,003,DEPOT,"STOWELL RD",500.00,N,N,A,-,N,,,,,,,,,,Y,3,0,2,1,A,-,08,22107,,F,F,I,A,A,H,-,C,D,0,,,,,Y,Y,D,22,0,1,1,0,0,0,0,0,0,"- ","- ",,,"SANTA BARBARA","SANTA MARIA",-120.44468906,34.940033319999998
7149166,2015,2016-02-24,4203,2015-12-26,0103,23133,,6,5,5,4203,0,0,0,,0,003,"GARDEN ST","PEDREGOSA ST",168.00,S,N,A,-,N,,,,,,,,,,Y,4,0,1,3,A,-,01,23152,,N,C,E,A,A,H,-,C,D,0,,,,,Y,Y,-,,0,0,1,0,0,0,0,0,0,"- ","- ",34.432699999999997,-119.70959999999999,"SANTA BARBARA","SANTA BARBARA",-119.70960862,34.432788549999998
7149671,2015,2016-01-07,4203,2015-12-28,1039,3626,,1,5,5,4203,0,0,0,,0,004,"DE LA VINA ST","VALERIO ST",111.00,N,N,A,-,N,,,,,,,,,,Y,3,0,1,2,A,-,08,22107,,M,B,E,A,A,H,-,A,D,0,,,,,Y,Y,-,,0,1,0,0,0,0,0,0,0,"- ","- ",34.253399999999999,-119.4248,"SANTA BARBARA","SANTA BARBARA",-119.71340332,34.42611394
7149675,2015,2016-08-23,4203,2015-12-29,1800,8120,,2,5,5,4203,0,0,0,,0,004,"W ARRELLAGA ST","CASTILLO ST",0.00,W,N,A,-,N,,,,,,,,,,Y,4,0,1,2,A,-,08,22107,,N,B,E,A,A,H,-,C,D,0,,,,,Y,,-,,0,0,1,0,0,0,0,0,0,"- ","- ",34.252200000000002,-119.425,"SANTA BARBARA","SANTA BARBARA",-119.71404986,34.422900069999997
7149679,2015,2016-01-07,4203,2015-12-29,1730,6968,41,2,5,5,4203,0,0,0,,0,003,"STATE ST","E CARRILLO ST",72.00,S,N,A,-,N,,,,,,,,,,N,3,0,1,1,B,-,22,,,N,H,J,A,A,H,-,C,D,0,,Y,,,Y,Y,-,"- ",0,1,0,0,0,0,1,0,0,"- ","- ",34.251620000000003,-119.42052,"SANTA BARBARA","SANTA BARBARA",-119.70174206,34.421358329999997
7151342,2015,2016-01-19,4204,2015-12-30,0600,21578,55,3,5,5,4204,0,0,0,,0,002,"BLOSSER RD","MORRISON AV",6.00,S,N,A,-,N,,,,,,,,,,Y,4,0,1,2,A,-,09,21801,A,N,A,C,A,A,H,-,C,D,0,,,,,Y,,A,01,0,0,1,0,0,0,0,0,0,"- ","- ",34.943199999999997,-120.45404000000001,"SANTA BARBARA","SANTA MARIA",-120.45380013,34.943293519999997
7152778,2015,2017-02-03,4204,2015-12-20,0756,90338,33,7,5,5,4204,0,0,0,,0,002,THORNBURG,MAIN,0.00,,Y,A,-,Y,SB,5,166,-,-,7.630,H,-,E,N,4,0,1,2,A,-,08,22107,,M,B,C,A,A,H,-,A,D,0,,,,,Y,,-,,0,0,1,0,0,0,0,0,0,"- ","- ",34.95326,-120.44034000000001,"SANTA BARBARA","SANTA MARIA",-120.44020346000001,34.953128470000003
7154988,2015,2016-01-14,4200,2015-12-10,1254,3683,14,4,5,4,4214,0,0,0,,0,080,"S GLEN ANNIE RD","SESPE LN",28.00,S,N,A,-,N,,,,,,,,,,N,4,0,1,2,A,-,21,22106,,N,H,C,A,A,H,-,A,D,0,,,,Y,Y,,A,01,0,0,1,0,0,0,0,0,0,"- ","- ",,,"SANTA BARBARA",GOLETA,-119.87177955,34.431823110000003
7155032,2015,2016-01-14,4200,2015-12-03,1512,4622,10,4,5,3,4205,0,0,0,,0,030,"PALM AV","CARPINTERIA AV",0.00,,Y,A,-,N,,,,,,,,,,N,4,0,1,2,A,-,10,21950,A,N,G,B,B,A,H,-,A,D,0,Y,,,,Y,,D,22,0,0,1,0,1,0,0,0,0,"- ","- ",,,"SANTA BARBARA",CARPINTERIA,-119.51564992,34.396630070000001
7155036,2015,2016-01-21,4200,2015-12-11,0858,3116,14,5,5,4,4214,0,0,0,,0,080,"CATHEDRAL OAKS RD","ELLWOOD CANYON RD",0.00,,Y,B,-,N,,,,,,,,,,N,4,0,1,2,A,-,10,21950,A,N,G,B,B,A,H,-,A,A,0,Y,,,,Y,,D,22,0,0,1,0,1,0,0,0,0,"- ","- ",,,"SANTA BARBARA",GOLETA,-119.8977999,34.43964004
7155052,2015,2016-01-12,4200,2015-12-13,1250,4627,14,7,5,4,4214,0,0,0,,0,080,"CATHEDRAL OAKS RD","BRANDON DR",3.00,W,N,B,-,N,,,,,,,,,,Y,4,0,1,1,A,-,03,22350,,N,E,I,A,A,H,-,A,A,0,,,,,Y,,A,01,0,0,1,0,0,0,0,0,0,"- ","- ",,,"SANTA BARBARA",GOLETA,-119.89208994000001,34.441579910000002
7155056,2015,2016-01-12,4200,2015-12-07,1146,3683,14,1,5,4,4214,0,0,0,,0,060,"PATTERSON AV","OVERPASS RD",0.00,,Y,A,-,N,,,,,,,,,,Y,4,0,2,2,A,-,12,21453,A,N,D,C,A,A,H,-,A,A,0,,,,,Y,,A,01,0,0,2,0,0,0,0,0,0,"- ","- ",,,"SANTA BARBARA",GOLETA,-119.80864993,34.439080019999999
7155060,2015,2016-01-12,4200,2015-12-21,1134,3475,14,1,5,4,4214,0,0,0,,0,060,"LOS CARNEROS RD","DISCOVERY DR",12.00,N,N,B,-,N,,,,,,,,,,Y,4,0,1,2,A,-,03,22350,,N,C,C,A,A,H,-,A,A,0,,,,,Y,,A,01,0,0,1,0,0,0,0,0,0,"- ","- ",,,"SANTA BARBARA",GOLETA,-119.85977954000001,34.42536295
7155068,2015,2016-01-12,4200,2015-12-23,0947,3637,10,3,5,3,4205,0,0,0,,0,030,"CARPINTERIA AV","WALNUT AV",0.00,,Y,A,-,N,,,,,,,,,,N,4,0,1,2,A,-,03,22350,,N,C,C,A,A,H,-,A,D,0,,,,,Y,,A,01,0,0,1,0,0,0,0,0,0,"- ","- ",,,"SANTA BARBARA",CARPINTERIA,-119.51648999,34.397350109999998
7155365,2015,2016-01-14,4203,2015-12-31,1830,5086,,4,5,5,4203,0,0,0,,0,002,"SAN PASCUAL ST","CANON PERDIDO ST",0.00,,Y,-,-,N,,,,,,,,,,N,3,0,1,2,D,-,00,,,F,-,-,A,-,-,-,-,-,0,,Y,,,Y,,-,"- ",0,1,0,0,0,0,1,0,0,"- ","- ",,,"SANTA BARBARA","SANTA BARBARA",-119.70731988,34.414230019999998
7155377,2015,2016-01-14,4203,2015-12-31,0830,2661,62,4,5,5,4203,0,0,0,,0,001,"MILPAS ST NORTH","MASON ST",197.00,S,N,A,-,N,,,,,,,,,,N,4,0,1,2,A,-,08,22107,,N,B,C,A,A,H,-,A,D,0,,,Y,,Y,,A,08,0,0,1,0,0,0,0,0,1,"- ","- ",34.422199999999997,-119.67959999999999,"SANTA BARBARA","SANTA BARBARA",-119.67968045000001,34.422202249999998
7155381,2015,2016-01-14,4203,2015-12-29,0838,2661,31,2,5,5,4203,0,0,0,,0,004,"CARRILLO ST","CASTILLO ST",0.00,,Y,A,-,N,,,,,,,,,,N,4,0,1,2,A,-,12,21453,A,N,H,G,A,A,H,-,A,A,0,,Y,,,Y,Y,L,04,0,0,1,0,0,0,1,0,0,"- ","- ",34.416899999999998,-119.70650000000001,"SANTA BARBARA","SANTA BARBARA",-119.70634998,34.417260079999998
7155506,2015,2016-01-13,4200,2015-11-28,1904,4576,14,6,5,4,4214,0,0,0,,0,060,"KELLOGG AV","KELLOGG WY",235.00,N,N,A,-,N,,,,,,,,,,Y,4,0,1,3,A,-,01,23152,A,N,B,C,A,A,H,-,C,D,0,,,,,Y,Y,A,07,0,0,1,0,0,0,0,0,0,"- ","- ",,,"SANTA BARBARA",GOLETA,-119.82176884,34.433165240000001