CASE_ID,ACCIDENT_YEAR,PROC_DATE,JURIS,COLLISION_DATE,COLLISION_TIME,OFFICER_ID,REPORTING_DISTRICT,DAY_OF_WEEK,CHP_SHIFT,POPULATION,CNTY_CITY_LOC,SPECIAL_COND,BEAT_TYPE,CHP_BEAT_TYPE,CITY_DIVISION_LAPD,CHP_BEAT_CLASS,BEAT_NUMBER,PRIMARY_RD,SECONDARY_RD,DISTANCE,DIRECTION,INTERSECTION,WEATHER_1,WEATHER_2,STATE_HWY_IND,CALTRANS_COUNTY,CALTRANS_DISTRICT,STATE_ROUTE,ROUTE_SUFFIX,POSTMILE_PREFIX,POSTMILE,LOCATION_TYPE,RAMP_INTERSECTION,SIDE_OF_HWY,TOW_AWAY,COLLISION_SEVERITY,NUMBER_KILLED,NUMBER_INJURED,PARTY_COUNT,PRIMARY_COLL_FACTOR,PCF_CODE_OF_VIOL,PCF_VIOL_CATEGORY,PCF_VIOLATION,PCF_VIOL_SUBSECTION,HIT_AND_RUN,TYPE_OF_COLLISION,MVIW,PED_ACTION,ROAD_SURFACE,ROAD_COND_1,ROAD_COND_2,LIGHTING,CONTROL_DEVICE,CHP_ROAD_TYPE,PEDESTRIAN_ACCIDENT,BICYCLE_ACCIDENT,MOTORCYCLE_ACCIDENT,TRUCK_ACCIDENT,NOT_PRIVATE_PROPERTY,ALCOHOL_INVOLVED,STWD_VEHTYPE_AT_FAULT,CHP_VEHTYPE_AT_FAULT,COUNT_SEVERE_INJ,COUNT_VISIBLE_INJ,COUNT_COMPLAINT_PAIN,COUNT_PED_KILLED,COUNT_PED_INJURED,COUNT_BICYCLIST_KILLED,COUNT_BICYCLIST_INJURED,COUNT_MC_KILLED,COUNT_MC_INJURED,PRIMARY_RAMP,SECONDARY_RAMP,LATITUDE,LONGITUDE,COUNTY,CITY,POINT_X,POINT_Y
90033832,2015,2015-10-19,9760,2015-10-06,1705,017662,,2,2,9,4200,0,1,2,,2,010,"US-101 S/B","N. PADARO LANE",6864.00,S,N,A,-,Y,,,101,,,,,,S,Y,3,0,1,3,A,-,03,22350,,N,C,C,A,A,H,-,A,D,0,,,,,Y,,A,01,0,1,0,0,0,0,0,0,0,"- ","- ",34.416240000000002,-119.56213,"SANTA BARBARA",UNINCORPORATED,-119.56213089000001,34.416231140000001
90033854,2015,2015-10-19,9760,2015-10-06,0910,015658,,2,1,9,4200,0,1,2,,2,010,"US 101 N/B (EL CAMINO REAL)","EVANS AVE",125.00,N,N,A,-,Y,,,,,,,,,,N,4,0,1,4,A,-,03,22350,,N,C,C,A,A,H,-,A,D,0,,,,,Y,,D,22,0,0,1,0,0,0,0,0,0,"- ","- ",34.421129999999998,-119.60363,"SANTA BARBARA",UNINCORPORATED,-119.60155,34.421320000000001
8146187,2015,2016-10-25,4203,2015-10-01,1540,7189,,4,5,5,4203,0,0,0,,0,002,"E GUTIERREZ ST","N MILPAS ST",0.00,,Y,A,-,N,,,,,,,,,,N,4,0,1,2,A,-,10,21950,A,N,-,B,B,A,H,-,A,A,0,Y,,,,Y,Y,D,22,0,0,1,0,1,0,0,0,0,"- ","- ",34.253100000000003,-119.41028,"SANTA BARBARA","SANTA BARBARA",-119.68405991,34.425390020000002
8153746,2015,2016-12-28,4203,2015-10-14,1948,22854,,3,5,5,4203,0,0,0,,0,005,"LAS POSITAS RD","STATE ST",142.00,S,N,A,-,N,,,,,,,,,,N,4,0,1,2,A,-,09,21804,A,N,A,C,A,A,H,-,C,D,0,,,,,Y,,-,,0,0,1,0,0,0,0,0,0,"- ","- ",34.262300000000003,-119.44029999999999,"SANTA BARBARA","SANTA BARBARA",-119.73425717000001,34.439970479999999
90018699,2015,2015-10-19,9760,2015-09-11,0625,019831,,5,1,9,4200,0,1,2,,2,010,"US-101 NB (EL CAMINO REAL)","N. PADARO LANE",682.00,S,N,B,-,Y,,,101,,,,,,N,N,4,0,4,2,A,-,03,22350,,N,C,C,A,A,H,-,B,D,0,,,,,Y,,D,22,0,0,4,0,0,0,0,0,0,"- ","- ",34.416409999999999,-119.57052,"SANTA BARBARA",UNINCORPORATED,-119.5705059,34.416313270000003
90018901,2015,2015-10-19,9760,2015-09-12,1908,020211,,6,2,5,4203,0,1,2,,2,011,"US-101 NORTHBOUND","OLIVE MILL RD",800.00,N,N,A,-,Y,,,101,,,,,,N,Y,4,0,1,1,A,-,08,22107,,N,E,I,A,A,H,-,B,D,0,,,,,Y,,A,01,0,0,1,0,0,0,0,0,0,"- ","- ",34.419910000000002,-119.64296,"SANTA BARBARA","SANTA BARBARA",-119.64295811,34.419880450000001
90019302,2015,2015-10-19,9750,2015-09-12,0013,019656,,6,3,9,4200,0,1,3,,1,062,SR-166,"TEPUSQUET ROAD",10560.00,E,N,A,-,Y,,,166,,,,,,,N,3,0,2,2,A,-,05,21460,A,N,B,C,A,A,H,-,D,D,0,,,,Y,Y,,-,"- ",0,2,0,0,0,0,0,0,0,"- ","- ",35.028109999999998,-120.20081,"SANTA BARBARA",UNINCORPORATED,-120.20084026000001,35.028177239999998
90019436,2015,2015-10-19,9755,2015-09-18,2315,017378,,5,3,9,4200,0,1,3,,1,055,"SR 1 S/B","CALIFORNIA BLVD",3168.00,N,N,A,-,Y,,,1,,,,,,S,Y,4,0,1,1,A,-,08,22107,,N,F,A,A,A,H,-,D,D,0,,,,,Y,,A,01,0,0,1,0,0,0,0,0,0,"- ","- ",34.756700000000002,-120.51430000000001,"SANTA BARBARA",UNINCORPORATED,-120.51431348,34.756703029999997
90019617,2015,2015-10-19,9760,2015-09-05,1620,021061,,6,2,9,4200,0,3,5,,2,002,"WALNUT LN.","HOLLISTER AVE",100.00,S,N,A,-,N,,,,,,,,,,Y,4,0,1,2,A,-,03,22350,,N,C,C,A,A,H,-,A,D,0,,,,,Y,,A,01,0,0,1,0,0,0,0,0,0,"- ","- ",34.433970000000002,-119.80228,"SANTA BARBARA",UNINCORPORATED,-119.80224355999999,34.43467545
90019694,2015,2015-10-19,9750,2015-09-17,1620,016714,,4,2,9,4200,0,3,5,,2,030,"TEPUSQUET RD. (3900 BLOCK)","SANTA MARIA MESA ROAD",16843.00,N,N,A,-,N,,,,,,,,,,Y,3,0,1,1,A,-,01,23152,A,N,F,A,A,A,H,-,A,D,0,,,,,Y,Y,A,07,0,1,0,0,0,0,0,0,0,"- ","- ",34.90361,-120.22772000000001,"SANTA BARBARA",UNINCORPORATED,-120.22775621,34.906002209999997
90019697,2015,2015-10-19,9760,2015-09-12,1255,021061,,6,1,9,4200,0,3,5,,2,005,"ABREGO RD","CAMINO CORTO",200.00,E,N,A,-,N,,,,,,,,,,Y,2,0,1,2,A,-,08,22107,,N,H,E,A,A,H,-,C,D,0,,Y,,,Y,Y,L,04,1,0,0,0,0,0,1,0,0,"- ","- ",34.414490000000001,-119.86499000000001,"SANTA BARBARA",UNINCORPORATED,-119.86587743,34.414470110000003
90019709,2015,2015-10-19,9760,2015-09-14,1520,020511,,1,2,5,4203,0,1,2,,2,011,"US-101 S/B (EL CAMINO REAL)","MISSION ST",400.00,N,N,B,-,Y,,,101,,,,,,S,N,4,0,1,2,A,-,03,22350,,N,C,C,A,B,H,-,A,D,0,,,,,Y,,A,07,0,0,1,0,0,0,0,0,0,"- ","- ",34.426029999999997,-119.72295,"SANTA BARBARA","SANTA BARBARA",-119.72294405,34.426057180000001
90019887,2015,2015-10-19,9760,2015-09-13,1828,019397,,7,2,9,4200,0,1,2,,2,010,"US-101 (N/B)","SHEFFIELD DRIVE",1056.00,N,N,A,-,Y,,,101,,,,,,,Y,4,0,1,3,A,-,03,22350,,N,C,C,A,A,H,-,A,D,0,,,,,Y,,A,01,0,0,1,0,0,0,0,0,0,"- ","- ",34.42136,-119.62112999999999,"SANTA BARBARA",UNINCORPORATED,-119.62110611999999,34.421082429999998
90034025,2015,2015-10-19,9750,2015-10-13,1130,015915,,2,1,9,4200,0,1,2,,2,001,"US 101 S/B","DONOVAN ROAD",1478.00,N,N,A,-,Y,,,,,,,,,,Y,3,0,1,2,A,-,07,21658,A,N,B,C,A,A,H,-,A,D,0,,,,Y,Y,,A,01,0,1,0,0,0,0,0,0,0,"- ","- ",34.971319999999999,-120.42538,"SANTA BARBARA",UNINCORPORATED,-120.42535174,34.97129588
90034095,2015,2015-10-19,9760,2015-10-08,0645,16739,,4,1,9,4200,0,3,5,,2,001,"3300 VIA REAL (POLO CLUB)","NIDEVER RD.",700.00,W,N,A,-,N,,,,,,,,,,Y,3,0,1,1,A,-,01,23152,E,N,E,I,A,A,H,-,B,D,0,,,,,Y,,A,01,0,1,0,0,0,0,0,0,0,"- ","- ",34.417029999999997,-119.56348,"SANTA BARBARA",UNINCORPORATED,-119.56287218999999,34.416680290000002
90034102,2015,2015-10-19,9750,2015-10-12,0640,014358,,1,1,9,4200,0,1,2,,2,001,"US-101 S/B (EL CAMINO REAL)","CLARK AVENUE",1056.00,N,N,A,-,Y,,,101,,,,,,S,Y,3,0,1,3,A,-,03,22350,,M,C,C,A,A,H,-,B,D,0,,,,,Y,,A,08,0,1,0,0,0,0,0,0,0,"- ","- ",34.868679999999998,-120.39932,"SANTA BARBARA",UNINCORPORATED,-120.3992935,34.868702290000002
90034953,2015,2015-10-20,9755,2015-10-08,2250,018514,,4,3,9,4200,0,3,5,,2,040,SR-246,"REFUGIO RD",528.00,E,N,A,-,Y,,,246,,,,,,,Y,3,0,1,2,A,-,09,21804,A,N,D,C,A,A,H,-,C,D,0,,,,,Y,,I,20,0,1,0,0,0,0,0,0,0,"- ","- ",34.602449999999997,-120.16652000000001,"SANTA BARBARA",UNINCORPORATED,-120.16662780999999,34.602212399999999
90034959,2015,2015-10-20,9760,2015-10-09,1912,018483,,5,2,4,4214,0,1,2,,1,030,"US-101 N/B","LOS CARNEROS RD",3000.00,S,N,A,-,Y,,,101,,,,,,N,Y,4,0,1,3,A,-,03,22350,,N,C,C,A,A,H,-,C,D,0,,,,,Y,,D,22,0,0,1,0,0,0,0,0,0,"- ","- ",34.438609999999997,-119.84283000000001,"SANTA BARBARA",GOLETA,-119.84283227,34.438628729999998
90034972,2015,2015-10-20,9755,2015-10-18,2142,019292,,7,2,2,4212,0,1,2,,2,004,"US-101 S/B",SR-246,1056.00,S,N,A,-,Y,,,101,,,,,,S,Y,3,0,1,1,A,-,03,22350,,N,F,A,A,A,H,-,C,D,0,,,Y,,Y,,C,02,0,1,0,0,0,0,0,0,1,"- ","- ",34.608330000000002,-120.19092000000001,"SANTA BARBARA",BUELLTON,-120.19097644999999,34.608338289999999
90034984,2015,2015-10-20,9750,2015-10-09,1928,017267,,5,2,9,4200,0,3,5,,2,020,"BRADLEY ROAD","CLARK AVENUE",351.00,S,N,A,-,N,,,,,,,,,,Y,3,0,2,2,A,-,09,21804,A,N,D,C,A,A,H,-,C,A,0,,,,,Y,,A,01,0,1,1,0,0,0,0,0,0,"- ","- ",34.864049999999999,-120.41873,"SANTA BARBARA",UNINCORPORATED,-120.41877758,34.864056189999999
90035136,2015,2015-10-21,9760,2015-10-09,1050,16739,,5,1,9,4200,0,3,5,,2,002,"PATTERSON AVE","CALLE REAL",0.00,,Y,A,-,N,,,,,,,,,,Y,4,0,2,2,A,-,12,21453,A,N,D,C,A,A,H,-,A,A,0,,,,,Y,,A,01,0,0,2,0,0,0,0,0,0,"- ","- ",34.443600000000004,-119.80837,"SANTA BARBARA",UNINCORPORATED,-119.80817,34.443630059999997
90035203,2015,2015-10-21,9760,2015-10-09,0807,019831,,5,1,5,4203,0,1,2,,2,020,"US-101 SB (EL CAMINO REAL)",SR-154,874.00,N,N,A,-,Y,,,,,,,,,,N,4,0,1,2,A,-,03,22350,,N,C,C,A,A,H,-,A,D,0,,,,,Y,,A,07,0,0,1,0,0,0,0,0,0,"- ","- ",34.44088,-119.76806999999999,"SANTA BARBARA","SANTA BARBARA",-120.15876572000001,34.690136580000001
90035217,2015,2015-10-29,9760,2015-10-09,1948,020211,,5,2,4,4214,0,1,2,,2,020,"US-101 NORTHBOUND","FAIRVIEW AVE",1300.00,S,N,A,-,Y,,,101,,,,,,N,Y,4,0,1,2,A,-,03,22350,,N,C,C,A,A,H,-,C,D,0,,,,,Y,,A,01,0,0,1,0,0,0,0,0,0,"- ","- ",34.44003,-119.82761000000001,"SANTA BARBARA",GOLETA,-119.82760879,34.440017810000001
90035574,2015,2015-10-21,9750,2015-10-17,1630,017267,,6,2,9,4200,0,2,4,,1,024,"UNION VALLEY PARKWAY","BRADLEY ROAD",0.00,,Y,A,-,N,,,,,,,,,,Y,3,0,2,2,A,-,12,21453,A,N,D,C,A,A,H,-,A,A,0,,,,,Y,,A,01,0,1,1,0,0,0,0,0,0,"- ","- ",34.87932,-120.41858999999999,"SANTA BARBARA",UNINCORPORATED,-120.41869994,34.879360030000001
90020174,2015,2015-10-19,9755,2015-09-22,0730,013618,,2,1,9,4200,0,1,3,,1,055,"RT 1","SANTA LUCIA CYN. RD.",359.00,N,N,B,-,Y,,,1,,,,,,,N,4,0,1,2,A,-,07,21658,A,N,C,C,A,A,H,-,A,D,0,,,,,Y,,A,01,0,0,1,0,0,0,0,0,0,"- ","- ",34.714149999999997,-120.48922,"SANTA BARBARA",UNINCORPORATED,-120.48923324,34.714147779999998
90020467,2015,2015-10-19,9750,2015-09-15,0615,014753,,2,1,9,4200,0,3,5,,2,010,"BETTERAVIA ROAD","BLACK ROAD",2640.00,W,N,B,-,N,,,,,,,,,,Y,4,0,1,2,A,-,03,22350,,N,C,C,A,A,H,-,B,D,0,,,,,Y,,A,01,0,0,1,0,0,0,0,0,0,"- ","- ",34.919919999999998,-120.50279,"SANTA BARBARA",UNINCORPORATED,-120.49894983,34.920422070000001
90020568,2015,2015-10-19,9760,2015-09-06,0832,019831,,7,1,5,4203,0,1,2,,2,011,"US-101 S/B (EL CAMINO REAL)","GARDEN STREET",874.00,S,N,A,-,Y,,,,,,,,,,Y,4,0,1,1,A,-,01,23152,A,N,E,I,A,A,H,-,A,D,0,,,,,Y,,A,01,0,0,1,0,0,0,0,0,0,"- ","- ",34.477589999999999,-119.38324,"SANTA BARBARA","SANTA BARBARA",-119.69154417,34.416442619999998
90020624,2015,2015-10-19,9760,2015-09-17,1750,017314,,4,2,4,4214,0,1,2,,1,030,"US-101 S/B","LOS CARNEROS ROAD",350.00,N,N,A,-,Y,,,,,,,,,,Y,4,0,1,2,A,-,03,22350,,M,C,C,A,A,H,-,A,D,0,,,,,Y,,A,01,0,0,1,0,0,0,0,0,0,"- ","- ",34.462389999999999,-119.08548999999999,"SANTA BARBARA",GOLETA,-119.85178605999999,34.437681740000002
90020636,2015,2015-10-19,9760,2015-09-17,1620,017662,,4,2,9,4200,0,1,2,,2,010,"US-101 S/B","SAN YSIDRO ROAD",800.00,S,N,A,-,Y,,,101,,,,,,S,Y,4,0,1,2,A,-,03,22350,,N,C,C,A,A,H,-,A,D,0,,,,,Y,,A,01,0,0,1,0,0,0,0,0,0,"- ","- ",34.421869999999998,-119.62813,"SANTA BARBARA",UNINCORPORATED,-119.62828429,34.421342549999999
90020679,2015,2015-10-19,9760,2015-09-17,1625,018431,,4,2,9,4200,0,1,2,,2,020,"US-101 S/B","TURNPIKE RD.",2000.00,S,N,A,-,Y,,,101,,,,,,S,Y,4,0,1,4,A,-,03,22350,,N,C,C,A,A,H,-,A,D,0,,,,,Y,,A,01,0,0,1,0,0,0,0,0,0,"- ","- ",34.441940000000002,-119.78201,"SANTA BARBARA",UNINCORPORATED,-119.78201185,34.442013899999999
90020773,2015,2015-10-19,9760,2015-09-16,1622,018754,,3,2,9,4200,0,1,2,,2,010,"US-101 S/B FROM N. PADARO LN.","N. PADARO",91.00,S,N,A,-,Y,,,101,,,,R,,S,Y,3,0,1,1,A,-,01,23152,A,N,E,C,A,A,H,-,A,A,0,,,,,Y,,A,01,0,1,0,0,0,0,0,0,0,"- ","- ",34.416080000000001,-119.5821,"SANTA BARBARA",UNINCORPORATED,-119.5821,34.416080000000001
90020913,2015,2015-12-11,9755,2015-09-10,0610,015281,,4,1,9,4200,0,1,2,,2,004,"US-101 N/B","JONATA PARK ROAD",0.00,,N,A,-,Y,,,101,,,,,,N,Y,1,1,0,2,A,-,03,22350,,N,C,C,A,A,H,-,D,D,0,,,Y,Y,Y,,C,02,0,0,0,0,0,0,0,1,0,"- ","- ",34.653199999999998,-120.18255000000001,"SANTA BARBARA",UNINCORPORATED,-120.18257301,34.653206310000002
90020940,2015,2015-10-19,9755,2015-09-18,1815,019464,,5,2,9,4200,0,3,5,,2,040,"FOXEN CANYON ROAD","ZACA STATION ROAD",7392.00,N,N,A,-,N,,,,,,,,,,Y,3,0,1,2,A,-,09,21804,A,N,D,C,A,A,H,-,A,D,0,,,Y,,Y,,C,02,0,1,0,0,0,0,0,0,1,"- ","- ",34.742809999999999,-120.11991,"SANTA BARBARA",UNINCORPORATED,-120.12662028,34.71104167
90020955,2015,2015-10-19,9755,2015-09-22,1745,012436,,2,2,9,4200,0,1,3,,1,042,SR-154,"LAKEVIEW RD",13200.00,E,N,A,-,Y,,,154,,,,,,,Y,3,0,1,2,A,-,04,21703,,N,C,C,A,A,H,-,A,D,0,,,,,Y,,A,01,0,1,0,0,0,0,0,0,0,"- ","- ",34.562350000000002,-119.92906000000001,"SANTA BARBARA",UNINCORPORATED,-119.92906213000001,34.562341740000001
90021003,2015,2015-12-09,9755,2015-09-21,2214,017967,,1,3,9,4200,0,1,3,,1,053,"SR-246 W/B","RIVERVIEW DR",8976.00,W,N,A,-,Y,,,246,,,,,,W,Y,4,0,1,1,C,-,18,,,N,H,H,A,A,H,-,D,D,0,,,,,Y,,-,"- ",0,0,1,0,0,0,0,0,0,"- ","- ",34.622190000000003,-120.23739,"SANTA BARBARA",UNINCORPORATED,-120.23738186999999,34.622340800000003
7183905,2015,2016-02-17,4200,2015-12-08,1747,3634,,2,5,3,4205,0,0,0,,0,040,"7TH ST","LINDEN AV",0.00,,Y,A,-,N,,,,,,,,,,Y,3,0,1,2,A,-,03,22350,,N,C,C,A,A,H,-,A,A,0,,,,,Y,,A,01,0,1,0,0,0,0,0,0,0,"- ","- ",,,"SANTA BARBARA",CARPINTERIA,-119.52073991,34.397000069999997
8003495,2015,2016-03-30,4204,2015-06-01,1715,16714,,1,5,5,4204,0,0,0,,0,,"BETTERAVIA RD","MAHONEY RD",14.00,E,N,A,-,N,,,,,,,,,,Y,4,0,1,2,A,-,09,21802,A,N,D,C,A,A,H,-,A,A,0,,,,,Y,,A,01,0,0,1,0,0,0,0,0,0,"- ","- ",34.92069,-120.47487,"SANTA BARBARA","SANTA MARIA",-120.47481412,34.920667139999999
8054271,2015,2016-06-09,4202,2015-11-24,1742,230,,2,5,4,4202,0,0,0,,0,,"CENTRAL AV","O ST",17.00,E,N,B,C,N,,,,,,,,,,Y,4,0,1,2,A,-,07,21658,A,N,C,C,A,B,H,-,C,A,0,,,,,Y,,A,07,0,0,1,0,0,0,0,0,0,"- ","- ",,,"SANTA BARBARA",LOMPOC,-120.4663535,34.660898959999997
90010859,2015,2015-10-19,9755,2015-08-22,1412,016058,,6,2,9,4200,0,1,3,,1,051,SR-1,"JALAMA BEACH RD",21120.00,S,N,A,-,Y,,,1,,,,,,,Y,3,0,1,1,A,-,08,22107,,N,F,A,A,A,H,-,A,D,0,,,,,Y,,A,01,0,1,0,0,0,0,0,0,0,"- ","- ",34.557319999999997,-120.36264,"SANTA BARBARA",UNINCORPORATED,-120.36259994,34.557335860000002
90010961,2015,2015-10-19,9760,2015-08-18,1650,017097,,2,2,4,4214,0,1,2,,2,020,"US-101 S/B","PATTERSON AVE",300.00,S,N,A,-,Y,,,101,,,,,,S,N,4,0,1,2,A,-,07,21658,A,N,B,C,A,A,H,-,A,D,0,,,,,Y,,A,01,0,0,1,0,0,0,0,0,0,"- ","- ",34.441749999999999,-119.80688000000001,"SANTA BARBARA",GOLETA,-119.80688086000001,34.441740789999997
90011001,2015,2015-10-19,9760,2015-08-19,1600,017674,,3,2,5,4203,0,1,2,,2,011,"US-101 S/B","MILPAS ST. U.C.",843.00,N,N,A,-,Y,,,101,,,,,,S,Y,3,0,2,2,A,-,03,22350,,N,C,C,A,A,H,-,A,D,0,,,,,Y,,D,22,0,1,1,0,0,0,0,0,0,"- ","- ",34.420200000000001,-119.6786,"SANTA BARBARA","SANTA BARBARA",-119.67860156,34.420210429999997
90011373,2015,2015-10-19,9760,2015-08-13,1600,017314,,4,2,5,4203,0,1,2,,2,011,"US-101 S/B","GARDEN STREET",528.00,S,N,A,-,Y,,,101,,,,,,S,Y,3,0,1,2,A,-,08,22107,,N,B,C,A,A,H,-,A,D,0,,,Y,,Y,,C,02,0,1,0,0,0,0,0,0,1,"- ","- ",34.419730000000001,-119.68276,"SANTA BARBARA","SANTA BARBARA",-119.68276675,34.419794830000001
90011655,2015,2015-10-19,9760,2015-08-13,1920,020528,,4,2,9,4200,0,3,5,,2,001,"VIA REAL","PADARO LN",340.00,W,N,A,-,N,,,,,,,,,,N,4,0,2,2,A,-,03,22350,,N,C,C,A,A,D,-,B,D,0,,,,,Y,,D,22,0,0,2,0,0,0,0,0,0,"- ","- ",34.41189,-119.55307999999999,"SANTA BARBARA",UNINCORPORATED,-119.58396267000001,34.417541100000001
90011696,2015,2015-10-19,9760,2015-08-13,1655,017314,,4,2,5,4203,0,1,2,,2,011,"US-101 SOUTHBOUND","MISSION STREET",600.00,N,N,A,-,Y,,,101,,,,,,S,N,4,0,3,4,A,-,03,22350,,N,C,C,A,A,H,-,A,D,0,,,,,Y,,A,01,0,0,3,0,0,0,0,0,0,"- ","- ",34.426589999999997,-119.72726,"SANTA BARBARA","SANTA BARBARA",-119.72723091,34.426800190000002
90011889,2015,2015-10-19,9760,2015-08-18,1630,017674,,2,2,5,4203,0,1,2,,2,011,"US-101 S/B","MILPAS ST. OFF-RAMP",600.00,N,N,A,-,Y,,,101,,,,,,S,Y,4,0,1,2,A,-,03,22350,,N,C,C,A,A,H,-,A,D,0,,,,,Y,,D,22,0,0,1,0,0,0,0,0,0,"- ","- ",34.419690000000003,-119.68374,"SANTA BARBARA","SANTA BARBARA",-119.68374036,34.419693469999999
90012173,2015,2015-10-19,9760,2015-08-20,1050,015669,,4,1,9,4200,0,3,5,,2,001,"EVANS AVE","LILLIE AVE",0.00,,Y,B,-,N,,,,,,,,,,N,3,0,1,1,A,-,21,22106,,N,F,A,A,A,H,-,A,D,0,,,Y,,Y,,C,02,0,1,0,0,0,0,0,0,1,"- ","- ",34.421840000000003,-119.60126,"SANTA BARBARA",UNINCORPORATED,-119.60142992,34.422100039999997
90022451,2015,2015-10-19,9755,2015-09-24,1415,012436,,4,2,9,4200,0,1,2,,2,004,US-101SB,"SANTA ROSA ROAD",11616.00,S,N,A,-,Y,,,101,,,,,,,Y,4,0,1,1,A,-,08,22107,,N,E,I,A,A,H,-,A,D,0,,,,,Y,,A,01,0,0,1,0,0,0,0,0,0,"- ","- ",34.572920000000003,-120.1931,"SANTA BARBARA",UNINCORPORATED,-120.1933408,34.572857339999999
90022460,2015,2015-10-19,9755,2015-09-24,0520,019464,,4,3,9,4200,0,1,3,,1,053,"SR-246 EASTBOUND","HAPGOOD ROAD",1584.00,W,N,A,-,Y,,,246,,,,,,E,N,4,0,1,2,A,-,06,21751,,N,B,C,A,A,H,-,D,D,0,,,,,Y,,A,01,0,0,1,0,0,0,0,0,0,"- ","- ",34.664560000000002,-120.34945999999999,"SANTA BARBARA",UNINCORPORATED,-120.34946014000001,34.664541030000002
90022678,2015,2015-10-19,9750,2015-09-17,1228,016354,,4,1,9,4200,0,1,3,,1,012,SR-1,"BROWN RD",0.00,,Y,A,-,Y,,,1,,,,,,,Y,4,0,1,2,A,-,09,21802,A,N,D,C,A,A,H,-,A,A,0,,,,,Y,,D,22,0,0,1,0,0,0,0,0,0,"- ","- ",34.93262,-120.56811999999999,"SANTA BARBARA",UNINCORPORATED,-120.56834924,34.932483550000001
90022741,2015,2015-10-19,9750,2015-09-20,2123,018209,,7,2,9,4200,0,1,2,,2,001,"US - 101 N/B","DONOVAN RD",182.00,S,N,A,-,Y,,,,,,,,,,Y,4,0,1,1,A,-,01,23152,F,N,E,I,A,A,H,-,C,D,0,,,,,Y,Y,D,22,0,0,1,0,0,0,0,0,0,"- ","- ",34.966540000000002,-120.42201,"SANTA BARBARA",UNINCORPORATED,-120.42260992,34.967236540000002
90022937,2015,2015-10-19,9755,2015-09-25,1320,012436,,5,1,9,4200,0,1,3,,2,041,SR-246,"MEADOWLARK RD",1056.00,E,N,A,-,Y,,,246,,,,,,,Y,4,0,1,2,A,-,08,22100,,N,D,C,A,A,H,-,A,D,0,,,,,Y,,A,01,0,0,1,0,0,0,0,0,0,"- ","- ",34.610489999999999,-120.05687,"SANTA BARBARA",UNINCORPORATED,-120.05687052,34.610469199999997
90023071,2015,2015-10-19,9750,2015-09-16,0750,014753,,3,1,9,4200,0,2,4,,1,024,"UNION VALLEY PARKWAY","ORCUTT ROAD",0.00,,Y,A,-,N,,,,,,,,,,Y,4,0,1,2,A,-,12,21453,A,N,D,C,A,A,H,-,A,A,0,,,,,Y,,A,08,0,0,1,0,0,0,0,0,0,"- ","- ",34.879249999999999,-120.43494,"SANTA BARBARA",UNINCORPORATED,-120.43504987,34.879519999999999
90023121,2015,2015-10-19,9750,2015-09-18,1255,013766,,5,1,9,4200,0,3,5,,2,020,"WOODMERE ROAD","BRADLEY ROAD",3.00,E,N,A,-,N,,,,,,,,,,N,3,0,5,6,A,-,21,22106,,N,G,B,B,A,H,-,A,A,0,Y,,,,Y,,E,22,0,1,4,0,5,0,0,0,0,"- ","- ",34.876399999999997,-120.41857,"SANTA BARBARA",UNINCORPORATED,-120.41874003,34.876349429999998
90023129,2015,2015-10-19,9755,2015-09-25,1430,012436,,5,2,9,4200,0,1,2,,2,004,"US-101 N/B","SANTA ROSA ROAD",8976.00,S,N,A,-,Y,,,,,,,,,,Y,4,0,1,1,A,-,08,22107,,N,E,I,A,A,H,-,A,D,0,,,,,Y,,A,01,0,0,1,0,0,0,0,0,0,"- ","- ",34.610489999999999,-120.05687,"SANTA BARBARA",UNINCORPORATED,-120.19360002000001,34.579770289999999
90023164,2015,2015-10-19,9760,2015-09-20,1145,020511,,7,1,9,4200,0,1,3,,1,022,"SR-154 W/B","STAGECOACH RD",2500.00,W,N,A,-,Y,,,154,,,,,,W,Y,3,0,1,2,A,-,06,21750,,N,B,C,A,A,H,-,A,D,0,,,Y,,Y,,C,02,0,1,0,0,0,0,0,0,1,"- ","- ",34.53002,-119.84124,"SANTA BARBARA",UNINCORPORATED,-119.84121304999999,34.530075680000003