CASE_ID,ACCIDENT_YEAR,PROC_DATE,JURIS,COLLISION_DATE,COLLISION_TIME,OFFICER_ID,REPORTING_DISTRICT,DAY_OF_WEEK,CHP_SHIFT,POPULATION,CNTY_CITY_LOC,SPECIAL_COND,BEAT_TYPE,CHP_BEAT_TYPE,CITY_DIVISION_LAPD,CHP_BEAT_CLASS,BEAT_NUMBER,PRIMARY_RD,SECONDARY_RD,DISTANCE,DIRECTION,INTERSECTION,WEATHER_1,WEATHER_2,STATE_HWY_IND,CALTRANS_COUNTY,CALTRANS_DISTRICT,STATE_ROUTE,ROUTE_SUFFIX,POSTMILE_PREFIX,POSTMILE,LOCATION_TYPE,RAMP_INTERSECTION,SIDE_OF_HWY,TOW_AWAY,COLLISION_SEVERITY,NUMBER_KILLED,NUMBER_INJURED,PARTY_COUNT,PRIMARY_COLL_FACTOR,PCF_CODE_OF_VIOL,PCF_VIOL_CATEGORY,PCF_VIOLATION,PCF_VIOL_SUBSECTION,HIT_AND_RUN,TYPE_OF_COLLISION,MVIW,PED_ACTION,ROAD_SURFACE,ROAD_COND_1,ROAD_COND_2,LIGHTING,CONTROL_DEVICE,CHP_ROAD_TYPE,PEDESTRIAN_ACCIDENT,BICYCLE_ACCIDENT,MOTORCYCLE_ACCIDENT,TRUCK_ACCIDENT,NOT_PRIVATE_PROPERTY,ALCOHOL_INVOLVED,STWD_VEHTYPE_AT_FAULT,CHP_VEHTYPE_AT_FAULT,COUNT_SEVERE_INJ,COUNT_VISIBLE_INJ,COUNT_COMPLAINT_PAIN,COUNT_PED_KILLED,COUNT_PED_INJURED,COUNT_BICYCLIST_KILLED,COUNT_BICYCLIST_INJURED,COUNT_MC_KILLED,COUNT_MC_INJURED,PRIMARY_RAMP,SECONDARY_RAMP,LATITUDE,LONGITUDE,COUNTY,CITY,POINT_X,POINT_Y
90023236,2015,2015-10-19,9760,2015-09-24,0925,015658,,4,1,9,4200,0,3,5,,2,005,"TRIGO RD","EMBARCADERO DEL NORTE",800.00,E,N,A,-,N,,,,,,,,,,N,4,0,1,2,D,-,00,,,N,D,G,A,A,H,-,A,D,0,,Y,,,Y,,-,"- ",0,0,1,0,0,0,1,0,0,"- ","- ",34.411099999999998,-119.85424999999999,"SANTA BARBARA",UNINCORPORATED,-119.85369,34.411110000000001
90023261,2015,2015-10-19,9760,2015-09-19,1344,018754,,6,1,3,4205,0,1,2,,2,010,"U.S. 101 N/B","CASITAS PASS RD.",86.00,S,N,A,-,Y,,,,,,,,,,Y,4,0,1,3,A,-,03,22350,,N,C,C,A,A,H,-,A,D,0,,,,,Y,,A,01,0,0,1,0,0,0,0,0,0,"- ","- ",34.396140000000003,-119.51094000000001,"SANTA BARBARA",CARPINTERIA,-119.51134939000001,34.396644680000001
90012189,2015,2015-10-19,9760,2015-08-14,2225,020227,,5,3,9,4200,0,3,5,,2,001,"SAN YSIDRO ROAD","SINALOA DRIVE",0.00,,Y,A,-,N,,,,,,,,,,Y,4,0,1,2,A,-,12,22450,A,M,D,C,A,A,H,-,D,A,0,,,,,Y,,A,01,0,0,1,0,0,0,0,0,0,"- ","- ",34.428959999999996,-119.63164999999999,"SANTA BARBARA",UNINCORPORATED,-119.63160988,34.429060049999997
90012604,2015,2015-10-19,9750,2015-08-15,1550,019656,,6,2,9,4200,0,1,2,,2,002,"US-101 N/B (EL CAMINO REAL)","PALMER ROAD",2640.00,S,N,A,-,Y,,,101,,,,,,N,Y,4,0,2,2,A,-,03,22350,,N,C,C,A,A,H,-,A,D,0,,,,,Y,,A,01,0,0,2,0,0,0,0,0,0,"- ","- ",34.787640000000003,-120.32492000000001,"SANTA BARBARA",UNINCORPORATED,-120.32494925,34.787585700000001
90012857,2015,2015-10-19,9750,2015-08-23,2005,017616,,7,2,9,4200,0,1,3,,1,021,"SR-135 N/B (ORCUTT EXPRESSWAY)","WINTER ROAD",324.00,N,N,A,-,Y,,,135,,,,,,N,Y,4,0,2,2,A,-,03,22350,,N,C,C,A,A,H,-,C,A,0,,,,,Y,,A,01,0,0,2,0,0,0,0,0,0,"- ","- ",34.90016,-120.43586000000001,"SANTA BARBARA",UNINCORPORATED,-120.43590897999999,34.9001625
90013478,2015,2015-10-19,9760,2015-08-21,0640,019831,,5,1,5,4203,0,1,2,,2,011,"US-101 S/B (EL CAMINO REAL)","CARRILLO ST",274.00,N,N,A,-,Y,,,,,,,,,,Y,4,0,1,2,A,-,07,21658,A,N,C,C,A,A,H,-,B,D,0,,,,,Y,,A,01,0,0,1,0,0,0,0,0,0,"- ","- ",,,"SANTA BARBARA","SANTA BARBARA",-119.70811888,34.416756939999999
90013961,2015,2015-10-19,9750,2015-08-23,0205,016773,,7,3,9,4200,0,1,2,,2,001,"US-101 N/B (EL CAMINO REAL)","SANTA MARIA WAY",528.00,N,N,A,-,Y,,,101,,,,,,N,Y,4,0,1,2,A,-,03,22350,,N,C,C,A,A,H,-,D,D,0,,,,,Y,,A,07,0,0,1,0,0,0,0,0,0,"- ","- ",34.892670000000003,-120.41797,"SANTA BARBARA",UNINCORPORATED,-120.41797419,34.89266937
90013967,2015,2015-10-19,9750,2015-08-23,1545,018786,,7,2,9,4200,0,1,2,,2,003,"US-101 N/B (EL CAMINO REAL)","ALISOS CANYON ROAD",7392.00,S,N,A,-,Y,,,101,,,,,,N,Y,4,0,1,1,A,-,08,22107,,N,F,A,A,A,H,-,A,D,0,,,,,Y,,A,08,0,0,1,0,0,0,0,0,0,"- ","- ",34.72345,-120.21272999999999,"SANTA BARBARA",UNINCORPORATED,-120.21270847,34.723507939999998
90014021,2015,2015-10-19,9755,2015-08-27,1438,017884,,4,2,9,4200,0,1,3,,1,042,SR-154,"EDISON ST.",0.00,,Y,A,-,Y,,,154,,,,,,,Y,3,0,1,2,A,-,12,22450,A,N,D,C,A,A,H,-,A,A,0,,,Y,,Y,,D,22,0,1,0,0,0,0,0,0,1,"- ","- ",34.633629999999997,-120.08087999999999,"SANTA BARBARA",UNINCORPORATED,-120.08092675,34.633590089999998
90014656,2015,2015-10-19,9760,2015-08-17,1925,020511,,1,2,5,4203,0,1,2,,2,020,"US-101 NB (EL CAMINO REAL)","LA CUMBRE RD",800.00,S,N,A,-,Y,,,101,,,,,,N,Y,4,0,1,2,A,-,08,22107,,F,B,C,A,A,H,-,B,D,0,,,,,Y,Y,-,99,0,0,1,0,0,0,0,0,0,"- ","- ",34.431600000000003,-119.74489,"SANTA BARBARA","SANTA BARBARA",-119.74487031,34.431633009999999
90014739,2015,2015-10-19,9750,2015-08-05,1938,016354,,3,2,9,4200,0,3,5,,2,020,"FOXENWOOD LANE","FOXENWOOD DRIVE",358.00,S,N,A,-,N,,,,,,,,,,N,4,0,1,2,A,-,03,22350,,F,C,C,A,A,H,-,B,D,0,,,,,Y,,D,22,0,0,1,0,0,0,0,0,0,"- ","- ",34.871870000000001,-120.43689999999999,"SANTA BARBARA",UNINCORPORATED,-120.43688734,34.871344550000003
90014740,2015,2015-10-19,9750,2015-08-23,1347,015514,,7,1,9,4200,0,1,3,,1,022,"SR-1 N/B (CABRILLO HIGHWAY)","BLACK ROAD",3168.00,S,N,A,-,Y,,,1,,,,,,N,Y,2,0,2,1,A,-,08,22107,,F,E,I,A,A,H,-,A,D,0,,,,,Y,Y,A,07,1,1,0,0,0,0,0,0,0,"- ","- ",34.877079999999999,-120.48648,"SANTA BARBARA",UNINCORPORATED,-120.48649524,34.877029739999998
90014743,2015,2015-10-19,9750,2015-08-28,1140,013766,,5,1,9,4200,0,1,2,,2,003,"US-101 S/B (EL CAMINO REAL)","ALISOS CANYON ROAD",5808.00,N,N,A,-,Y,,,101,,,,,,S,Y,4,0,1,1,A,-,08,22107,,N,E,I,A,A,H,-,A,D,0,,,,,Y,,A,01,0,0,1,0,0,0,0,0,0,"- ","- ",34.736400000000003,-120.25458999999999,"SANTA BARBARA",UNINCORPORATED,-120.25458286,34.736453949999998
90014749,2015,2015-10-19,9750,2015-08-29,1325,014820,,6,1,9,4200,0,3,5,,2,030,"BETTERAVIA ROAD E/B","ROSEMARY ROAD",1056.00,E,N,A,-,N,,,,,,,,,,Y,4,0,1,1,A,-,08,22107,,N,E,I,A,A,H,-,A,D,0,,,,,Y,,D,22,0,0,1,0,0,0,0,0,0,"- ","- ",34.923819999999999,-120.39634,"SANTA BARBARA",UNINCORPORATED,-120.39710918999999,34.923761810000002
90014754,2015,2015-10-19,9750,2015-08-30,1550,017379,,7,2,9,4200,0,3,5,,2,020,"HARRIS GRADE ROAD",SR-135,10032.00,S,N,A,-,N,,,,,,,,,,Y,4,0,1,2,A,-,05,21460,A,N,A,C,A,A,H,-,A,D,0,,,,,Y,,A,01,0,0,1,0,0,0,0,0,0,"- ","- ",34.744599999999998,-120.43825,"SANTA BARBARA",UNINCORPORATED,-120.43721745000001,34.745267949999999
90014771,2015,2015-10-19,9750,2015-08-30,0305,019417,,7,3,9,4200,0,1,3,,1,011,"SR-166 (W. MAIN STREET)","BONITA SCHOOL ROAD",2640.00,W,N,A,-,Y,,,166,,,,,,,Y,3,0,3,2,A,-,05,21460,A,N,B,C,A,A,H,-,D,D,0,,,,,Y,Y,A,01,0,1,2,0,0,0,0,0,0,"- ","- ",34.957909999999998,-120.51649,"SANTA BARBARA",UNINCORPORATED,-120.51649706000001,34.95785008
90014793,2015,2015-10-19,9750,2015-09-01,1720,017616,,2,2,9,4200,0,1,3,,1,011,"SR-166 E/B (W. MAIN STREET)","BONITA SCHOOL ROAD",3168.00,W,N,A,-,Y,,,166,,,,,,E,Y,4,0,2,3,A,-,03,22350,,N,C,C,A,A,H,-,A,D,0,,,,,Y,,A,08,0,0,2,0,0,0,0,0,0,"- ","- ",34.958109999999998,-120.51902,"SANTA BARBARA",UNINCORPORATED,-120.51901637,34.958142870000003
90015006,2015,2015-10-19,9760,2015-08-16,2055,020226,,7,2,9,4200,0,1,2,,2,010,"US-101 N/B","SAN YSIDRO ROAD",650.00,S,N,A,-,Y,,,101,,,,,,N,Y,3,0,1,2,A,-,07,21658,A,M,B,C,A,A,H,-,C,D,0,,,,,Y,,A,07,0,1,0,0,0,0,0,0,0,"- ","- ",34.421729999999997,-119.62898,"SANTA BARBARA",UNINCORPORATED,-119.62898736,34.421706610000001
90015016,2015,2015-10-19,9760,2015-08-18,1140,020211,,2,1,9,4200,0,3,5,,2,002,"TURNPIKE ROAD","SAN GORDIANO AVENUE",0.00,,Y,A,-,N,,,,,,,,,,N,4,0,2,2,A,-,12,21453,A,N,D,C,A,A,H,-,A,A,0,,,,,Y,,A,01,0,0,2,0,0,0,0,0,0,"- ","- ",34.439070000000001,-119.78943,"SANTA BARBARA",UNINCORPORATED,-119.78943988,34.439130059999997
90015407,2015,2015-10-19,9760,2015-08-25,1150,018483,,2,1,9,4200,0,3,5,,2,002,"SAN RICARDO DRIVE","HOLLISTER AVE",5.00,S,N,A,-,N,,,,,,,,,,N,3,0,1,2,A,-,05,21650,,N,H,G,A,A,H,-,A,A,0,,Y,,,Y,,L,04,0,1,0,0,0,0,1,0,0,"- ","- ",34.434849999999997,-119.80603000000001,"SANTA BARBARA",UNINCORPORATED,-119.80603786,34.434906390000002
90015429,2015,2015-10-19,9750,2015-09-03,0015,019656,,4,3,9,4200,0,1,2,,2,003,"US-101 N/B (EL CAMINO REAL)","ALISOS CANYON ROAD",1584.00,S,N,A,-,Y,,,101,,,,,,N,Y,3,0,1,1,C,-,18,,,N,H,H,A,A,H,-,D,D,0,,,,,Y,,-,"- ",0,1,0,0,0,0,0,0,0,"- ","- ",34.729840000000003,-120.23204,"SANTA BARBARA",UNINCORPORATED,-120.23205846,34.729797060000003
90015666,2015,2015-10-19,9760,2015-08-26,1510,017314,,3,2,4,4214,0,1,2,,1,030,"US-101 S/B FROM LOS CARNEROS RD.","LOS CARNEROS ROAD",1280.00,S,N,A,-,Y,,,101,,,,R,,S,Y,3,0,3,2,C,-,18,,,N,B,C,A,A,H,-,A,D,0,,,,,Y,,-,"- ",0,1,2,0,0,0,0,0,0,"- ","- ",34.437779999999997,-119.84871,"SANTA BARBARA",GOLETA,-119.84871,34.437779999999997
90015746,2015,2015-10-19,9760,2015-09-08,0930,018019,,2,1,9,4200,0,1,2,,2,010,"US-101 N/B (EL CAMINO REAL)","S. PADARO LANE",344.00,N,N,A,-,Y,,,101,,,,,,N,Y,3,0,1,4,A,-,03,22350,,N,C,C,A,A,H,-,A,D,0,,,,,Y,,D,22,0,1,0,0,0,0,0,0,0,"- ","- ",34.412109999999998,-119.55419999999999,"SANTA BARBARA",UNINCORPORATED,-119.55435928999999,34.411887700000001
90015790,2015,2015-10-19,9760,2015-08-27,0805,020029,,4,1,9,4200,0,1,2,,2,010,"US-101 N/B","N. PADARO LN",4000.00,S,N,A,-,Y,,,101,,,,,,N,N,4,0,1,2,A,-,07,21658,A,N,B,C,A,A,H,-,A,D,0,,,,,Y,,A,01,0,0,1,0,0,0,0,0,0,"- ","- ",34.416559999999997,-119.56927,"SANTA BARBARA",UNINCORPORATED,-119.5692605,34.416494800000002
90023401,2015,2015-10-19,9750,2015-09-25,1455,016714,,5,2,9,4200,0,1,2,,2,001,"US-101 N/B (EL CAMINO REAL)","SANTA MARIA WAY",2957.00,S,N,A,-,Y,,,101,,,,,,N,N,4,0,2,2,A,-,03,22350,,N,C,C,A,A,H,-,A,D,0,,,,,Y,,D,22,0,0,2,0,0,0,0,0,0,"- ","- ",34.883429999999997,-120.41175,"SANTA BARBARA",UNINCORPORATED,-120.41167572000001,34.883493299999998
90023902,2015,2015-10-19,9755,2015-09-22,1735,015973,,2,2,9,4200,0,1,3,,1,042,SR-154,"LAKEVIEW RD",12144.00,E,N,A,-,Y,,,154,,,,,,,Y,4,0,2,3,A,-,03,22350,,N,C,C,A,A,H,-,A,D,0,,,,,Y,,A,07,0,0,2,0,0,0,0,0,0,"- ","- ",34.566760000000002,-119.94114,"SANTA BARBARA",UNINCORPORATED,-119.94111802,34.566806280000002
90024048,2015,2015-10-19,9755,2015-09-21,2215,018264,,1,3,9,4200,0,1,S,,2,901,"SR-246 E/B","RIVERVIEW TERRACE DR",8976.00,W,N,A,-,Y,,,246,,,,,,E,Y,4,0,1,1,C,-,18,,,N,H,H,A,A,H,-,D,D,0,,,,,Y,,-,"- ",0,0,1,0,0,0,0,0,0,"- ","- ",34.622239999999998,-120.23405,"SANTA BARBARA",UNINCORPORATED,-120.23403648999999,34.622081309999999
90024590,2015,2015-10-19,9750,2015-09-22,0755,016170,,2,1,9,4200,1,1,3,,1,064,SR-166,"BELL ROAD",6336.00,E,N,A,-,Y,,,166,,,,,,,N,3,0,2,2,A,-,03,22350,,N,H,A,A,A,H,-,A,D,0,,,,,Y,,A,07,0,1,1,0,0,0,0,0,0,"- ","- ",34.937849999999997,-119.63054,"SANTA BARBARA",UNINCORPORATED,-119.63053022,34.937912019999999
90024948,2015,2015-10-19,9750,2015-09-25,1820,016714,,5,2,9,4200,0,1,3,,1,011,"SR-166 (W. MAIN ST.)","BONITA SCHOOL RD.",0.00,,Y,A,-,Y,,,166,,,,,,,Y,4,0,1,2,A,-,12,21453,A,N,D,C,A,A,H,-,A,A,0,,,,Y,Y,,G,25,0,0,1,0,0,0,0,0,0,"- ","- ",34.956960000000002,-120.50842,"SANTA BARBARA",UNINCORPORATED,-120.50841987,34.956961
90024976,2015,2015-10-19,9750,2015-09-25,2324,019656,,5,3,9,4200,0,1,3,,1,021,"SR-135 S/B (ORCUTT EXPRESSWAY)","WALLER LANE",300.00,S,N,A,-,Y,,,135,,,,,,S,N,4,0,1,2,A,-,07,21658,A,N,B,C,A,A,H,-,C,D,0,,,,,Y,,-,"- ",0,0,1,0,0,0,0,0,0,"- ","- ",34.904820000000001,-120.43601,"SANTA BARBARA",UNINCORPORATED,-120.43600445,34.90482016
90025021,2015,2015-10-19,9750,2015-09-25,0845,013766,,5,1,9,4200,0,1,3,,1,023,SR-135,"BATCHELDER ROAD",528.00,S,N,A,-,Y,,,135,,,,,,,Y,4,0,3,2,A,-,09,21804,A,N,D,C,A,A,H,-,A,D,0,,,,,Y,,D,22,0,0,3,0,0,0,0,0,0,"- ","- ",34.755000000000003,-120.36851,"SANTA BARBARA",UNINCORPORATED,-120.36851772999999,34.754942450000001
90025040,2015,2015-10-19,9750,2015-09-26,1700,017267,,6,2,9,4200,0,3,5,,2,020,"DUTARD ROAD","BLACK RD",1584.00,E,N,A,-,N,,,,,,,,,,Y,4,0,1,2,A,-,08,22107,,N,F,A,A,A,H,-,A,D,0,,,,,Y,,A,07,0,0,1,0,0,0,0,0,0,"- ","- ",34.890860000000004,-120.48593,"SANTA BARBARA",UNINCORPORATED,-120.48528975000001,34.890900979999998
90025129,2015,2015-10-19,9750,2015-09-24,1035,017616,,4,1,9,4200,0,3,5,,2,030,"CLARK AVE","DOMINION RD",5280.00,W,N,A,-,N,,,,,,,,,,Y,4,0,2,2,A,-,06,21750,,N,D,C,A,A,H,-,A,D,0,,,,Y,Y,,A,07,0,0,2,0,0,0,0,0,0,"- ","- ",34.865160000000003,-120.36960999999999,"SANTA BARBARA",UNINCORPORATED,-120.36529385,34.865150210000003
90025682,2015,2015-10-19,9750,2015-09-30,2020,019417,,3,2,9,4200,0,1,2,,2,001,"US-101 N/B","UNION VALLEY PKY",2006.00,S,N,A,-,Y,,,101,,,,,,N,Y,3,0,1,1,A,-,08,22107,,N,E,I,A,A,H,-,D,D,0,,,,,Y,,A,01,0,1,0,0,0,0,0,0,0,"- ","- ",34.875190000000003,-120.40429,"SANTA BARBARA",UNINCORPORATED,-120.40440535,34.875089940000002
90025683,2015,2015-10-19,9750,2015-09-26,2033,019656,,6,2,9,4200,0,3,5,,2,020,"CLARK AVE","PACIFIC ST",0.00,,Y,A,-,N,,,,,,,,,,Y,4,0,3,2,A,-,01,23152,A,N,C,C,A,A,H,-,C,D,0,,,,,Y,Y,A,01,0,0,3,0,0,0,0,0,0,"- ","- ",34.865079999999999,-120.44462,"SANTA BARBARA",UNINCORPORATED,-120.44468994,34.865150030000002
90015801,2015,2015-10-19,9760,2015-09-02,0810,018019,,3,1,3,4205,0,1,2,,2,010,"US-101 N/B (EL CAMINO REAL)","BAILARD AVE",313.00,S,N,B,-,Y,,,,,,,,,,Y,4,0,1,1,A,-,08,22107,,N,E,I,A,A,H,-,A,D,0,,,,,Y,,A,01,0,0,1,0,0,0,0,0,0,"- ","- ",34.286920000000002,-119.49259000000001,"SANTA BARBARA",CARPINTERIA,-119.49695402,34.388128510000001
90015811,2015,2015-10-19,9760,2015-08-28,1701,018754,,5,2,9,4200,0,1,2,,2,020,"U.S. 101 S/B","TURNPIKE RD.",528.00,S,N,A,-,Y,,,,,,,,,,Y,3,0,1,2,A,-,03,22350,,N,C,C,A,A,H,-,A,D,0,,,,,Y,,A,01,0,1,0,0,0,0,0,0,0,"- ","- ",34.421599999999998,-119.77878,"SANTA BARBARA",UNINCORPORATED,-119.79115032,34.442081350000002
90015850,2015,2015-10-19,9755,2015-09-08,1620,012436,,2,2,9,4200,0,3,5,,2,040,"BALLARD CANYON RD",SR-246,4752.00,S,N,A,-,Y,,,,,,,,,,Y,4,0,1,2,A,-,05,21650,,N,A,C,A,A,H,-,A,D,0,,,,,Y,,A,01,0,0,1,0,0,0,0,0,0,"- ","- ",34.616439999999997,-120.1691,"SANTA BARBARA",UNINCORPORATED,-120.17934,34.607999999999997
90015904,2015,2015-10-19,9750,2015-08-31,2240,019417,,1,3,9,4200,0,3,5,,2,030,"FOXEN CANYON ROAD","FUGLER ROAD",1056.00,E,N,A,-,N,,,,,,,,,,Y,4,0,1,1,A,-,08,22107,,N,A,I,A,A,H,-,D,D,0,,,,,Y,,A,01,0,0,1,0,0,0,0,0,0,"- ","- ",34.908470000000001,-120.33011999999999,"SANTA BARBARA",UNINCORPORATED,-120.33059955,34.908471210000002
90015934,2015,2015-10-19,9760,2015-08-29,2341,020226,,6,3,5,4203,0,1,2,,2,011,"US-101 NORTHBOUND","MILPAS STREET",0.00,,N,A,-,Y,,,101,,,,,,N,Y,3,0,2,1,A,-,01,23152,A,N,E,I,A,A,H,-,C,D,0,,,,,Y,Y,A,01,0,1,1,0,0,0,0,0,0,"- ","- ",34.42118,-119.66709,"SANTA BARBARA","SANTA BARBARA",-119.66706069999999,34.421090999999997
90016046,2015,2015-10-19,9760,2015-08-29,0835,019446,,6,1,9,4200,0,1,2,,1,040,"US-101 N/B","VISTA POINT",6236.00,N,N,A,-,Y,,,101,,,,,,N,Y,3,0,1,1,C,-,18,,,N,E,I,A,A,H,-,A,A,0,,,,,Y,,-,"- ",0,1,0,0,0,0,0,0,0,"- ","- ",34.472099999999998,-120.1658,"SANTA BARBARA",UNINCORPORATED,-120.16580903000001,34.472244449999998
90016073,2015,2015-10-19,9750,2015-08-31,0750,015514,,1,1,9,4200,0,1,2,,2,003,"US-101 N/B (EL CAMINO REAL)","ALISOS CANYON ROAD",3696.00,N,N,A,-,Y,,,101,,,,,,N,Y,3,0,1,1,A,-,08,22107,,N,F,A,A,A,H,-,A,D,0,,,,,Y,,A,01,0,1,0,0,0,0,0,0,0,"- ","- ",34.735900000000001,-120.24782999999999,"SANTA BARBARA",UNINCORPORATED,-120.24785471,34.735721660000003
90016089,2015,2015-10-19,9760,2015-08-29,1355,020211,,6,1,9,4200,0,1,2,,2,010,"US-101 NORTHBOUND","SOUTH PADARO LN.",150.00,N,N,A,-,Y,,,101,,,,,,N,Y,3,0,2,2,A,-,03,22350,,N,C,C,A,A,H,-,A,D,0,,,Y,,Y,,C,02,0,1,1,0,0,0,0,0,1,"- ","- ",34.411540000000002,-119.55392999999999,"SANTA BARBARA",UNINCORPORATED,-119.55391102,34.411566489999998
90016100,2015,2015-10-19,9750,2015-09-04,1140,017267,,5,1,9,4200,0,2,4,,1,024,"BRADLEY ROAD","LAKEVIEW ROAD",15.00,S,N,A,-,N,,,,,,,,,,N,4,0,1,2,A,-,21,22106,,N,C,C,A,A,H,-,A,A,0,,,,,Y,,A,07,0,0,1,0,0,0,0,0,0,"- ","- ",34.894460000000002,-120.42303,"SANTA BARBARA",UNINCORPORATED,-120.42312,34.894468799999999
90016161,2015,2015-10-19,9760,2015-08-30,2230,020757,,7,3,9,4200,0,1,3,,1,022,"SR-154 E/B","PAINTED CAVE RD",4224.00,E,N,A,-,Y,,,154,,,,,,E,Y,3,0,2,1,A,-,01,23153,A,N,B,I,A,A,H,-,D,D,0,,,,,Y,Y,D,22,0,1,1,0,0,0,0,0,0,"- ","- ",34.489220000000003,-119.78435,"SANTA BARBARA",UNINCORPORATED,-119.78421889000001,34.489132079999997
90016200,2015,2015-10-19,9755,2015-09-05,2040,017910,,6,2,9,4200,0,3,5,,2,050,"OAKMONT AVE","CLUBHOUSE RD",292.00,W,N,A,-,N,,,,,,,,,,Y,3,0,1,2,A,-,01,23152,A,N,B,E,A,A,H,-,C,D,0,,,,,Y,Y,A,01,0,1,0,0,0,0,0,0,0,"- ","- ",34.706449999999997,-120.45863,"SANTA BARBARA",UNINCORPORATED,-120.4587535,34.706524539999997
90036319,2015,2015-10-22,9760,2015-10-15,1550,017097,,4,2,5,4203,0,1,2,,2,011,"US-101 S/B","CABRILLO BLVD",2640.00,N,N,B,-,Y,,,101,,,,,,S,N,4,0,1,3,A,-,04,21703,,N,C,C,A,A,H,-,A,D,0,,,,,Y,,A,07,0,0,1,0,0,0,0,0,0,"- ","- ",34.422249999999998,-119.66251,"SANTA BARBARA","SANTA BARBARA",-119.66251047999999,34.422251709999998
90038201,2015,2015-10-26,9755,2015-10-26,0800,015973,,1,1,9,4200,0,1,3,,1,051,"SR-1 N/B","US-101 N/B",51216.00,N,N,A,-,Y,,,1,,,,,,N,Y,4,0,1,1,A,-,08,22107,,N,E,I,A,A,H,-,A,D,0,,,,,Y,,A,01,0,0,1,0,0,0,0,0,0,"- ","- ",34.538849999999996,-120.35293,"SANTA BARBARA",UNINCORPORATED,-120.35299861999999,34.538812909999997
90038258,2015,2015-10-26,9750,2015-10-21,1740,012697,,3,2,9,4200,0,1,3,,1,011,"SR-166 (W. MAIN STREET)","BLACK ROAD",2281.00,W,N,A,-,Y,,,166,,,,,,,Y,4,0,3,2,A,-,09,21804,A,N,B,C,A,A,H,-,A,D,0,,,,,Y,,A,01,0,0,3,0,0,0,0,0,0,"- ","- ",34.955880000000001,-120.49615,"SANTA BARBARA",UNINCORPORATED,-120.49615310999999,34.955833249999998
90038266,2015,2016-01-29,9755,2015-10-18,2145,017967,,7,2,2,4212,0,1,2,,2,004,"US-101 S/B","SANTA ROSA RD",1584.00,N,N,A,-,Y,,,101,,,,,,S,Y,3,0,2,3,A,-,08,22107,,M,C,C,A,A,G,-,C,D,0,,,,Y,Y,,A,01,0,1,1,0,0,0,0,0,0,"- ","- ",34.609499999999997,-120.19065000000001,"SANTA BARBARA",BUELLTON,-120.19079206000001,34.609525580000003
90039013,2015,2015-10-27,9755,2015-09-18,0900,017884,,5,1,9,4200,0,1,3,,1,042,SR-154,"ST. FRANCIS RANCH",1584.00,W,N,A,-,Y,,,154,,,,,,,N,1,1,0,2,A,-,08,22107,,N,H,G,A,A,H,-,A,D,0,,Y,,,Y,,L,04,0,0,0,0,0,1,0,0,0,"- ","- ",34.563070000000003,-119.93151,"SANTA BARBARA",UNINCORPORATED,-119.93152465,34.56301826
90039057,2015,2015-10-27,9755,2015-10-26,0434,018514,,1,3,9,4200,0,1,2,,2,004,"RT 101","OLD COAST HWY",1056.00,N,N,A,-,Y,,,101,,,,,,,Y,3,0,1,1,A,-,07,21658,A,N,F,A,A,A,H,-,D,D,0,,,,,Y,,D,22,0,1,0,0,0,0,0,0,0,"- ","- ",34.561430000000001,-120.19042,"SANTA BARBARA",UNINCORPORATED,-120.19039082,34.56141315
90040560,2015,2015-10-29,9760,2015-10-21,0950,017140,,3,1,9,4200,0,3,5,,2,005,"SUENO RD.","CAMINO CORTO",280.00,E,N,A,-,N,,,,,,,,,,N,3,0,1,2,A,-,09,21804,A,N,H,G,A,A,H,-,A,D,0,,Y,,,Y,,L,04,0,1,0,0,0,0,1,0,0,"- ","- ",34.412669999999999,-119.86523,"SANTA BARBARA",UNINCORPORATED,-119.86548229,34.412676159999997
90040718,2015,2015-10-29,9760,2015-10-22,1600,017097,,4,2,5,4203,0,1,2,,2,020,"US-101 N/B","LAS POSITAS RD",1056.00,N,N,A,-,Y,,,101,,,,,,N,N,3,0,1,2,A,-,03,22350,,N,C,C,A,A,H,-,A,D,0,,,,,Y,,A,01,0,1,0,0,0,0,0,0,0,"- ","- ",34.42877,-119.73871,"SANTA BARBARA","SANTA BARBARA",-119.73872086,34.428733360000003