CASE_ID,ACCIDENT_YEAR,PROC_DATE,JURIS,COLLISION_DATE,COLLISION_TIME,OFFICER_ID,REPORTING_DISTRICT,DAY_OF_WEEK,CHP_SHIFT,POPULATION,CNTY_CITY_LOC,SPECIAL_COND,BEAT_TYPE,CHP_BEAT_TYPE,CITY_DIVISION_LAPD,CHP_BEAT_CLASS,BEAT_NUMBER,PRIMARY_RD,SECONDARY_RD,DISTANCE,DIRECTION,INTERSECTION,WEATHER_1,WEATHER_2,STATE_HWY_IND,CALTRANS_COUNTY,CALTRANS_DISTRICT,STATE_ROUTE,ROUTE_SUFFIX,POSTMILE_PREFIX,POSTMILE,LOCATION_TYPE,RAMP_INTERSECTION,SIDE_OF_HWY,TOW_AWAY,COLLISION_SEVERITY,NUMBER_KILLED,NUMBER_INJURED,PARTY_COUNT,PRIMARY_COLL_FACTOR,PCF_CODE_OF_VIOL,PCF_VIOL_CATEGORY,PCF_VIOLATION,PCF_VIOL_SUBSECTION,HIT_AND_RUN,TYPE_OF_COLLISION,MVIW,PED_ACTION,ROAD_SURFACE,ROAD_COND_1,ROAD_COND_2,LIGHTING,CONTROL_DEVICE,CHP_ROAD_TYPE,PEDESTRIAN_ACCIDENT,BICYCLE_ACCIDENT,MOTORCYCLE_ACCIDENT,TRUCK_ACCIDENT,NOT_PRIVATE_PROPERTY,ALCOHOL_INVOLVED,STWD_VEHTYPE_AT_FAULT,CHP_VEHTYPE_AT_FAULT,COUNT_SEVERE_INJ,COUNT_VISIBLE_INJ,COUNT_COMPLAINT_PAIN,COUNT_PED_KILLED,COUNT_PED_INJURED,COUNT_BICYCLIST_KILLED,COUNT_BICYCLIST_INJURED,COUNT_MC_KILLED,COUNT_MC_INJURED,PRIMARY_RAMP,SECONDARY_RAMP,LATITUDE,LONGITUDE,COUNTY,CITY,POINT_X,POINT_Y
90040922,2015,2015-10-29,9760,2015-10-23,1035,017674,,5,1,5,4203,0,1,2,,2,011,"US-101 S/B","CABRILLO BLVD",260.00,N,N,A,-,Y,,,101,,,,,,S,N,4,0,1,2,A,-,07,21658,A,N,B,C,A,A,H,-,A,D,0,,,,,Y,,A,07,0,0,1,0,0,0,0,0,0,"- ","- ",34.423110000000001,-119.65781,"SANTA BARBARA","SANTA BARBARA",-119.6578128,34.422980029999998
90041120,2015,2015-10-29,9760,2015-10-24,0935,021061,,6,1,9,4200,0,1,2,,2,010,"US-101 N/B","SOUTH PADARO LN.",1584.00,S,N,A,-,Y,,,101,,,,,,N,Y,3,0,2,1,A,-,08,22107,,N,F,A,A,A,H,-,A,D,0,,,,,Y,,A,07,0,2,0,0,0,0,0,0,0,"- ","- ",34.405549999999998,-119.53698,"SANTA BARBARA",UNINCORPORATED,-119.53701628,34.405357270000003
90041225,2015,2015-10-29,9750,2015-10-17,0228,015916,,6,3,5,4204,0,1,2,,2,001,"US-101 S/B TO BROADWAY ST.","BROADWAY STREET",400.00,N,N,A,-,Y,,,101,,,,R,,S,Y,4,0,1,1,A,-,08,22107,,N,E,I,A,A,H,-,D,D,0,,,,,Y,,A,07,0,0,1,0,0,0,0,0,0,"- ","- ",34.981270000000002,-120.4328,"SANTA BARBARA","SANTA MARIA",-120.4328,34.981270000000002
90025758,2015,2015-10-19,9750,2015-09-30,1112,015915,,3,1,9,4200,0,3,5,,2,030,"FOXEN CANYON ROAD","DOMINION ROAD",700.00,N,N,A,-,N,,,,,,,,,,Y,2,0,3,2,A,-,05,21460,A,N,A,C,A,A,H,-,A,D,0,,,,Y,Y,,G,27,1,1,1,0,0,0,0,0,0,"- ","- ",34.912089999999999,-120.34775,"SANTA BARBARA",UNINCORPORATED,-120.34776970999999,34.912050610000001
90025762,2015,2015-10-19,9750,2015-10-03,1120,017616,,6,1,9,4200,0,3,5,,2,030,"CAMBRIDGE WAY","TELEPHONE RD",16.00,W,N,A,-,N,,,,,,,,,,N,4,0,1,2,A,-,05,21460,A,N,B,C,A,A,H,-,A,D,0,,,,,Y,,A,01,0,0,1,0,0,0,0,0,0,"- ","- ",34.906230000000001,-120.38334,"SANTA BARBARA",UNINCORPORATED,-120.38316334,34.906210700000003
90025779,2015,2015-10-19,9760,2015-09-19,1730,020511,,6,2,9,4200,0,1,2,,2,010,"US-101 N/B (EL CAMINO REAL)","S. PADARO RD",1000.00,N,N,A,-,Y,,,101,,,,,,N,Y,4,0,1,2,A,-,03,22350,,N,C,C,A,A,H,-,A,D,0,,,,,Y,,A,01,0,0,1,0,0,0,0,0,0,"- ","- ",34.414369999999998,-119.55759,"SANTA BARBARA",UNINCORPORATED,-119.55754188,34.414428340000001
90025971,2015,2015-10-19,9755,2015-09-30,1145,015973,,3,1,9,4200,0,1,3,,1,055,SR-1,"SANTA LUCIA CANYON RD",0.00,,Y,A,-,Y,,,,,,,,,,N,4,0,1,2,A,-,09,21801,A,N,D,C,A,A,H,-,A,D,0,,,,,Y,,A,07,0,0,1,0,0,0,0,0,0,"- ","- ",34.441809999999997,-120.26449,"SANTA BARBARA",UNINCORPORATED,-120.48915992000001,34.713160019999997
90026947,2015,2015-10-19,9760,2015-09-21,0740,014690,,1,1,5,4203,0,1,2,,2,011,"US-101 S/B","ANAPAMU ST PED. OVERCROSSING",445.00,N,N,A,-,Y,,,101,,,,,,S,Y,3,0,2,5,A,-,03,22350,,N,C,C,A,A,H,-,A,D,0,,,,,Y,,I,10,0,1,1,0,0,0,0,0,0,"- ","- ",34.418430000000001,-119.71119,"SANTA BARBARA","SANTA BARBARA",-119.71104843000001,34.418621770000001
90027023,2015,2015-10-19,9760,2015-09-25,0835,019819,,5,1,9,4200,0,1,2,,2,010,"US-101 N/B","NORTH PADARO LN",528.00,S,N,A,-,Y,,,,,,,,,,N,4,0,1,3,A,-,03,22350,,N,C,C,A,A,H,-,A,D,0,,,,,Y,,D,22,0,0,1,0,0,0,0,0,0,"- ","- ",34.146140000000003,-119.5722,"SANTA BARBARA",UNINCORPORATED,-119.58093255999999,34.416366600000003
90027495,2015,2015-10-19,9750,2015-10-05,0905,015915,,1,1,9,4200,0,2,4,,1,024,"BRADLEY ROAD","CLARK AVENUE",115.00,N,N,A,-,N,,,,,,,,,,N,3,0,1,2,A,-,09,21804,A,N,H,G,A,A,H,-,A,D,0,,Y,,,Y,,A,01,0,1,0,0,0,0,1,0,0,"- ","- ",34.865409999999997,-120.41867999999999,"SANTA BARBARA",UNINCORPORATED,-120.41887,34.865317619999999
90027526,2015,2015-10-19,9750,2015-10-04,0900,014358,,7,1,9,4200,0,2,4,,1,024,"BRADLEY ROAD","LAKEVIEW ROAD",0.00,,Y,B,-,N,,,,,,,,,,Y,4,0,3,2,A,-,12,21453,A,N,A,C,A,A,H,-,A,A,0,,,,,Y,,A,07,0,0,3,0,0,0,0,0,0,"- ","- ",34.894370000000002,-120.42304,"SANTA BARBARA",UNINCORPORATED,-120.42311995,34.894509999999997
90027740,2015,2015-10-19,9760,2015-09-25,1623,020211,,5,2,5,4203,0,1,2,,2,011,"US-101 SOUTHBOUND TO S. MILPAS STREET","MILPAS STREET",300.00,W,N,A,-,Y,,,101,,,,R,,S,Y,4,0,1,2,A,-,03,22350,,N,C,C,A,A,H,-,A,D,0,,,,,Y,,D,22,0,0,1,0,0,0,0,0,0,"- ","- ",34.419989999999999,-119.67889,"SANTA BARBARA","SANTA BARBARA",-119.67889,34.419989999999999
90028379,2015,2015-10-19,9750,2015-10-04,0050,016874,,7,3,9,4200,0,3,5,,2,030,"SUEY ROAD","JONES STREET",109.00,S,N,A,-,N,,,,,,,,,,Y,3,0,1,1,A,-,01,23152,A,N,E,I,A,A,H,-,D,A,0,,,,,Y,Y,A,01,0,1,0,0,0,0,0,0,0,"- ","- ",34.945340000000002,-120.40913999999999,"SANTA BARBARA",UNINCORPORATED,-120.40899,34.945529999999998
90028512,2015,2015-10-19,9760,2015-09-26,1300,019446,,6,1,9,4200,0,1,3,,1,014,"SR-192 E/B","SAN YSIDRO ROAD",0.00,,Y,A,-,Y,,,192,,,,,,E,N,3,0,1,2,A,-,11,21461,,N,G,B,D,A,H,-,A,A,0,Y,,,,Y,,N,60,0,1,0,0,1,0,0,0,0,"- ","- ",34.436950000000003,-119.63206,"SANTA BARBARA",UNINCORPORATED,-119.63205326000001,34.436977980000002
90016531,2015,2015-10-19,9750,2015-09-05,0648,014820,,6,1,9,4200,0,2,4,,1,024,"CLARK AVENUE","LEON STREET",22.00,W,N,A,-,N,,,,,,,,,,Y,4,0,1,3,A,-,08,22107,,N,C,C,A,A,H,-,B,D,0,,,,,Y,,A,07,0,0,1,0,0,0,0,0,0,"- ","- ",34.86504,-120.41293,"SANTA BARBARA",UNINCORPORATED,-120.41278330999999,34.8650491
90016598,2015,2015-10-19,9760,2015-09-01,0835,019446,,2,1,9,4200,0,1,2,,2,010,"US-101 N/B","BAILARD AVE",520.00,S,N,B,-,Y,,,,,,,,,,Y,3,0,1,1,A,-,08,22107,,N,F,I,A,A,H,-,A,A,0,,,,,Y,,A,07,0,1,0,0,0,0,0,0,0,"- ","- ",34.388100000000001,-119.4966,"SANTA BARBARA",UNINCORPORATED,-119.49631438999999,34.387924179999999
90016659,2015,2015-10-19,9750,2015-08-22,0410,016773,,6,3,9,4200,0,1,3,,1,023,"SR-135 S/B","HARRIS GRADE ROAD",8448.00,E,N,A,-,Y,,,135,,,,,,S,Y,1,1,0,1,A,-,08,22107,,N,E,I,A,A,H,-,D,D,0,,,,,Y,Y,A,07,0,0,0,0,0,0,0,0,0,"- ","- ",34.758270000000003,-120.39789,"SANTA BARBARA",UNINCORPORATED,-120.39789055999999,34.758260270000001
90016688,2015,2015-10-19,9760,2015-09-03,1740,015658,,4,2,4,4214,0,1,2,,2,020,"US 101 S/B (EL CAMINO REAL)","PATTERSON AVE",900.00,N,N,A,-,Y,,,,,,,,,,Y,4,0,2,2,A,-,03,22350,,N,C,C,A,A,H,-,A,D,0,,,,,Y,,A,01,0,0,2,0,0,0,0,0,0,"- ","- ",34.440910000000002,-119.81739,"SANTA BARBARA",GOLETA,-119.80846,34.441809999999997
90016701,2015,2015-10-19,9760,2015-09-05,1655,020211,,6,2,5,4203,0,1,2,,2,011,"US-101 (NORTHBOUND)","STATE STREET",150.00,S,N,A,-,Y,,,101,,,,,,,Y,3,0,1,2,A,-,07,21658,A,N,B,C,A,A,H,-,A,D,0,,,Y,,Y,,A,01,0,1,0,0,0,0,0,0,1,"- ","- ",34.415500000000002,-119.69282,"SANTA BARBARA","SANTA BARBARA",-119.69284569,34.415526919999998
90016718,2015,2015-10-19,9760,2015-08-22,1400,020511,,6,2,9,4200,0,1,2,,2,010,"US-101 SB (EL CAMINO REAL)","SAN YSIDRO RD",1000.00,S,N,A,-,Y,,,101,,,,,,S,N,4,0,3,3,A,-,03,22350,,N,C,C,A,A,H,-,A,A,0,,,,,Y,,D,22,0,0,3,0,0,0,0,0,0,"- ","- ",34.421390000000002,-119.62839,"SANTA BARBARA",UNINCORPORATED,-119.62839445,34.421374780000001
90017050,2015,2015-10-19,9755,2015-09-11,1315,016058,,5,1,9,4200,0,1,3,,1,055,"SR-1 N/B","CONSTELLATION RD",3168.00,S,N,A,-,Y,,,1,,,,,,N,Y,3,0,1,1,A,-,08,22107,,N,F,A,A,A,H,-,A,D,0,,,,,Y,,A,07,0,1,0,0,0,0,0,0,0,"- ","- ",34.694020000000002,-120.45943,"SANTA BARBARA",UNINCORPORATED,-120.45927811999999,34.694145949999999
90017844,2015,2015-10-19,9760,2015-09-05,0720,16739,,6,1,9,4200,0,1,2,,1,030,"US-101 S/B (EL CAMINO REAL)","EL CAPITAL RANCH RD.",300.00,N,N,A,-,Y,,,101,,,,,,S,Y,4,0,2,1,A,-,08,22107,,N,E,I,A,A,H,-,A,D,0,,,,,Y,,A,01,0,0,2,0,0,0,0,0,0,"- ","- ",34.460079999999998,-120.00060000000001,"SANTA BARBARA",UNINCORPORATED,-120.00055576,34.460311679999997
90017881,2015,2015-10-19,9760,2015-08-30,0140,020227,,7,3,4,4214,0,1,2,,1,030,"US 101 N/B TO GLEN ANNIE ROAD","GLEN ANNIE ROAD",910.00,S,N,A,-,Y,,,,,,,,,,Y,3,0,1,1,A,-,01,23152,A,N,F,A,A,A,H,-,D,D,0,,,,,Y,Y,A,01,0,1,0,0,0,0,0,0,0,"- ","- ",34.436219999999999,-119.86141000000001,"SANTA BARBARA",GOLETA,-119.87371043,34.433711600000002
90017998,2015,2015-10-19,9760,2015-09-05,0849,019446,,6,1,9,4200,0,2,4,,1,021,"HOLLISTER AVE","TURNPIKE ROAD",0.00,,Y,A,-,N,,,,,,,,,,Y,4,0,1,2,A,-,09,21453,C,N,D,C,A,A,H,-,A,A,0,,,,,Y,,D,22,0,0,1,0,0,0,0,0,0,"- ","- ",34.436700000000002,-119.78955000000001,"SANTA BARBARA",UNINCORPORATED,-119.78944992,34.436640079999997
90018118,2015,2015-10-19,9750,2015-08-26,1306,015514,,3,1,9,4200,0,1,3,,1,064,"SR-166 E/B","ALISOS CANYON ROAD",2640.00,W,N,A,-,Y,,,166,,,,,,E,Y,1,1,0,1,A,-,08,22107,,N,E,I,A,A,H,-,A,D,0,,,,,Y,,A,07,0,0,0,0,0,0,0,0,0,"- ","- ",34.966679999999997,-119.73705,"SANTA BARBARA",UNINCORPORATED,-119.7370694,34.966598740000002
90041302,2015,2015-11-19,9755,2015-10-27,0028,018264,,2,3,9,4200,0,1,3,,1,055,"SR-1 SOUTHBOUND","SANTA LUCIA CANYON RD",3696.00,N,N,A,-,Y,,,1,,,,,,S,Y,2,0,1,1,A,-,01,23152,A,N,F,A,A,A,H,-,D,D,0,,,,,Y,Y,A,01,1,0,0,0,0,0,0,0,0,"- ","- ",34.71951,-120.49105,"SANTA BARBARA",UNINCORPORATED,-120.49100731,34.719542990000001
90041306,2015,2015-10-29,9750,2015-10-04,0940,014753,,7,1,9,4200,0,3,5,,2,030,"SANTA MARIA MESA ROAD","TEPUSQUET ROAD",245.00,W,N,C,-,N,,,,,,,,,,Y,1,1,1,2,A,-,03,22350,,N,A,C,A,B,H,-,A,D,0,,,,,Y,,A,01,0,0,1,0,0,0,0,0,0,"- ","- ",34.865839999999999,-120.25230000000001,"SANTA BARBARA",UNINCORPORATED,-120.25183398999999,34.866208100000001
90042580,2015,2015-11-02,9760,2015-10-18,1542,018483,,7,2,5,4203,0,1,2,,2,020,"US-101 S/B TO LAS POSITAS ROAD","LAS POSITAS ROAD",300.00,N,N,A,-,Y,,,101,,,,R,,S,Y,3,0,1,4,A,-,01,23152,A,F,C,C,A,A,H,-,A,A,0,,,,,Y,Y,A,08,0,1,0,0,0,0,0,0,0,"- ","- ",34.42792,-119.73557,"SANTA BARBARA","SANTA BARBARA",-119.73557,34.42792
90042672,2015,2015-11-02,9760,2015-10-21,1715,019446,,3,2,9,4200,0,2,4,,1,021,"HOLLISTER AVE","ARBOLEDA RD",0.00,,Y,A,-,N,,,,,,,,,,Y,4,0,1,2,A,-,06,21755,,N,D,C,A,A,H,-,A,A,0,,,,,Y,,A,01,0,0,1,0,0,0,0,0,0,"- ","- ",34.439700000000002,-119.77235,"SANTA BARBARA",UNINCORPORATED,-119.77229991,34.439730079999997
90042853,2015,2015-11-02,9750,2015-10-24,2228,019656,,6,3,9,4200,0,2,4,,1,024,"ORCUTT ROAD","FOSTER ROAD",0.00,,Y,A,-,Y,,,,,,,,,,Y,4,0,1,2,A,-,12,22450,A,M,D,C,A,A,H,-,C,A,0,,,,,Y,,D,22,0,0,1,0,0,0,0,0,0,"- ","- ",34.883040000000001,-120.43608,"SANTA BARBARA",UNINCORPORATED,-120.43615991999999,34.883060049999997
90042930,2015,2015-11-02,9760,2015-10-24,0630,018483,,6,1,9,4200,0,1,2,,1,040,"US-101 S/B","REFUGIO ROAD U/C",5000.00,N,N,A,-,Y,,,101,,,,,,S,Y,3,0,1,1,A,-,08,22107,,N,F,A,A,A,H,-,C,D,0,,,,,Y,,A,01,0,1,0,0,0,0,0,0,0,"- ","- ",34.461460000000002,-120.08275999999999,"SANTA BARBARA",UNINCORPORATED,-120.08275865,34.46149535
90042946,2015,2015-11-02,9760,2015-10-25,1528,020211,,7,2,5,4203,0,1,2,,2,011,"US-101 SOUTHBOUND","HERMOSILLO RD",200.00,N,N,A,-,Y,,,101,,,,,,S,N,4,0,1,2,A,-,03,22350,,N,C,C,A,A,H,-,A,D,0,,,,,Y,,A,07,0,0,1,0,0,0,0,0,0,"- ","- ",34.421039999999998,-119.64979,"SANTA BARBARA","SANTA BARBARA",-119.64978836,34.42104629
90042962,2015,2015-11-02,9750,2015-10-29,0620,013267,,4,1,9,4200,0,1,3,,1,011,"SR-166 (W. MAIN STREET)","BLACK ROAD",0.00,,Y,A,-,Y,,,166,,,,,,,Y,4,0,1,2,A,-,09,21802,A,N,D,C,A,A,H,-,C,A,0,,,,,Y,,A,07,0,0,1,0,0,0,0,0,0,"- ","- ",34.955280000000002,-120.48939,"SANTA BARBARA",UNINCORPORATED,-120.48938569000001,34.955339189999997
90043329,2015,2015-11-03,9760,2015-10-25,0312,020226,,7,3,9,4200,0,1,2,,2,010,"US-101 N/B","S. PADARO LANE",2460.00,N,N,A,-,Y,,,101,,,,,,N,Y,3,0,1,2,A,-,08,22107,,N,B,C,A,A,H,-,D,D,0,,,,,Y,,A,01,0,1,0,0,0,0,0,0,0,"- ","- ",34.415590000000002,-119.55898999999999,"SANTA BARBARA",UNINCORPORATED,-119.55900178,34.415571649999997
90043499,2015,2015-11-03,9755,2015-11-02,1032,014934,,1,1,9,4200,0,1,2,,2,004,"US 101 N/B",SR-1,1056.00,S,N,C,-,Y,,,,,,,,,,Y,4,0,1,1,A,-,08,22107,,N,F,A,A,B,H,-,A,D,0,,,,,Y,,A,07,0,0,1,0,0,0,0,0,0,"- ","- ",34.499369999999999,-120.23014000000001,"SANTA BARBARA",UNINCORPORATED,-120.22632824999999,34.50632031
90044064,2015,2015-11-04,9760,2015-10-28,0715,015669,,3,1,3,4205,0,1,2,,2,010,"U.S. 101 NORTHBOUND","SANTA YNEZ AVE.",575.00,S,N,B,-,Y,,,,,,,,,,Y,3,0,2,2,A,-,03,22350,,N,C,C,A,A,H,-,A,D,0,,,,,Y,,A,01,0,1,1,0,0,0,0,0,0,"- ","- ",34.402940000000001,-119.52437,"SANTA BARBARA",CARPINTERIA,-119.52474995999999,34.40304098
90028668,2015,2015-10-19,9760,2015-09-28,0930,015658,,1,1,3,4205,0,1,2,,2,010,"US 101 N/B TO SANTA MONICA RD","VIA REAL",20.00,S,N,A,-,Y,,,,,,,,,,N,4,0,1,3,A,-,03,22350,,M,C,C,A,A,H,-,A,D,0,,,,,Y,,D,22,0,0,1,0,0,0,0,0,0,"- ","- ",34.404910000000001,-119.53035,"SANTA BARBARA",CARPINTERIA,-120.17444999999999,34.471679999999999
90028735,2015,2015-10-19,9750,2015-10-03,2150,018209,,6,2,9,4200,0,1,2,,2,001,"US-101 S/B (EL CAMINO REAL)","BETTERAVIA ROAD",4752.00,S,N,A,-,Y,,,101,,,,,,S,Y,2,0,1,1,A,-,08,22107,,N,E,J,A,A,H,-,C,D,0,,,,,Y,,A,01,1,0,0,0,0,0,0,0,0,"- ","- ",34.911290000000001,-120.41821,"SANTA BARBARA",UNINCORPORATED,-120.41813643,34.911289140000001
90028860,2015,2015-10-19,9755,2015-10-04,1528,017910,,7,2,9,4200,0,1,3,,2,041,SR-246,"CUESTA ST",0.00,,Y,A,-,Y,,,246,,,,,,,Y,4,0,1,2,A,-,09,21801,A,N,D,C,A,A,H,-,A,D,0,,,,,Y,,A,01,0,0,1,0,0,0,0,0,0,"- ","- ",34.60998,-120.08745999999999,"SANTA BARBARA",UNINCORPORATED,-120.08735272,34.609745670000002
90029319,2015,2015-10-19,9750,2015-10-09,2250,019417,,5,3,9,4200,0,3,5,,2,020,"FAIR OAKS DR","WILLOWGLEN DR",433.00,E,N,A,-,N,,,,,,,,,,Y,4,0,1,2,A,-,01,23152,A,N,B,E,A,A,H,-,C,D,0,,,,,Y,Y,A,01,0,0,1,0,0,0,0,0,0,"- ","- ",34.900649999999999,-120.43024,"SANTA BARBARA",UNINCORPORATED,-120.43018648,34.900698730000002
90029329,2015,2015-10-19,9750,2015-10-11,0400,014358,,7,3,9,4200,0,1,3,,1,062,"RT 166","PINE CANYON ROAD",16896.00,E,N,A,-,Y,,,166,,,,,,,Y,4,0,1,1,A,-,08,22107,,N,F,A,A,A,H,-,D,D,0,,,,,Y,,A,01,0,0,1,0,0,0,0,0,0,"- ","- ",35.063769999999998,-120.17229,"SANTA BARBARA",UNINCORPORATED,-120.17230633,35.063778650000003
90029764,2015,2015-10-19,9750,2015-10-09,1730,017267,,5,2,9,4200,0,3,5,,2,030,"FOXEN CANYON ROAD","ORCUTT-GAREY ROAD",3696.00,E,N,A,-,N,,,,,,,,,,N,3,0,1,1,A,-,08,22107,,N,F,A,A,A,H,-,A,D,0,,,Y,,Y,,C,02,0,1,0,0,0,0,0,0,1,"- ","- ",34.874960000000002,-120.30916000000001,"SANTA BARBARA",UNINCORPORATED,-120.30867791,34.874489420000003
90029804,2015,2015-10-19,9760,2015-09-29,1110,015669,,2,1,9,4200,0,3,5,,2,002,"SAN GORDIANO AVENUE","TURNPIKE ROAD",130.00,W,N,A,-,N,,,,,,,,,,N,4,0,1,2,A,-,09,21804,A,N,D,C,A,A,H,-,A,D,0,,,,,Y,,A,01,0,0,1,0,0,0,0,0,0,"- ","- ",34.439070000000001,-119.78994,"SANTA BARBARA",UNINCORPORATED,-119.78987065,34.439140590000001
90029837,2015,2015-10-19,9760,2015-09-28,1455,017097,,1,2,9,4200,0,2,4,,2,024,"SAN ANTONIO RD.","CALLE REAL",0.00,,Y,A,-,N,,,,,,,,,,N,4,0,1,2,A,-,09,21802,A,N,H,G,A,A,H,-,A,A,0,,Y,,,Y,,D,22,0,0,1,0,0,0,1,0,0,"- ","- ",34.442450000000001,-119.78182,"SANTA BARBARA",UNINCORPORATED,-119.78171986,34.442380049999997
90029949,2015,2015-10-19,9760,2015-09-21,1015,019446,,1,1,9,4200,0,1,3,,1,016,"SR-150 W/B","RINCON HILL RD",1056.00,E,N,A,-,Y,,,150,,,,,,W,Y,3,0,1,1,A,-,01,23152,A,N,F,A,A,A,H,-,A,A,0,,,,,Y,Y,A,01,0,1,0,0,0,0,0,0,0,"- ","- ",34.385469999999998,-119.47199999999999,"SANTA BARBARA",UNINCORPORATED,-119.47204123,34.385525229999999
90030001,2015,2015-10-19,9760,2015-09-30,0750,015658,,3,1,9,4200,0,3,5,,2,002,"WALNUT LANE","HOLLISTER AVE",80.00,S,N,A,-,N,,,,,,,,,,N,4,0,1,2,A,-,09,21801,A,N,D,C,A,A,H,-,A,D,0,,,,,Y,,A,01,0,0,1,0,0,0,0,0,0,"- ","- ",34.434469999999997,-119.80216,"SANTA BARBARA",UNINCORPORATED,-119.80224199,34.434730350000002
90030076,2015,2015-10-19,9760,2015-09-30,1755,017097,,3,2,9,4200,0,1,3,,1,014,"SR-192 (TORO CANYON RD.)","FOOTHILL RD",528.00,W,N,A,-,Y,,,192,,,,,,,Y,4,0,2,2,A,-,01,23152,A,N,A,C,A,A,H,-,A,D,0,,,,,Y,Y,A,07,0,0,2,0,0,0,0,0,0,"- ","- ",34.429189999999998,-119.57355,"SANTA BARBARA",UNINCORPORATED,-119.57355063999999,34.429190370000001
90018311,2015,2015-10-19,9760,2015-09-07,1720,017662,,1,2,9,4200,0,1,2,,2,010,"US-101 S/B","N. PADARO LANE",195.00,N,N,A,-,Y,,,101,,,,,,S,Y,4,0,1,2,A,-,03,22350,,N,C,C,A,A,H,-,A,D,0,,,,,Y,,A,01,0,0,1,0,0,0,0,0,0,"- ","- ",34.416609999999999,-119.58377,"SANTA BARBARA",UNINCORPORATED,-119.58376373,34.416661070000004
90018320,2015,2015-10-19,9760,2015-09-07,1645,017662,,1,2,9,4200,0,1,2,,2,010,"US-101 S/B","SAN YSIDRO ROAD",300.00,S,N,A,-,Y,,,101,,,,,,S,N,4,0,1,2,A,-,03,22350,,N,C,C,A,A,H,-,A,D,0,,,,,Y,,M,47,0,0,1,0,0,0,0,0,0,"- ","- ",34.422060000000002,-119.63056,"SANTA BARBARA",UNINCORPORATED,-119.63056806,34.422033669999998
90018473,2015,2015-10-19,9750,2015-09-13,1355,014753,,7,1,9,4200,0,1,3,,1,062,"STATE ROUTE 166 WESTBOUND","PINE CANYON ROAD",4752.00,E,N,A,-,Y,,,166,,,,,,W,Y,3,0,1,1,C,-,18,,,N,F,A,A,A,H,-,A,D,0,,,Y,,Y,,-,"- ",0,1,0,0,0,0,0,0,1,"- ","- ",35.035710000000002,-120.18479000000001,"SANTA BARBARA",UNINCORPORATED,-120.18480828,35.035767540000002
90048541,2015,2015-11-11,9760,2015-10-30,0815,012263,,5,1,5,4203,0,1,2,,2,011,"US101 N/B TO CARRILLO ST.","CARRILLO ST.",200.00,S,N,A,-,Y,,,101,,,,R,,N,N,4,0,1,2,A,-,03,22350,,N,C,C,A,A,H,-,A,A,0,,,,,Y,,A,01,0,0,1,0,0,0,0,0,0,"- ","- ",34.416429999999998,-119.7068,"SANTA BARBARA","SANTA BARBARA",-119.7068,34.416429999999998
90048583,2015,2015-11-11,9760,2015-10-30,1650,017097,,5,2,9,4200,0,1,2,,2,010,"US-101 N/B","N. PADARO LN",2640.00,S,N,A,-,Y,,,101,,,,,,N,Y,4,0,1,2,A,-,07,21658,A,N,B,C,A,A,H,-,A,D,0,,,,,Y,,A,01,0,0,1,0,0,0,0,0,0,"- ","- ",34.416220000000003,-119.57115,"SANTA BARBARA",UNINCORPORATED,-119.57114991,34.416219380000001
90048671,2015,2015-11-11,9760,2015-11-01,1145,018483,,7,1,4,4214,0,1,2,,2,020,"US-101 N/B","FAIRVIEW AVE",1000.00,S,N,A,-,Y,,,101,,,,,,N,Y,4,0,1,3,A,-,07,21658,A,N,B,C,A,A,H,-,A,D,0,,,,,Y,,A,01,0,0,1,0,0,0,0,0,0,"- ","- ",34.440269999999998,-119.82722,"SANTA BARBARA",GOLETA,-119.82719904,34.440058389999997
90048715,2015,2015-11-11,9760,2015-11-02,1045,16739,,1,1,9,4200,0,1,3,,1,022,"SR-154 (SAN MARCOS PASS RD.)","E. CAMINO CIELO",2640.00,W,N,B,C,Y,,,154,,,,,,,Y,2,0,3,1,A,-,03,22350,,N,E,I,A,B,H,-,A,D,0,,,,,Y,,D,22,1,1,1,0,0,0,0,0,0,"- ","- ",34.515059999999998,-119.82695,"SANTA BARBARA",UNINCORPORATED,-119.82691669,34.515163479999998