CASE_ID,ACCIDENT_YEAR,PROC_DATE,JURIS,COLLISION_DATE,COLLISION_TIME,OFFICER_ID,REPORTING_DISTRICT,DAY_OF_WEEK,CHP_SHIFT,POPULATION,CNTY_CITY_LOC,SPECIAL_COND,BEAT_TYPE,CHP_BEAT_TYPE,CITY_DIVISION_LAPD,CHP_BEAT_CLASS,BEAT_NUMBER,PRIMARY_RD,SECONDARY_RD,DISTANCE,DIRECTION,INTERSECTION,WEATHER_1,WEATHER_2,STATE_HWY_IND,CALTRANS_COUNTY,CALTRANS_DISTRICT,STATE_ROUTE,ROUTE_SUFFIX,POSTMILE_PREFIX,POSTMILE,LOCATION_TYPE,RAMP_INTERSECTION,SIDE_OF_HWY,TOW_AWAY,COLLISION_SEVERITY,NUMBER_KILLED,NUMBER_INJURED,PARTY_COUNT,PRIMARY_COLL_FACTOR,PCF_CODE_OF_VIOL,PCF_VIOL_CATEGORY,PCF_VIOLATION,PCF_VIOL_SUBSECTION,HIT_AND_RUN,TYPE_OF_COLLISION,MVIW,PED_ACTION,ROAD_SURFACE,ROAD_COND_1,ROAD_COND_2,LIGHTING,CONTROL_DEVICE,CHP_ROAD_TYPE,PEDESTRIAN_ACCIDENT,BICYCLE_ACCIDENT,MOTORCYCLE_ACCIDENT,TRUCK_ACCIDENT,NOT_PRIVATE_PROPERTY,ALCOHOL_INVOLVED,STWD_VEHTYPE_AT_FAULT,CHP_VEHTYPE_AT_FAULT,COUNT_SEVERE_INJ,COUNT_VISIBLE_INJ,COUNT_COMPLAINT_PAIN,COUNT_PED_KILLED,COUNT_PED_INJURED,COUNT_BICYCLIST_KILLED,COUNT_BICYCLIST_INJURED,COUNT_MC_KILLED,COUNT_MC_INJURED,PRIMARY_RAMP,SECONDARY_RAMP,LATITUDE,LONGITUDE,COUNTY,CITY,POINT_X,POINT_Y
90048770,2015,2015-11-11,9760,2015-11-02,2100,020323,,1,2,9,4200,0,1,3,,1,022,SR-154,"SAN MARCOS",4805.00,W,N,A,-,Y,,,154,,,,,,,Y,4,0,1,1,A,-,03,22350,,N,E,I,A,B,H,-,C,D,0,,,,,Y,,D,22,0,0,1,0,0,0,0,0,0,"- ","- ",34.48874,-119.78479,"SANTA BARBARA",UNINCORPORATED,-119.78477952,34.488712380000003
90048778,2015,2015-11-11,9760,2015-11-03,0844,015669,,2,1,5,4203,0,1,2,,2,011,"U.S. 101 SOUTHBOUND","CARRILLO STREET",1584.00,N,N,B,-,Y,,,,,,,,,,Y,4,0,1,2,A,-,03,22350,,N,C,C,A,A,H,-,A,D,0,,,,,Y,,A,01,0,0,1,0,0,0,0,0,0,"- ","- ",34.418810000000001,-119.71138999999999,"SANTA BARBARA","SANTA BARBARA",-119.71013000000001,34.41798
90048783,2015,2015-11-11,9760,2015-11-03,0800,16739,,2,1,9,4200,0,1,2,,2,010,"US-101 N/B (EL CAMINO REAL)","SANTA YNEZ AVE.",1056.00,S,N,A,-,Y,,,,,,,,,,Y,4,0,2,3,A,-,03,22350,,N,C,C,A,A,H,-,A,D,0,,,,,Y,,A,01,0,0,2,0,0,0,0,0,0,"- ","- ",34.400550000000003,-119.52703,"SANTA BARBARA",UNINCORPORATED,-119.52319540000001,34.402752149999998
90048792,2015,2015-11-11,9760,2015-11-03,1013,018483,,2,1,9,4200,0,1,2,,1,030,"US-101 N/B","EL CAPITAN STATE BEACH RD",2500.00,S,N,A,-,Y,,,101,,,,,,N,Y,4,0,1,1,A,-,08,22107,,N,F,A,A,A,H,-,A,D,0,,,,,Y,,A,01,0,0,1,0,0,0,0,0,0,"- ","- ",34.462290000000003,-120.01309999999999,"SANTA BARBARA",UNINCORPORATED,-120.01310517,34.462235839999998
90044813,2015,2015-11-11,9760,2015-10-29,1524,018431,,4,2,5,4203,0,1,2,,2,011,"US-101 S/B","LAS POSITAS RD.",1970.00,S,N,A,-,Y,,,101,,,,,,S,Y,4,0,2,2,A,-,03,22350,,N,C,C,A,A,H,-,A,D,0,,,,,Y,,A,01,0,0,2,0,0,0,0,0,0,"- ","- ",34.426749999999998,-119.72723999999999,"SANTA BARBARA","SANTA BARBARA",-119.72723301000001,34.426800479999997
90045753,2015,2015-11-05,9760,2015-10-29,1045,015669,,4,1,9,4200,0,2,4,,2,024,"CALLE REAL","TURNPIKE ROAD",0.00,,Y,A,-,N,,,,,,,,,,Y,4,0,1,2,A,-,12,21453,A,N,D,C,A,A,H,-,A,A,0,,,,,Y,,J,48,0,0,1,0,0,0,0,0,0,"- ","- ",34.443579999999997,-119.78922,"SANTA BARBARA",UNINCORPORATED,-119.78937992,34.443860100000002
90046091,2015,2015-11-06,9750,2015-11-04,1353,015916,,3,1,5,4204,0,1,2,,2,001,"US-101 S/B (EL CAMINO REAL)","BROADWAY O/C",739.00,S,N,A,-,Y,,,101,,,,,,S,Y,3,0,1,1,A,-,01,23152,A,N,E,I,A,A,H,-,A,D,0,,,,,Y,Y,A,01,0,1,0,0,0,0,0,0,0,"- ","- ",34.979370000000003,-120.43025,"SANTA BARBARA","SANTA MARIA",-120.43036102000001,34.979304630000001
90046254,2015,2015-11-06,9750,2015-11-02,1625,016469,,1,2,9,4200,0,1,3,,1,022,"SR-1 S/B (CABRILLO HIGHWAY)",SR-135,1056.00,S,N,B,C,Y,,,1,,,,,,S,Y,2,0,1,1,A,-,08,22107,,N,F,A,A,B,H,-,A,D,0,,,,,Y,,A,07,1,0,0,0,0,0,0,0,0,"- ","- ",34.799050000000001,-120.44483,"SANTA BARBARA",UNINCORPORATED,-120.44480378999999,34.799021240000002
90046258,2015,2015-11-06,9750,2015-10-29,1700,018209,,4,2,9,4200,0,1,2,,2,003,"US-101 S/B (EL CAMINO REAL)",SR-135,4752.00,S,N,A,-,Y,,,101,,,,,,S,Y,2,0,6,1,A,-,08,22107,,N,F,A,A,A,H,-,A,D,0,,,,,Y,,A,07,1,5,0,0,0,0,0,0,0,"- ","- ",34.736849999999997,-120.25576,"SANTA BARBARA",UNINCORPORATED,-120.25579125,34.736613900000002
90046618,2015,2015-11-09,9750,2015-11-07,0600,013267,,6,1,9,4200,0,1,3,,1,011,"RT 166","SIMAS ROAD",2000.00,E,N,A,-,Y,,,166,,,,,,,Y,4,0,1,2,A,-,03,22350,,N,C,C,A,A,H,-,A,D,0,,,,,Y,,A,01,0,0,1,0,0,0,0,0,0,"- ","- ",34.957830000000001,-120.54974,"SANTA BARBARA",UNINCORPORATED,-120.54972864,34.95773466
90046858,2015,2015-11-09,9755,2015-10-29,2040,020202,,4,2,9,4200,0,3,5,,2,040,"FOXEN CANYON RD",SR-154,7920.00,N,N,A,-,Y,,,,,,,,,,Y,2,0,1,1,A,-,01,23152,A,N,F,A,A,A,H,-,D,D,0,,,,,Y,Y,D,22,1,0,0,0,0,0,0,0,0,"- ","- ",34.68976,-120.12899,"SANTA BARBARA",UNINCORPORATED,-120.12952856,34.688353800000002
90046897,2015,2015-11-09,9755,2015-10-30,1615,017967,,5,2,9,4200,0,1,3,,1,051,SR-1,"JALAMA RD",18480.00,S,N,A,-,Y,,,1,,,,,,,Y,4,0,2,2,A,-,08,22107,,N,B,C,A,A,H,-,A,D,0,,,,,Y,,A,01,0,0,2,0,0,0,0,0,0,"- ","- ",34.562579999999997,-120.3651,"SANTA BARBARA",UNINCORPORATED,-120.36470014,34.562733219999998
90046912,2015,2015-11-09,9755,2015-10-30,1653,017967,,5,2,9,4200,0,1,3,,1,051,"SR-1 N/B","SANTA ROSA RD",2112.00,S,N,A,-,Y,,,1,,,,,,N,N,3,0,1,2,A,-,17,23114,A,N,E,J,A,A,H,-,A,D,0,,,,,Y,,-,99,0,1,0,0,0,0,0,0,0,"- ","- ",34.615130000000001,-120.42747,"SANTA BARBARA",UNINCORPORATED,-120.42753647000001,34.615121019999997
90063181,2015,2015-12-01,9760,2015-11-24,1745,017097,,2,2,9,4200,0,2,4,,2,026,"CATHEDRAL OAKS RD","VALA DR",400.00,W,N,A,-,N,,,,,,,,,,Y,3,0,2,3,A,-,03,22350,,N,C,C,A,A,H,-,D,D,0,,,,,Y,,A,01,0,1,1,0,0,0,0,0,0,"- ","- ",34.45147,-119.79379,"SANTA BARBARA",UNINCORPORATED,-119.79384542,34.451529999999998
90063285,2015,2015-12-01,9760,2015-11-24,1324,018483,,2,1,9,4200,0,1,2,,2,010,"US-101 N/B","SAN YSIDRO ROAD O/C",500.00,S,N,A,-,Y,,,101,,,,,,N,Y,3,0,1,1,A,-,08,22107,,N,E,I,A,A,H,-,A,D,0,,,,,Y,,A,01,0,1,0,0,0,0,0,0,0,"- ","- ",34.422049999999999,-119.62969,"SANTA BARBARA",UNINCORPORATED,-119.62972499,34.42193889
90030385,2015,2015-10-19,9760,2015-09-30,1800,017662,,3,2,9,4200,0,1,2,,2,010,"US-101 N/B","S. PADARO LANE",1584.00,S,N,A,-,Y,,,101,,,,,,N,Y,3,0,1,2,B,-,22,,,N,B,C,A,A,H,-,A,D,0,,,,Y,Y,,-,98,0,1,0,0,0,0,0,0,0,"- ","- ",34.408709999999999,-119.54973,"SANTA BARBARA",UNINCORPORATED,-119.54978718,34.408631040000003
90030470,2015,2015-10-19,9760,2015-10-01,0200,020511,,4,3,3,4205,0,1,2,,2,010,"US-101 N/B (EL CAMINO REAL)","CASITAS PASS RD",1478.00,S,N,A,-,Y,,,101,,,,,,N,Y,3,0,1,1,A,-,08,22107,,N,E,J,A,A,H,-,D,D,0,,,,,Y,,A,08,0,1,0,0,0,0,0,0,0,"- ","- ",34.393050000000002,-119.50881,"SANTA BARBARA",CARPINTERIA,-119.50883066,34.393032769999998
90030485,2015,2015-10-19,9755,2015-10-03,0055,019464,,6,3,9,4200,0,3,5,,2,040,"SAMANTHA DRIVE","CALZADA AVENUE",643.00,W,N,A,-,N,,,,,,,,,,Y,3,0,1,2,A,-,01,23152,A,N,B,C,A,A,H,-,C,D,0,,,,,Y,Y,A,07,0,1,0,0,0,0,0,0,0,"- ","- ",34.620130000000003,-120.0917,"SANTA BARBARA",UNINCORPORATED,-120.09138686999999,34.620234029999999
90030514,2015,2015-10-19,9755,2015-10-11,0115,017967,,7,3,9,4200,0,1,3,,1,053,"SR-246 E/B","MAIL RD",106.00,W,N,A,-,Y,,,246,,,,,,E,Y,3,0,1,1,A,-,08,22107,,N,F,A,A,A,H,-,D,D,0,,,,,Y,Y,D,22,0,1,0,0,0,0,0,0,0,"- ","- ",34.635350000000003,-120.29136,"SANTA BARBARA",UNINCORPORATED,-120.29137385,34.635333129999999
90030531,2015,2015-10-19,9755,2015-10-11,1900,018264,,7,2,9,4200,0,1,3,,1,055,"SR-1 N/B","SANTA LUCIA CANYON RD",50.00,S,N,A,-,Y,,,1,,,,,,N,Y,4,0,1,1,C,-,18,,,N,H,H,A,A,H,-,C,D,0,,,,,Y,,-,"- ",0,0,1,0,0,0,0,0,0,"- ","- ",34.713189999999997,-120.48927,"SANTA BARBARA",UNINCORPORATED,-120.48903969,34.713244719999999
90030640,2015,2015-10-19,9760,2015-10-01,2215,020528,,4,3,5,4203,0,1,2,,2,011,"US-101 N/B","HERMOSILLO RD",500.00,N,N,B,-,Y,,,101,,,,,,N,Y,4,0,1,1,A,-,08,22107,,N,E,I,A,A,H,-,C,D,0,,,,,Y,,A,01,0,0,1,0,0,0,0,0,0,"- ","- ",34.421419999999998,-119.6504,"SANTA BARBARA","SANTA BARBARA",-119.6504137,34.421368979999997
90030903,2015,2015-10-19,9760,2015-10-01,1520,017662,,4,2,9,4200,0,3,5,,2,001,"WYANT ROAD","SAN YSIDRO ROAD",372.00,W,N,A,-,N,,,,,,,,,,N,3,0,1,2,A,-,08,22107,,N,C,E,A,A,H,-,A,D,0,,Y,,,Y,,L,04,0,1,0,0,0,0,1,0,0,"- ","- ",34.426729999999999,-119.63267999999999,"SANTA BARBARA",UNINCORPORATED,-119.6327824,34.426793429999996
90031361,2015,2015-10-19,9755,2015-10-13,1300,015973,,2,1,9,4200,0,1,3,,1,042,SR-154,"ST. FRANCIS RANCH",528.00,E,N,A,-,Y,,,154,,,,,,,N,3,0,1,1,A,-,08,22107,,N,F,A,A,A,H,-,A,D,0,,,Y,,Y,,C,02,0,1,0,0,0,0,0,0,1,"- ","- ",34.561489999999999,-119.9243,"SANTA BARBARA",UNINCORPORATED,-119.92429908,34.561452750000001
90033122,2015,2015-10-19,9750,2015-10-13,0642,016170,,2,1,5,4204,0,1,2,,2,001,"US-101 S/B (EL CAMINO REAL)","ALVIN AVE.",0.00,,N,A,-,Y,,,,,,,,,,Y,4,0,1,3,A,-,03,22350,,N,C,C,A,A,H,-,A,D,0,,,,,Y,,A,01,0,0,1,0,0,0,0,0,0,"- ","- ",34.855420000000002,-120.41685,"SANTA BARBARA","SANTA MARIA",-120.41864997,34.960300089999997
90033128,2015,2015-10-19,9750,2015-10-14,1540,016874,,3,2,9,4200,0,3,5,,2,030,"NICHOLSON AVE","BETTERAVIA RD",331.00,S,N,B,-,N,,,,,,,,,,Y,4,0,1,1,A,-,08,22107,,N,F,A,A,A,H,-,A,D,0,,,,,Y,,A,01,0,0,1,0,0,0,0,0,0,"- ","- ",34.921709999999997,-120.41551,"SANTA BARBARA",UNINCORPORATED,-120.41551,34.922660860000001
90033140,2015,2015-10-19,9750,2015-10-17,0900,017616,,6,1,9,4200,0,3,5,,2,020,"HARRIS GRADE RD",SR-135,15840.00,W,N,B,-,N,,,,,,,,,,N,2,0,1,1,A,-,03,22350,,N,H,A,A,B,H,-,A,D,0,,Y,,,Y,,L,04,1,0,0,0,0,0,1,0,0,"- ","- ",34.735900000000001,-120.44045,"SANTA BARBARA",UNINCORPORATED,-120.43915496,34.735425280000001
90033389,2015,2015-10-19,9760,2015-10-04,1645,018483,,7,2,9,4200,0,1,3,,1,022,"SR-154 W/B","PAINTED CAVE ROAD",2640.00,E,N,A,-,Y,,,154,,,,,,W,Y,3,0,1,1,A,-,01,23152,A,N,F,A,A,B,H,-,A,D,0,,,Y,,Y,Y,C,02,0,1,0,0,0,0,0,0,1,"- ","- ",34.486789999999999,-119.7907,"SANTA BARBARA",UNINCORPORATED,-119.7906965,34.486805310000001
90033419,2015,2015-10-19,9760,2015-10-04,1727,020211,,7,2,9,4200,0,3,5,,2,002,"N. SAN MARCOS ROAD","VIA PARVA",1600.00,N,N,A,-,N,,,,,,,,,,N,2,0,1,1,A,-,08,22107,,N,F,A,A,A,H,-,A,D,0,,,Y,,Y,,C,02,1,0,0,0,0,0,0,0,1,"- ","- ",34.462359999999997,-119.79622999999999,"SANTA BARBARA",UNINCORPORATED,-119.79633068,34.461868170000002
90033603,2015,2015-10-19,9755,2015-10-09,0545,020202,,5,3,9,4200,0,1,2,,2,004,"NB US-101","OLD COAST HWY",528.00,N,N,A,-,Y,,,101,,,,,,,Y,4,0,1,2,A,-,03,22350,,N,C,C,A,A,H,-,D,D,0,,,,,Y,,A,01,0,0,1,0,0,0,0,0,0,"- ","- ",34.549669999999999,-120.19166,"SANTA BARBARA",UNINCORPORATED,-120.19168885000001,34.549677690000003
90033626,2015,2015-10-19,9755,2015-10-04,1140,016988,,7,1,9,4200,0,1,2,,2,004,"US-101 N/B","GAVIOTA BEACH RD",1584.00,N,N,C,-,Y,,,101,,,,,,N,Y,3,0,2,1,A,-,03,22350,,N,E,I,A,B,H,-,A,A,0,,,,,Y,,A,01,0,1,1,0,0,0,0,0,0,"- ","- ",34.482999999999997,-120.2304,"SANTA BARBARA",UNINCORPORATED,-120.23038477,34.482998760000001
90080905,2015,2015-12-23,9755,2015-12-22,1050,012436,,2,1,9,4200,0,1,3,,1,042,SR-154,"EDISON ST",0.00,,Y,B,C,Y,,,154,,,,,,,Y,4,0,2,2,A,-,12,22450,A,N,D,C,A,B,H,-,A,A,0,,,,,Y,,D,22,0,0,2,0,0,0,0,0,0,"- ","- ",34.633929999999999,-120.08113,"SANTA BARBARA",UNINCORPORATED,-120.08118007,34.633887389999998
90080973,2015,2015-12-23,9760,2015-08-09,1250,020757,,7,1,9,4200,0,1,2,,2,010,"US-101 S/B","VALENICA ROAD",256.00,S,N,A,-,Y,,,101,,,,,,S,Y,1,1,0,1,A,-,08,22107,,N,E,I,A,A,H,-,A,D,0,,,Y,,Y,,C,02,0,0,0,0,0,0,0,1,0,"- ","- ",34.42022,-119.59711,"SANTA BARBARA",UNINCORPORATED,-119.59715289,34.420082999999998
90081186,2015,2015-12-23,9750,2015-12-19,0934,014820,,6,1,9,4200,0,2,4,,1,024,"SANTA MARIA WAY","HILLVIEW ROAD",16.00,E,N,C,-,N,,,,,,,,,,N,4,0,2,2,A,-,03,22350,,N,C,C,A,B,H,-,A,D,0,,,,,Y,,D,22,0,0,2,0,0,0,0,0,0,"- ","- ",34.890099999999997,-120.42471999999999,"SANTA BARBARA",UNINCORPORATED,-120.42475923000001,34.898014099999997
90081306,2015,2015-12-23,9755,2015-11-02,1430,017378,,1,2,9,4200,0,1,2,,2,004,"US 101 N/B","RT 1",6864.00,S,N,B,C,Y,,,,,,,,,,Y,1,1,0,1,A,-,08,22107,,N,E,I,A,B,H,-,A,D,0,,,,,Y,,D,22,0,0,0,0,0,0,0,0,0,"- ","- ",34.4925,-120.22029999999999,"SANTA BARBARA",UNINCORPORATED,-120.22671617,34.49310242
90081473,2015,2015-12-23,9760,2015-12-12,1721,018754,,6,2,9,4200,0,1,2,,2,010,"U.S. 101 N/B","EVANS AVE",1584.00,S,N,A,-,Y,,,,,,,,,,Y,3,0,1,2,A,-,08,22107,,F,B,C,A,A,H,-,B,D,0,,,,,Y,,A,07,0,1,0,0,0,0,0,0,0,"- ","- ",34.420029999999997,-119.59631,"SANTA BARBARA",UNINCORPORATED,-119.59655366,34.420072419999997
90081563,2015,2015-12-23,9760,2015-12-14,1317,018264,,1,1,9,4200,0,3,5,,2,001,"US-101 NORTHBOUND","PADARO LN",26400.00,N,N,A,-,Y,,,101,,,,,,N,Y,3,0,1,1,A,-,08,22107,,M,E,I,A,A,H,-,A,D,0,,,,,Y,,A,01,0,1,0,0,0,0,0,0,0,"- ","- ",34.419269999999997,-119.59214,"SANTA BARBARA",UNINCORPORATED,-119.59222824,34.418992590000002
90081749,2015,2015-12-24,9760,2015-10-01,1953,018431,,4,2,9,4200,0,1,3,,1,028,"SR-192 (FOOTHILL RD.)","COCOPAH DR",438.00,E,N,A,-,Y,,,192,,,,,,,Y,1,1,0,3,A,-,01,23152,F,N,E,J,A,A,H,-,C,D,0,,,,,Y,Y,A,07,0,0,0,0,0,0,0,0,0,"- ","- ",34.452280000000002,-119.75599,"SANTA BARBARA",UNINCORPORATED,-119.75597686,34.452250470000003
90064029,2015,2015-12-02,9750,2015-11-27,2248,019656,,5,3,9,4200,0,2,4,,1,024,"CLARK AVENUE","BROADWAY ST",10.00,E,N,A,-,N,,,,,,,,,,N,4,0,2,3,A,-,10,21950,A,N,G,B,B,A,H,-,C,A,0,Y,,,,Y,Y,A,07,0,0,2,0,2,0,0,0,0,"- ","- ",34.865209999999998,-120.44722,"SANTA BARBARA",UNINCORPORATED,-120.44720669,34.865139149999997
90065037,2015,2015-12-03,9760,2015-11-27,1943,018754,,5,2,9,4200,0,3,5,,2,001,"SANTA MONICA RD.","FOOTHILL RD (SR-192)",1056.00,S,N,A,-,N,,,,,,,,,,Y,4,0,1,1,A,-,03,22350,,N,E,I,A,A,H,-,C,D,0,,,,,Y,,D,22,0,0,1,0,0,0,0,0,0,"- ","- ",34.410769999999999,-119.52876999999999,"SANTA BARBARA",UNINCORPORATED,-119.52876917,34.411287700000003
90066628,2015,2015-12-07,9755,2015-11-28,1500,016999,,6,2,9,4200,0,3,5,,2,050,"SAN MIGUELITO RD","SUDDEN RD",8976.00,S,N,A,-,N,,,,,,,,,,Y,2,0,1,1,A,-,08,22107,,N,F,A,A,A,H,-,A,D,0,,,Y,,Y,,C,02,1,0,0,0,0,0,0,0,1,"- ","- ",34.588889999999999,-120.49186,"SANTA BARBARA",UNINCORPORATED,-120.52925069,34.59147076
90066679,2015,2015-12-07,9755,2015-12-04,1700,012436,,5,2,9,4200,0,3,5,,2,040,"FOXEN CANYON RD","ZACA STATION RD",16896.00,N,N,A,-,N,,,,,,,,,,Y,3,0,1,1,A,-,08,22107,,N,F,A,A,A,H,-,B,D,0,,,,,Y,,D,22,0,1,0,0,0,0,0,0,0,"- ","- ",34.766240000000003,-120.11509,"SANTA BARBARA",UNINCORPORATED,-120.12930079,34.686391759999999
90066696,2015,2015-12-07,9755,2015-12-04,1935,019464,,5,2,9,4200,0,3,5,,2,050,"CENTRAL AVENUE","FLORDALE AVENUE",0.00,,Y,A,-,N,,,,,,,,,,Y,3,0,1,2,A,-,09,21801,A,N,A,C,A,A,H,-,C,A,0,,,,,Y,,D,22,0,1,0,0,0,0,0,0,0,"- ","- ",34.661099999999998,-120.49267,"SANTA BARBARA",UNINCORPORATED,-120.49285997,34.661210109999999
90066732,2015,2015-12-07,9755,2015-12-06,1310,015973,,7,1,9,4200,0,1,3,,1,051,"SR-1 N/B","SANTA ROSA RD",2640.00,N,N,A,-,Y,,,,,,,,,,Y,4,0,1,1,C,-,18,,,N,E,I,A,A,H,-,A,D,0,,,,,Y,,-,"- ",0,0,1,0,0,0,0,0,0,"- ","- ",34.629710000000003,-120.4375,"SANTA BARBARA",UNINCORPORATED,-120.43252089000001,34.628054390000003
90066805,2015,2015-12-07,9760,2015-11-21,0021,020226,,6,3,9,4200,0,1,3,,1,014,"STATE ROUTE 192 (EAST VALLEY ROAD)","LIVE OAKS ROAD",840.00,E,N,A,-,Y,,,192,,,,,,,Y,3,0,1,1,A,-,01,23152,A,N,E,I,A,A,H,-,D,D,0,,,,,Y,Y,A,01,0,1,0,0,0,0,0,0,0,"- ","- ",34.437449999999998,-119.62473,"SANTA BARBARA",UNINCORPORATED,-119.62475264,34.437477970000003
90067126,2015,2015-12-07,9750,2015-11-30,2005,019417,,1,2,9,4200,0,1,3,,1,011,"SR-166 (W. MAIN STREET)","BONITA SCHOOL ROAD",3168.00,W,N,A,-,Y,,,166,,,,,,,Y,2,0,2,2,A,-,01,23152,A,N,A,C,A,A,H,-,D,D,0,,,,,Y,Y,A,01,2,0,0,0,0,0,0,0,0,"- ","- ",34.958359999999999,-120.51895,"SANTA BARBARA",UNINCORPORATED,-120.51897446,34.958138239999997
90067136,2015,2015-12-07,9760,2015-11-28,1830,020211,,6,2,5,4203,0,1,2,,2,011,"US-101 SOUTHBOUND","LOS PATOS WAY",250.00,N,N,A,-,Y,,,101,,,,,,S,Y,3,0,3,2,A,-,03,22350,,N,C,C,A,A,H,-,C,D,0,,,,,Y,,A,07,0,1,2,0,0,0,0,0,0,"- ","- ",34.422690000000003,-119.66065,"SANTA BARBARA","SANTA BARBARA",-119.66066302,34.422740140000002
90067738,2015,2015-12-08,9760,2015-12-01,1300,015669,,2,1,9,4200,0,1,3,,1,028,"STATE ROUTE 192 (FOOTHILL ROAD)","COCOPAH DR",528.00,E,N,A,-,Y,,,192,,,,,,,Y,3,0,1,2,A,-,08,22107,,N,D,C,A,A,H,-,A,D,0,,,,,Y,,A,01,0,1,0,0,0,0,0,0,0,"- ","- ",34.45214,-119.75613,"SANTA BARBARA",UNINCORPORATED,-119.75614572000001,34.452175310000001
90067878,2015,2015-12-08,9760,2015-12-02,2230,020029,,3,3,9,4200,0,3,5,,2,005,"EL COLEGIO RD","CAMINO DEL SUR",0.00,,Y,A,-,N,,,,,,,,,,N,4,0,1,2,A,-,10,21950,A,N,G,B,B,A,H,-,C,A,0,Y,,,,Y,,A,01,0,0,1,0,1,0,0,0,0,"- ","- ",34.417470000000002,-119.86271000000001,"SANTA BARBARA",UNINCORPORATED,-119.86253997,34.417310110000003
90083032,2015,2015-12-28,9760,2015-12-14,1250,019819,,1,1,9,4200,0,1,3,,1,014,"SR-192 (EAST VALLEY RD.)","SAN YSIDRO RD",0.00,,Y,A,-,Y,,,192,,,,,,,Y,4,0,1,2,A,-,09,21801,A,N,A,C,A,A,H,-,A,A,0,,,,,Y,,A,08,0,0,1,0,0,0,0,0,0,"- ","- ",34.436630000000001,-119.63203,"SANTA BARBARA",UNINCORPORATED,-119.63195202,34.436953580000001
90083236,2015,2015-12-28,9760,2015-12-22,1118,014690,,2,1,9,4200,0,1,3,,1,022,"SR-154 W/B","PAINTED CAVE RD",5280.00,E,N,C,-,Y,,,154,,,,,,W,Y,3,0,1,1,A,-,08,22107,,N,E,I,A,B,H,-,A,D,0,,,,,Y,,A,01,0,1,0,0,0,0,0,0,0,"- ","- ",34.488979999999998,-119.78422999999999,"SANTA BARBARA",UNINCORPORATED,-119.78429702,34.489041630000003
90083314,2015,2015-12-28,9750,2015-12-18,1730,017267,,5,2,9,4200,0,2,4,,1,024,"SR-135 N/B","CLARK AVE",2640.00,N,N,A,-,Y,,,135,,,,,,N,N,3,0,1,1,A,-,08,22107,,N,F,A,A,A,H,-,D,D,0,,,Y,,Y,,C,02,0,1,0,0,0,0,0,0,1,"- ","- ",34.874639999999999,-120.43626,"SANTA BARBARA",UNINCORPORATED,-120.43657283,34.874653549999998
90083498,2015,2015-12-28,9760,2015-12-20,0952,015669,,7,1,9,4200,0,2,4,,2,026,"PATTERSON AVENUE","CATHEDRAL OAKS ROAD",0.00,,Y,B,-,N,,,,,,,,,,Y,4,0,1,2,A,-,09,21801,A,N,D,C,A,A,H,-,A,A,0,,,,,Y,,D,22,0,0,1,0,0,0,0,0,0,"- ","- ",34.452919999999999,-119.80813000000001,"SANTA BARBARA",UNINCORPORATED,-119.80819989,34.453030009999999
90083510,2015,2015-12-28,9760,2015-12-21,1735,018019,,1,2,5,4203,0,1,2,,2,011,"US-101 N/B (EL CAMINO REAL)","MISSION ST.",2640.00,N,N,B,-,Y,,,101,,,,,,N,Y,4,0,1,2,A,-,03,22350,,N,C,C,A,A,H,-,C,D,0,,,,,Y,,A,01,0,0,1,0,0,0,0,0,0,"- ","- ",34.426560000000002,-119.72374000000001,"SANTA BARBARA","SANTA BARBARA",-119.72377693,34.426390619999999
90083562,2015,2015-12-28,9760,2015-12-22,1355,018264,,2,1,9,4200,0,1,3,,1,022,"SR-154 WESTBOUND","PAINTED CAVE RD",1584.00,E,N,C,-,Y,,,154,,,,,,W,Y,4,0,2,1,A,-,08,22107,,N,E,I,A,B,H,-,A,D,0,,,,,Y,,D,22,0,0,2,0,0,0,0,0,0,"- ","- ",34.48753,-119.79154,"SANTA BARBARA",UNINCORPORATED,-119.79174321000001,34.487208709999997
90083708,2015,2015-12-29,9750,2015-12-27,1534,017379,,7,2,9,4200,0,1,3,,1,011,"SR-166 (STATE ROUTE 166)","BONITA SCHOOL RD.",0.00,,Y,A,-,Y,,,166,,,,,,,Y,4,0,2,2,A,-,12,21453,A,N,D,C,A,A,H,-,A,A,0,,,,,Y,,A,07,0,0,2,0,0,0,0,0,0,"- ","- ",34.957030000000003,-120.50842,"SANTA BARBARA",UNINCORPORATED,-120.50842889,34.956962179999998