CASE_ID,ACCIDENT_YEAR,PROC_DATE,JURIS,COLLISION_DATE,COLLISION_TIME,OFFICER_ID,REPORTING_DISTRICT,DAY_OF_WEEK,CHP_SHIFT,POPULATION,CNTY_CITY_LOC,SPECIAL_COND,BEAT_TYPE,CHP_BEAT_TYPE,CITY_DIVISION_LAPD,CHP_BEAT_CLASS,BEAT_NUMBER,PRIMARY_RD,SECONDARY_RD,DISTANCE,DIRECTION,INTERSECTION,WEATHER_1,WEATHER_2,STATE_HWY_IND,CALTRANS_COUNTY,CALTRANS_DISTRICT,STATE_ROUTE,ROUTE_SUFFIX,POSTMILE_PREFIX,POSTMILE,LOCATION_TYPE,RAMP_INTERSECTION,SIDE_OF_HWY,TOW_AWAY,COLLISION_SEVERITY,NUMBER_KILLED,NUMBER_INJURED,PARTY_COUNT,PRIMARY_COLL_FACTOR,PCF_CODE_OF_VIOL,PCF_VIOL_CATEGORY,PCF_VIOLATION,PCF_VIOL_SUBSECTION,HIT_AND_RUN,TYPE_OF_COLLISION,MVIW,PED_ACTION,ROAD_SURFACE,ROAD_COND_1,ROAD_COND_2,LIGHTING,CONTROL_DEVICE,CHP_ROAD_TYPE,PEDESTRIAN_ACCIDENT,BICYCLE_ACCIDENT,MOTORCYCLE_ACCIDENT,TRUCK_ACCIDENT,NOT_PRIVATE_PROPERTY,ALCOHOL_INVOLVED,STWD_VEHTYPE_AT_FAULT,CHP_VEHTYPE_AT_FAULT,COUNT_SEVERE_INJ,COUNT_VISIBLE_INJ,COUNT_COMPLAINT_PAIN,COUNT_PED_KILLED,COUNT_PED_INJURED,COUNT_BICYCLIST_KILLED,COUNT_BICYCLIST_INJURED,COUNT_MC_KILLED,COUNT_MC_INJURED,PRIMARY_RAMP,SECONDARY_RAMP,LATITUDE,LONGITUDE,COUNTY,CITY,POINT_X,POINT_Y
90083804,2015,2015-12-29,9750,2015-12-19,1715,017267,,6,2,9,4200,0,3,5,,2,010,"BONITA SCHOOL ROAD","BONITA LATERAL RD",80.00,N,N,A,-,N,,,,,,,,,,Y,4,0,1,2,A,-,03,22350,,N,D,C,A,D,H,-,D,D,0,,,,Y,Y,,A,08,0,0,1,0,0,0,0,0,0,"- ","- ",34.962969999999999,-120.50959,"SANTA BARBARA",UNINCORPORATED,-120.50946802,34.962797500000001
90084021,2015,2015-12-29,9760,2015-12-21,2020,020226,,1,2,9,4200,0,1,3,,1,022,"STATE ROUTE 154","PAINTED CAVE ROAD",3900.00,E,N,B,-,Y,,,154,,,,,,,Y,3,0,2,2,A,-,08,22107,,N,D,C,A,B,H,-,D,D,0,,,,,Y,,A,01,0,2,0,0,0,0,0,0,0,"- ","- ",34.48854,-119.78543999999999,"SANTA BARBARA",UNINCORPORATED,-119.78544248999999,34.488556289999998
90084129,2015,2015-12-29,9760,2015-12-22,0940,015658,,2,1,9,4200,0,1,3,,1,022,"SR-154 (SAN MARCOS PASS)","E. CAMINO CIELO",900.00,W,N,B,C,Y,,,,,,,,,,Y,2,0,1,2,A,-,03,22350,,N,D,C,A,B,H,-,A,D,0,,,,,Y,,A,07,1,0,0,0,0,0,0,0,0,"- ","- ",,,"SANTA BARBARA",UNINCORPORATED,-119.82432718,34.511878029999998
90084211,2015,2015-12-29,9760,2015-12-22,0800,015669,,2,1,9,4200,0,1,3,,1,022,"SR-154 (SAN MARCOS PASS ROAD)","PAINTED CAVE ROAD",3168.00,W,N,B,C,Y,,,154,,,,,,,Y,4,0,1,2,A,-,03,22350,,N,C,C,A,B,E,-,A,D,0,,,,,Y,,A,08,0,0,1,0,0,0,0,0,0,"- ","- ",34.499040000000001,-119.80094,"SANTA BARBARA",UNINCORPORATED,-119.80092651,34.499040100000002
90068123,2015,2015-12-08,9760,2015-12-02,1540,017314,,3,2,9,4200,0,3,5,,2,005,"PARDALL ROAD","EMBARCADERO DEL MAR",75.00,W,N,A,-,N,,,,,,,,,,N,3,0,1,2,A,-,05,21460,A,N,H,G,A,A,H,-,A,D,0,,Y,,,Y,,L,04,0,1,0,0,0,0,1,0,0,"- ","- ",34.413159999999998,-119.85741,"SANTA BARBARA",UNINCORPORATED,-119.85727850000001,34.413119999999999
90068248,2015,2015-12-08,9750,2015-11-21,2130,019656,,6,2,9,4200,0,1,2,,2,002,"US-101 S/B (EL CAMINO REAL)","CLARK AVENUE",6336.00,S,N,A,-,Y,,,101,,,,,,S,N,4,0,1,1,C,-,18,,,N,H,H,A,A,H,-,D,D,0,,,,,Y,,-,"- ",0,0,1,0,0,0,0,0,0,"- ","- ",34.85051,-120.38382,"SANTA BARBARA",UNINCORPORATED,-120.38364154,34.85066398
90068346,2015,2015-12-09,9760,2015-12-02,1810,018431,,3,2,9,4200,0,3,5,,2,001,"LILLIE AVE.","GREENWELL AVE.",200.00,W,N,A,-,N,,,,,,,,,,N,4,0,1,2,A,-,03,22350,,N,C,C,A,A,H,-,A,D,0,,,,,Y,,A,01,0,0,1,0,0,0,0,0,0,"- ","- ",34.419119999999999,-119.59169,"SANTA BARBARA",UNINCORPORATED,-119.59157676,34.419138889999999
90068507,2015,2015-12-09,9760,2015-12-04,1422,018754,,5,2,9,4200,0,1,2,,2,010,"U.S. 101 N/B","SOUTH PADARO",100.00,S,N,A,-,Y,,,,,,,,,,N,4,0,1,2,A,-,03,22350,,N,C,C,A,A,H,-,A,D,0,,,,,Y,,A,01,0,0,1,0,0,0,0,0,0,"- ","- ",34.410330000000002,-119.55226999999999,"SANTA BARBARA",UNINCORPORATED,-119.5823164,34.416621380000002
90068718,2015,2015-12-09,9760,2015-12-07,1800,020211,,1,2,5,4203,0,1,2,,2,020,"US-101 NORTHBOUND","HOPE AVENUE",650.00,S,N,A,-,Y,,,101,,,,,,N,N,4,0,1,2,A,-,03,22350,,N,C,C,A,A,H,-,C,D,0,,,,,Y,,A,01,0,0,1,0,0,0,0,0,0,"- ","- ",34.431249999999999,-119.74426,"SANTA BARBARA","SANTA BARBARA",-119.74425386999999,34.431260129999998
90068748,2015,2015-12-09,9750,2015-12-04,1050,013766,,5,1,9,4200,0,3,5,,2,020,"VIA ESMERALDA","ESPLANADA AVE",240.00,E,N,A,-,N,,,,,,,,,,Y,4,0,1,2,A,-,21,22106,,N,D,C,A,A,H,-,A,D,0,,,,,Y,,A,07,0,0,1,0,0,0,0,0,0,"- ","- ",34.861130000000003,-120.42158999999999,"SANTA BARBARA",UNINCORPORATED,-120.42190187999999,34.861218389999998
90069007,2015,2015-12-09,9755,2015-11-27,1230,016999,,5,1,9,4200,0,3,5,,2,050,"SANTA ROSA RD",SR-1,14784.00,S,N,A,-,N,,,,,,,,,,Y,2,0,1,1,A,-,01,23152,A,N,F,A,A,A,H,-,A,D,0,,,Y,,Y,Y,C,02,1,0,0,0,0,0,0,0,1,"- ","- ",34.62153,-120.39858,"SANTA BARBARA",UNINCORPORATED,-120.42874,34.621549999999999
90069134,2015,2015-12-09,9750,2015-11-20,0713,013267,,5,1,9,4200,0,1,2,,2,001,"US 101 (NORTHBOUND)","DONOVAN OVERCROSSING",220.00,N,N,A,-,Y,,,,,,,,,,Y,4,0,1,2,A,-,03,22350,,N,C,C,A,A,H,-,A,D,0,,,,,Y,,A,01,0,0,1,0,0,0,0,0,0,"- ","- ",34.968310000000002,-120.42318,"SANTA BARBARA",UNINCORPORATED,-120.42343941,34.968220000000002
90069263,2015,2015-12-10,9760,2015-12-07,1955,017662,,1,2,5,4203,0,1,2,,2,011,"US-101 S/B","JUNIPERO STREET PEDESTRIAN O/C",250.00,N,N,A,-,Y,,,101,,,,,,S,Y,4,0,2,2,A,-,03,22350,,N,C,C,A,A,H,-,C,D,0,,,,,Y,,A,01,0,0,2,0,0,0,0,0,0,"- ","- ",34.426990000000004,-119.72893000000001,"SANTA BARBARA","SANTA BARBARA",-119.72892387,34.427038199999998
90069585,2015,2015-12-10,9750,2015-09-09,0715,016469,,3,1,9,4200,0,2,4,,1,024,"FOSTER ROAD","WOODLAND STREET",10.00,E,N,A,-,N,,,,,,,,,,N,2,0,1,2,A,-,11,21950,B,N,G,B,B,A,H,-,A,D,0,Y,,,,Y,,N,60,1,0,0,0,1,0,0,0,0,"- ","- ",34.883090000000003,-120.42186,"SANTA BARBARA",UNINCORPORATED,-120.42192667,34.883090000000003
90069981,2015,2015-12-10,9750,2015-12-03,1358,014820,,4,1,9,4200,0,1,3,,1,023,"SR-135 S/B","SAN ANTONIO ROAD EAST",727.00,N,N,A,-,Y,,,135,,,,,,S,Y,4,0,1,1,A,-,08,22107,,N,E,I,A,A,H,-,A,D,0,,,,,Y,,D,22,0,0,1,0,0,0,0,0,0,"- ","- ",34.774630000000002,-120.43002,"SANTA BARBARA",UNINCORPORATED,-120.42998307000001,34.774647850000001
90048799,2015,2015-11-11,9760,2015-11-03,1710,020211,,2,2,9,4200,0,3,5,,2,005,"EMBARCADERO DEL MAR","EL GRECO RD",10.00,S,N,A,-,N,,,,,,,,,,N,3,0,1,2,A,-,07,21658,A,F,H,G,A,A,H,-,A,D,0,,Y,,,Y,,L,04,0,1,0,0,0,0,1,0,0,"- ","- ",34.157699999999998,-119.85719,"SANTA BARBARA",UNINCORPORATED,-119.85702000000001,34.41573254
90048813,2015,2015-11-11,9760,2015-11-05,0909,017674,,4,1,9,4200,0,3,5,,2,002,"HOLLISTER AVE","NOGAL DR.",348.00,W,N,A,-,N,,,,,,,,,,N,4,0,1,2,A,-,03,22350,,N,C,C,A,A,H,-,A,A,0,,,,,Y,,A,01,0,0,1,0,0,0,0,0,0,"- ","- ",34.439839999999997,-119.77181,"SANTA BARBARA",UNINCORPORATED,-119.77209750999999,34.439774020000002
90048820,2015,2015-11-11,9760,2015-11-05,1725,018754,,4,2,5,4203,0,1,2,,2,011,"U.S. 101 S/B","MISSION ST.",700.00,S,N,A,-,Y,,,,,,,,,,Y,3,0,1,3,A,-,03,22350,,N,C,C,A,A,H,-,C,D,0,,,,,Y,,A,07,0,1,0,0,0,0,0,0,0,"- ","- ",34.42192,-119.71567,"SANTA BARBARA","SANTA BARBARA",-119.71858468000001,34.424163399999998
90049643,2015,2015-11-12,9750,2015-11-09,1509,017379,,1,2,9,4200,0,1,3,,1,011,"SR-166 (STATE ROUTE 166)","BLACK ROAD",5808.00,E,N,B,C,Y,,,166,,,,,,,Y,4,0,1,2,A,-,09,21804,A,N,D,C,A,B,H,-,A,D,0,,,,,Y,,A,01,0,0,1,0,0,0,0,0,0,"- ","- ",34.953940000000003,-120.47011999999999,"SANTA BARBARA",UNINCORPORATED,-120.47012208,34.95390828
90049925,2015,2015-11-12,9750,2015-11-10,0805,014753,,2,1,9,4200,0,2,4,,1,024,"SANTA MARIA WAY","HILLVIEW ROAD",15.00,E,N,A,-,Y,,,,,,,,,,N,4,0,1,2,A,-,05,21202,A,N,D,G,A,A,H,-,A,D,0,,Y,,,Y,,L,04,0,0,1,0,0,0,1,0,0,"- ","- ",34.897939999999998,-120.42473,"SANTA BARBARA",UNINCORPORATED,-120.42476114999999,34.898016349999999
90050033,2015,2015-11-12,9760,2015-11-06,1802,019831,,5,2,5,4203,0,1,2,,2,011,"US-101 SB (EL CAMINO REAL)","MILPAS ST",374.00,N,N,A,-,Y,,,101,,,,,,S,N,4,0,2,2,A,-,03,22350,,N,C,C,A,A,H,-,C,D,0,,,,,Y,,A,01,0,0,2,0,0,0,0,0,0,"- ","- ",34.419899999999998,-119.68162,"SANTA BARBARA","SANTA BARBARA",-119.68162151,34.419915850000002
90050345,2015,2015-11-13,9755,2015-11-10,1920,012436,,2,2,9,4200,0,3,5,,2,040,"BALLARD CANYON RD","FOXEN CANYON RD",31680.00,S,N,A,-,N,,,,,,,,,,Y,3,0,1,1,A,-,08,22107,,N,E,I,A,A,H,-,D,D,0,,,,,Y,,A,01,0,1,0,0,0,0,0,0,0,"- ","- ",34.660769999999999,-120.12653,"SANTA BARBARA",UNINCORPORATED,-120.12291,34.667630000000003
90051392,2015,2015-11-16,9755,2015-11-07,1915,017967,,6,2,9,4200,0,1,2,,2,004,"US-101 N/B","GAVIOTA BEACH RD.",1320.00,N,N,A,-,Y,,,101,,,,,,N,N,4,0,3,2,A,-,03,22350,,N,C,C,A,A,G,-,D,D,0,,,,,Y,,A,01,0,0,3,0,0,0,0,0,0,"- ","- ",34.484490000000001,-120.22901,"SANTA BARBARA",UNINCORPORATED,-120.22941891000001,34.484923649999999
90051667,2015,2015-11-16,9760,2015-11-02,1639,019831,,1,2,9,4200,0,1,3,,1,022,"SR-154 WB (SAN MARCOS PASS ROAD)","E. CAMINO CIELO",738.00,W,N,C,-,Y,,,154,,,,,,W,Y,3,0,1,1,C,-,18,,,N,E,I,A,B,H,-,B,D,0,,,,,Y,,-,"- ",0,1,0,0,0,0,0,0,0,"- ","- ",34.513289999999998,-119.82478,"SANTA BARBARA",UNINCORPORATED,-119.82466758,34.513320569999998
90051700,2015,2015-11-16,9760,2015-11-02,1405,019831,,1,2,9,4200,0,1,3,,1,022,"SR-154 E/B (SAN MARCOS PASS ROAD)","E. CAMINO CIELO",749.00,W,N,C,-,Y,,,154,,,,,,E,Y,4,0,2,3,A,-,03,22350,,N,C,C,A,B,H,-,A,D,0,,,,,Y,,D,22,0,0,2,0,0,0,0,0,0,"- ","- ",34.514479999999999,-119.82552,"SANTA BARBARA",UNINCORPORATED,-119.82548876,34.51451866
90051708,2015,2015-11-16,9755,2015-10-30,0954,016058,,5,1,9,4200,0,1,2,,2,004,"SR-1 S/B TO US-101 S/B",SR-1,437.00,S,N,A,-,Y,,,1,,,,R,,S,Y,1,1,1,3,A,-,03,22350,,N,C,C,A,A,H,-,A,D,0,,,Y,,Y,,C,02,0,1,0,0,0,0,0,1,1,"- ","- ",34.507919999999999,-120.22669,"SANTA BARBARA",UNINCORPORATED,-120.22669,34.507919999999999
90084231,2015,2015-12-29,9755,2015-12-25,1707,017378,,5,2,9,4200,0,1,3,,1,055,"SR 1 N/B","TIMBER LN.",3168.00,S,N,A,-,Y,,,1,,,,,,N,Y,4,0,2,2,A,-,01,23152,A,N,C,C,A,A,H,-,D,D,0,,,,,Y,Y,A,01,0,0,2,0,0,0,0,0,0,"- ","- ",34.7376,-120.50749999999999,"SANTA BARBARA",UNINCORPORATED,-120.50752356,34.737576869999998
90084243,2015,2015-12-29,9760,2015-12-22,0730,015669,,2,1,9,4200,0,1,3,,1,022,"SR-154 (SAN MARCOS PASS ROAD)","PAINTED CAVE ROAD",2640.00,W,N,B,C,Y,,,154,,,,,,,Y,4,0,1,1,A,-,03,22350,,N,E,I,A,B,H,-,A,D,0,,,,,Y,,A,01,0,0,1,0,0,0,0,0,0,"- ","- ",34.488460000000003,-119.78569,"SANTA BARBARA",UNINCORPORATED,-119.78569873000001,34.488517109999997
90084632,2015,2015-12-29,9760,2015-12-23,1015,015658,,3,1,9,4200,0,1,2,,1,030,"US 101 S/B (EL CAMINO REAL)","EL CAPITAN STATE BEACH RD",1200.00,S,N,A,-,Y,,,,,,,,,,Y,3,0,1,2,A,-,01,23152,E,N,B,C,A,A,H,-,A,D,0,,,,,Y,,A,01,0,1,0,0,0,0,0,0,0,"- ","- ",34.462319999999998,-120.01584,"SANTA BARBARA",UNINCORPORATED,-120.01754208,34.462571130000001
90086352,2015,2016-04-26,9760,2015-12-30,1930,020473,,3,2,5,4203,0,1,2,,2,011,"US-101 S/B","OLIVE MILL RD.",1500.00,N,N,A,-,Y,,,,,,,,,,Y,4,0,1,2,A,-,03,22350,,N,C,C,A,A,H,-,C,D,0,,,,,Y,,A,01,0,0,1,0,0,0,0,0,0,"- ","- ",34.419600000000003,-118.64474,"SANTA BARBARA","SANTA BARBARA",-119.63553426,34.422447220000002
90086788,2015,2016-01-01,9750,2015-12-24,1256,014820,,4,1,9,4200,0,2,4,,1,024,"CRESTWOOD COURT","CLARK AVENUE",0.00,,Y,B,-,N,,,,,,,,,,Y,4,0,1,2,A,-,09,21802,A,N,D,C,A,A,H,-,A,A,0,,,,,Y,,A,01,0,0,1,0,0,0,0,0,0,"- ","- ",34.865229999999997,-120.43143000000001,"SANTA BARBARA",UNINCORPORATED,-120.43145995,34.86505004
90086792,2015,2016-01-04,9750,2015-12-17,1550,012697,,4,2,9,4200,0,2,4,,1,024,"LAKEVIEW RD","ORCUTT ROAD",0.00,,Y,A,-,Y,,,,,,,,,,Y,3,0,1,3,A,-,03,22350,,N,D,C,A,A,H,-,A,A,0,,,Y,,Y,,C,02,0,1,0,0,0,0,0,0,1,"- ","- ",34.894550000000002,-120.4361,"SANTA BARBARA",UNINCORPORATED,-120.43608986,34.894520100000001
90086793,2015,2016-01-04,9750,2015-12-26,1455,012697,,6,2,9,4200,0,1,3,,1,022,"SR-1 S/B","GRACIOSA RD",7392.00,S,N,A,-,Y,,,1,,,,,,S,N,2,0,1,1,A,-,03,22350,,N,F,A,A,A,H,-,A,D,0,,,,,Y,,A,01,1,0,0,0,0,0,0,0,0,"- ","- ",34.793840000000003,-120.4517,"SANTA BARBARA",UNINCORPORATED,-120.45169964999999,34.793839409999997
90086906,2015,2016-01-04,9755,2015-12-17,2020,012436,,4,2,9,4200,0,1,3,,1,042,SR-154,"ZACA STATION ROAD",411.00,W,N,A,-,Y,,,154,,,,,,,Y,4,0,2,2,A,-,05,21460,,N,A,C,A,A,H,-,C,D,0,,,,,Y,,A,01,0,0,2,0,0,0,0,0,0,"- ","- ",34.687800000000003,-120.15676000000001,"SANTA BARBARA",UNINCORPORATED,-120.15677822000001,34.68770464
90087891,2015,2016-01-05,9750,2015-12-30,1010,014358,,3,1,9,4200,0,3,5,,2,010,"BETTERAVIA ROAD","BROWN ROAD",0.00,,Y,A,-,N,,,,,,,,,,Y,3,0,5,2,A,-,09,21802,A,N,D,C,A,A,H,-,A,A,0,,,,,Y,,A,01,0,3,2,0,0,0,0,0,0,"- ","- ",34.935220000000001,-120.54647,"SANTA BARBARA",UNINCORPORATED,-120.54642995,34.935200080000001
90088221,2015,2016-01-05,9760,2015-12-27,1608,019831,,7,2,9,4200,0,1,3,,1,014,"SR-192 E. FOOTHILL ROAD","TYE ROAD",30.00,W,N,A,-,Y,,,192,,,,,,,N,4,0,1,2,A,-,03,22350,,N,C,C,A,A,H,-,A,D,0,,,,,Y,,A,07,0,0,1,0,0,0,0,0,0,"- ","- ",34.446550000000002,-119.72017,"SANTA BARBARA",UNINCORPORATED,-119.72016997999999,34.446579149999998
90088753,2015,2016-01-05,9760,2015-07-19,1547,019831,,7,2,9,4200,0,1,3,,1,022,"SR-154 (SAN MARCOS PASS ROAD)","PAINTED CAVE RD",9676.00,E,N,B,-,Y,,,154,,,,,,,Y,1,1,0,2,A,-,05,21460,A,N,A,C,A,A,H,-,A,D,0,,,Y,,Y,,C,02,0,0,0,0,0,0,0,1,0,"- ","- ",34.48115,-119.77207,"SANTA BARBARA",UNINCORPORATED,-119.77208113,34.481146350000003
90071655,2015,2015-12-11,9750,2015-12-09,0750,013766,,3,1,9,4200,0,2,4,,1,024,"CLARK AVENUE","HARP ROAD",24.00,E,N,A,-,N,,,,,,,,,,N,4,0,1,2,A,-,03,22350,,N,C,C,A,A,H,-,A,A,0,,,,,Y,,A,07,0,0,1,0,0,0,0,0,0,"- ","- ",34.858719999999998,-120.40188000000001,"SANTA BARBARA",UNINCORPORATED,-120.41435015,34.86500376
90071698,2015,2015-12-11,9755,2015-12-02,1525,016999,,3,2,9,4200,0,1,3,,1,055,"SR-1 S/B","AZALEA LN",472.00,S,N,A,-,Y,,,,,,,,,,Y,2,0,1,1,A,-,08,22107,,N,F,A,A,A,H,-,A,D,0,,,,,Y,,A,07,1,0,0,0,0,0,0,0,0,"- ","- ",34.7883,-120.50903,"SANTA BARBARA",UNINCORPORATED,-120.50358219,34.73334543
90071924,2015,2015-12-14,9750,2015-12-09,0950,013267,,3,1,9,4200,0,2,4,,1,024,"LAKEVIEW ROAD","LOS PADRES ROAD",57.00,W,N,A,-,N,,,,,,,,,,N,3,0,1,2,A,-,08,22107,,F,G,B,E,A,H,-,A,D,0,Y,,,,Y,,D,22,0,1,0,0,1,0,0,0,0,"- ","- ",34.533999999999999,-120.25530000000001,"SANTA BARBARA",UNINCORPORATED,-120.43145002,34.89452
90072646,2015,2015-12-14,9755,2015-12-09,1640,017255,,3,2,9,4200,0,3,5,,2,050,"SPICA WAY","RIGEL AVE",650.00,N,N,A,-,N,,,,,,,,,,N,3,0,1,3,A,-,08,22107,,N,C,E,A,A,H,-,A,D,0,,,,,Y,,A,01,0,1,0,0,0,0,0,0,0,"- ","- ",34.706020000000002,-120.46371000000001,"SANTA BARBARA",UNINCORPORATED,-120.46373388000001,34.706180740000001
90072719,2015,2015-12-14,9760,2015-11-29,1700,019831,,7,2,9,4200,0,1,3,,1,022,"SR-154 W/B (SAN MARCOS PASS ROAD)","PARADISE RD",48.00,E,N,A,-,Y,,,154,,,,,,W,Y,4,0,1,2,A,-,03,22350,,N,C,C,A,A,H,-,D,D,0,,,,,Y,,A,01,0,0,1,0,0,0,0,0,0,"- ","- ",34.533439999999999,-119.85755,"SANTA BARBARA",UNINCORPORATED,-119.85755236,34.533434409999998
90072806,2015,2015-12-14,9760,2015-12-03,0650,015669,,4,1,9,4200,0,1,2,,1,040,"U.S. 101 NORTHBOUND","MARIPOSA REINA",5280.00,S,N,A,-,Y,,,,,,,,,,Y,3,0,1,1,A,-,08,22107,,N,F,A,A,A,H,-,B,D,0,,,,Y,Y,,G,25,0,1,0,0,0,0,0,0,0,"- ","- ",34.47193,-120.1895,"SANTA BARBARA",UNINCORPORATED,-120.22385991,34.4734646
90072958,2015,2015-12-15,9760,2015-12-07,1948,020211,,1,2,5,4203,0,1,2,,2,011,"US-101 SOUTHBOUND","W. JUNIPERO STREET",246.00,S,N,A,-,Y,,,101,,,,,,S,Y,4,0,1,3,A,-,03,22350,,N,C,C,A,A,H,-,C,D,0,,,,,Y,,A,07,0,0,1,0,0,0,0,0,0,"- ","- ",34.426830000000002,-119.72751,"SANTA BARBARA","SANTA BARBARA",-119.7275088,34.426838660000001
90072996,2015,2015-12-15,9760,2015-12-07,1730,017662,,1,2,9,4200,0,1,2,,2,020,"US-101 N/B (EL CAMINO REAL)",SR-154,1320.00,N,N,A,-,Y,,,101,,,,,,N,N,4,0,1,3,A,-,07,21658,A,N,B,C,A,A,H,-,D,D,0,,,,,Y,,A,08,0,0,1,0,0,0,0,0,0,"- ","- ",34.441049999999997,-119.76445,"SANTA BARBARA",UNINCORPORATED,-119.76445252000001,34.441125309999997
90073040,2015,2015-12-15,9760,2015-12-09,1238,018264,,3,1,5,4203,0,1,2,,2,020,"US-101 NORTHBOUND (EL CAMINO REAL)",SR-154,800.00,N,N,A,-,Y,,,101,,,,,,N,Y,3,0,1,2,A,-,03,22350,,N,E,J,A,A,H,-,A,D,0,,,,,Y,,A,01,0,1,0,0,0,0,0,0,0,"- ","- ",34.441290000000002,-119.76652,"SANTA BARBARA","SANTA BARBARA",-119.76651218000001,34.441056379999999
90073165,2015,2015-12-15,9760,2015-12-13,1558,020211,,7,2,9,4200,0,1,3,,1,022,"SR-154 (SAN MARCOS PASS ROAD)","MARIA YGNACIA LN",400.00,W,N,C,-,Y,,,154,,,,,,,Y,4,0,2,1,A,-,03,22350,,N,F,A,A,B,H,-,A,D,0,,,,,Y,,A,01,0,0,2,0,0,0,0,0,0,"- ","- ",34.470950000000002,-119.77811,"SANTA BARBARA",UNINCORPORATED,-119.7780691,34.470963779999998
90073217,2015,2015-12-15,9760,2015-12-08,1650,017314,,2,2,9,4200,0,3,5,,2,005,"CAMINO DEL SUR","ABREGO ROAD",0.00,,Y,B,-,N,,,,,,,,,,N,4,0,1,2,A,-,12,22450,A,N,D,C,A,A,H,-,C,D,0,,Y,,,Y,,L,04,0,0,1,0,0,0,1,0,0,"- ","- ",34.414239999999999,-119.86271000000001,"SANTA BARBARA",UNINCORPORATED,-119.86253999,34.414190089999998
90074593,2015,2015-12-15,9760,2015-12-08,1510,020211,,2,2,9,4200,0,1,3,,1,014,"SR-192 (EAST VALLEY ROAD)","VALLEY CLUB ROAD",0.00,,Y,A,-,Y,,,192,,,,,,,Y,3,0,2,2,A,-,09,21804,A,N,D,C,A,A,H,-,A,D,0,,,,,Y,,A,01,0,1,1,0,0,0,0,0,0,"- ","- ",34.439320000000002,-119.61875999999999,"SANTA BARBARA",UNINCORPORATED,-119.61876061,34.439641399999999
90074753,2015,2015-12-15,9750,2015-12-10,1710,020121,,4,2,9,4200,0,3,5,,2,020,"LARCH AVENUE","BRADLEY ROAD",10.00,W,N,A,-,N,,,,,,,,,,N,4,0,1,2,A,-,11,21954,A,N,G,B,D,B,H,-,C,D,0,Y,,,,Y,,N,60,0,0,1,0,1,0,0,0,0,"- ","- ",34.886690000000002,-120.41867000000001,"SANTA BARBARA",UNINCORPORATED,-120.41867333,34.886839670000001
90074781,2015,2015-12-15,9750,2015-12-13,1500,016874,,7,2,5,4204,0,1,2,,2,001,"US-101 N/B (EL CAMINO REAL)","MAIN STREET",1584.00,S,N,C,-,Y,,,101,,,,,,N,Y,4,0,1,1,A,-,03,22350,,N,E,I,A,B,H,-,A,D,0,,,,,Y,,A,01,0,0,1,0,0,0,0,0,0,"- ","- ",34.947899999999997,-120.41719000000001,"SANTA BARBARA","SANTA MARIA",-120.41748969,34.947916599999999
90074859,2015,2015-12-15,9750,2015-12-13,1500,020121,,7,2,9,4200,0,3,5,,2,020,"HARRIS GRADE RD.",SR-135,10560.00,W,N,C,-,N,,,,,,,,,,Y,4,0,1,1,A,-,03,22350,,N,F,A,A,B,H,-,A,D,0,,,,,Y,,A,07,0,0,1,0,0,0,0,0,0,"- ","- ",34.745350000000002,-120.43713,"SANTA BARBARA",UNINCORPORATED,-120.43856855999999,34.744416270000002
90075395,2015,2015-12-16,9760,2015-07-10,1520,018995,,5,2,9,4200,0,1,3,,1,022,"SR-154 WESTBOUND","E. CAMINO CIELO",0.00,,Y,A,-,Y,,,154,,,,,,W,Y,1,1,1,2,A,-,03,22350,,N,D,C,A,A,H,-,A,D,0,,,Y,,Y,,C,02,0,0,1,0,0,0,0,1,0,"- ","- ",34.509790000000002,-119.82281,"SANTA BARBARA",UNINCORPORATED,-119.82285383,34.509729139999997
90076319,2015,2015-12-17,9760,2015-12-11,1720,018431,,5,2,4,4214,0,1,2,,1,030,"US-101 S/B","FAIRVEW AVE.",10.00,N,N,A,-,Y,,,101,,,,,,S,Y,4,0,1,4,A,-,03,22350,,N,C,C,A,A,D,-,C,D,0,,,,,Y,,A,01,0,0,1,0,0,0,0,0,0,"- ","- ",34.43956,-119.83262000000001,"SANTA BARBARA",GOLETA,-119.83260915,34.439435230000001