CASE_ID,ACCIDENT_YEAR,PROC_DATE,JURIS,COLLISION_DATE,COLLISION_TIME,OFFICER_ID,REPORTING_DISTRICT,DAY_OF_WEEK,CHP_SHIFT,POPULATION,CNTY_CITY_LOC,SPECIAL_COND,BEAT_TYPE,CHP_BEAT_TYPE,CITY_DIVISION_LAPD,CHP_BEAT_CLASS,BEAT_NUMBER,PRIMARY_RD,SECONDARY_RD,DISTANCE,DIRECTION,INTERSECTION,WEATHER_1,WEATHER_2,STATE_HWY_IND,CALTRANS_COUNTY,CALTRANS_DISTRICT,STATE_ROUTE,ROUTE_SUFFIX,POSTMILE_PREFIX,POSTMILE,LOCATION_TYPE,RAMP_INTERSECTION,SIDE_OF_HWY,TOW_AWAY,COLLISION_SEVERITY,NUMBER_KILLED,NUMBER_INJURED,PARTY_COUNT,PRIMARY_COLL_FACTOR,PCF_CODE_OF_VIOL,PCF_VIOL_CATEGORY,PCF_VIOLATION,PCF_VIOL_SUBSECTION,HIT_AND_RUN,TYPE_OF_COLLISION,MVIW,PED_ACTION,ROAD_SURFACE,ROAD_COND_1,ROAD_COND_2,LIGHTING,CONTROL_DEVICE,CHP_ROAD_TYPE,PEDESTRIAN_ACCIDENT,BICYCLE_ACCIDENT,MOTORCYCLE_ACCIDENT,TRUCK_ACCIDENT,NOT_PRIVATE_PROPERTY,ALCOHOL_INVOLVED,STWD_VEHTYPE_AT_FAULT,CHP_VEHTYPE_AT_FAULT,COUNT_SEVERE_INJ,COUNT_VISIBLE_INJ,COUNT_COMPLAINT_PAIN,COUNT_PED_KILLED,COUNT_PED_INJURED,COUNT_BICYCLIST_KILLED,COUNT_BICYCLIST_INJURED,COUNT_MC_KILLED,COUNT_MC_INJURED,PRIMARY_RAMP,SECONDARY_RAMP,LATITUDE,LONGITUDE,COUNTY,CITY,POINT_X,POINT_Y
90076343,2015,2015-12-17,9760,2015-12-15,0855,014690,,2,1,5,4203,1,1,2,,2,011,"US-101 SB","LAS POSITAS RD",2000.00,S,N,A,-,Y,,,101,,,,,,S,N,4,0,1,2,A,-,03,22350,,N,C,C,A,A,H,-,A,D,0,,,,,Y,,H,14,0,0,1,0,0,0,0,0,0,"- ","- ",34.426810000000003,-119.72784,"SANTA BARBARA","SANTA BARBARA",-119.72782988,34.426883099999998
90076537,2015,2015-12-17,9760,2015-12-15,0215,020528,,2,3,9,4200,0,1,2,,2,010,"US-101 N/B","N PADARO LANE",475.00,N,N,A,-,Y,,,101,,,,,,N,Y,3,0,1,1,A,-,01,23152,A,N,E,I,A,A,H,-,D,D,0,,,,,Y,Y,A,07,0,1,0,0,0,0,0,0,0,"- ","- ",34.416820000000001,-119.58423000000001,"SANTA BARBARA",UNINCORPORATED,-119.58422227,34.416885409999999
90076581,2015,2015-12-17,9760,2015-12-16,0840,015658,,3,1,9,4200,0,3,5,,2,002,"TURNPIKE RD","US 101 S/B ON-RAMP",30.00,S,N,A,-,N,,,101,,,,,,,N,4,0,1,2,A,-,21,22106,,N,C,C,A,A,H,-,A,A,0,,,,,Y,,D,22,0,0,1,0,0,0,0,0,0,"- ","- ",34.442039999999999,-119.78922,"SANTA BARBARA",UNINCORPORATED,-119.78922027,34.442220020000001
90076596,2015,2016-01-07,9760,2015-12-08,0800,018483,,2,1,9,4200,0,3,5,,2,001,"VIA REAL","S. PADARO LANE",1000.00,N,N,A,-,N,,,,,,,,,,N,2,0,1,2,A,-,08,22107,,F,H,G,A,A,H,-,A,D,0,,Y,,,Y,,D,22,1,0,0,0,0,0,1,0,0,"- ","- ",34.412909999999997,-119.55507,"SANTA BARBARA",UNINCORPORATED,-119.58613139000001,34.417375970000002
90078936,2015,2015-12-21,9755,2015-12-19,1135,015973,,6,1,9,4200,0,1,2,,2,004,"US-101 N/B",SR-1,5280.00,S,N,C,-,Y,,,101,,,,,,N,Y,4,0,1,1,A,-,03,22350,,N,E,I,A,B,H,-,A,D,0,,,,,Y,,A,07,0,0,1,0,0,0,0,0,0,"- ","- ",34.495739999999998,-120.23045,"SANTA BARBARA",UNINCORPORATED,-120.23051669,34.495704070000002
90051787,2015,2015-11-16,9760,2015-11-02,1405,019446,,1,2,9,4200,0,1,3,,1,022,"SR-154 W/B","STAGE COACH ROAD",3168.00,E,N,C,-,Y,,,154,,,,,,W,Y,3,0,1,2,A,-,03,22350,,N,A,C,A,B,H,-,A,A,0,,,,,Y,,D,22,0,1,0,0,0,0,0,0,0,"- ","- ",34.50844,-119.8202,"SANTA BARBARA",UNINCORPORATED,-119.82019527999999,34.508451780000001
90051826,2015,2015-11-16,9760,2015-10-25,1705,019831,,7,2,4,4214,0,1,2,,1,030,"US-101 NB (EL CAMINO REAL)","LOS CARNEROS RD",678.00,N,N,A,-,Y,,,101,,,,,,N,Y,4,0,1,1,A,-,08,22107,,N,F,I,A,A,H,-,A,D,0,,,,,Y,,A,07,0,0,1,0,0,0,0,0,0,"- ","- ",34.436529999999998,-119.85738000000001,"SANTA BARBARA",GOLETA,-119.85747387000001,34.436997980000001
90051858,2015,2015-11-16,9750,2015-11-12,0740,013267,,4,1,9,4200,0,1,3,,1,021,"SR-135 S/B (ORCUTT EXPRESSWAY)","CLARK AVENUE U/C",1584.00,S,N,A,-,Y,,,,,,,,,,Y,3,0,1,1,A,-,08,22107,,N,E,I,A,A,H,-,A,D,0,,,,,Y,,A,01,0,1,0,0,0,0,0,0,0,"- ","- ",34.850000000000001,-120.44280999999999,"SANTA BARBARA",UNINCORPORATED,-120.43757017999999,34.860806930000003
90051948,2015,2015-11-16,9760,2015-11-09,1730,017097,,1,2,5,4203,0,1,2,,2,020,"US-101 N/B","LAS POSITAS RD",300.00,N,N,B,-,Y,,,101,,,,,,N,Y,4,0,4,2,A,-,03,22350,,N,C,C,A,B,H,-,C,D,0,,,,,Y,,A,07,0,0,4,0,0,0,0,0,0,"- ","- ",34.4283,-119.73649,"SANTA BARBARA","SANTA BARBARA",-119.7364886,34.428311610000002
90051975,2015,2015-11-16,9760,2015-11-09,0451,020226,,1,3,9,4200,0,1,3,,1,022,"STATE ROUTE 154","PAINTED CAVE RD",1275.00,W,N,C,-,Y,,,154,,,,,,,Y,3,0,1,1,A,-,08,22107,,N,E,A,A,B,H,-,D,D,0,,,,,Y,,D,22,0,1,0,0,0,0,0,0,0,"- ","- ",34.503749999999997,-119.80524,"SANTA BARBARA",UNINCORPORATED,-119.80522949,34.503698350000001
90052202,2015,2015-11-17,9760,2015-11-05,2045,019819,,4,2,9,4200,0,2,4,,1,021,"HOLLISTER AVE","TURNPIKE RD.",40.00,W,N,A,-,N,,,,,,,,,,N,4,0,1,2,A,-,03,22350,,N,C,C,A,A,H,-,C,A,0,,,,,Y,,A,08,0,0,1,0,0,0,0,0,0,"- ","- ",34.435949999999998,-119.7099,"SANTA BARBARA",UNINCORPORATED,-119.78957895000001,34.436614550000002
90052229,2015,2015-11-17,9760,2015-11-10,1700,017314,,2,2,9,4200,0,3,5,,2,005,"EMBARCADERO DEL MAR","PARDALL ROAD",0.00,,Y,A,-,N,,,,,,,,,,N,4,0,1,2,A,-,09,21802,A,N,E,G,A,A,H,-,C,D,0,,Y,,,Y,,A,01,0,0,1,0,0,0,1,0,0,"- ","- ",,,"SANTA BARBARA",UNINCORPORATED,-119.85702986,34.413120069999998
90052542,2015,2015-11-17,9750,2015-11-14,0630,013267,,6,1,9,4200,0,1,3,,1,064,"SR-166 E/B","COTTONWOOD CANYON ROAD",3696.00,E,N,A,-,Y,,,166,,,,,,E,Y,3,0,1,1,A,-,08,22107,,N,E,I,A,A,H,-,A,D,0,,,,,Y,,A,01,0,1,0,0,0,0,0,0,0,"- ","- ",35.028919999999999,-119.86664,"SANTA BARBARA",UNINCORPORATED,-119.86668629,35.028866149999999
90052626,2015,2015-11-17,9760,2015-11-13,0855,017674,,5,1,5,4203,0,1,2,,2,020,"US-101 S/B","SR-154 O/C",255.00,N,N,A,-,Y,,,101,,,,,,S,Y,4,0,3,4,A,-,03,22350,,N,C,C,A,A,H,-,A,D,0,,,,,Y,,D,22,0,0,3,0,0,0,0,0,0,"- ","- ",34.441090000000003,-119.76188999999999,"SANTA BARBARA","SANTA BARBARA",-119.76188843,34.441060569999998
90052817,2015,2015-11-17,9760,2015-11-13,1820,019831,,5,2,5,4203,0,1,2,,2,011,"US-101 SB (EL CAMINO REAL)","MISSION ST",74.00,N,N,A,-,Y,,,101,,,,,,S,Y,4,0,1,2,A,-,03,22350,,N,C,C,A,A,H,-,C,D,0,,,,,Y,,A,07,0,0,1,0,0,0,0,0,0,"- ","- ",34.42398,-119.71854,"SANTA BARBARA","SANTA BARBARA",-119.71848082,34.424058909999999
90053405,2015,2015-11-18,9760,2015-11-16,0835,16739,,1,1,9,4200,0,3,5,,2,005,"DEL PLAYA DR.","CAMINO PESCADERO",400.00,W,N,A,-,N,,,,,,,,,,N,3,0,2,2,A,-,17,21200,,N,H,B,F,A,H,-,A,D,0,Y,Y,,,Y,,L,04,0,1,1,0,1,0,1,0,0,"- ","- ",34.409750000000003,-119.86123000000001,"SANTA BARBARA",UNINCORPORATED,-119.86003504999999,34.409762190000002
90054163,2015,2015-11-19,9760,2015-11-08,1405,019446,,7,2,9,4200,0,1,3,,1,028,"SR-154 W/B TO SR-192",SR-192,0.00,,Y,A,-,Y,,,154,,,,R,,W,Y,4,0,1,2,A,-,09,21802,A,N,D,C,A,A,H,-,A,A,0,,,Y,,Y,,A,01,0,0,1,0,0,0,0,0,1,"- ","- ",34.451300000000003,-119.7616,"SANTA BARBARA",UNINCORPORATED,-119.7616,34.451300000000003
90054320,2015,2015-11-19,9750,2015-11-12,1510,012697,,4,2,9,4200,0,1,2,,2,001,"US-101 N/B (LOREN D. SCRUGGS MEM. HWY)","SANTA MARIA WAY",2323.00,N,N,A,-,Y,,,101,,,,,,N,Y,3,0,3,1,C,-,18,,,N,E,I,A,A,H,-,A,D,0,,,,,Y,,-,"- ",0,2,1,0,0,0,0,0,0,"- ","- ",34.897739999999999,-120.41813999999999,"SANTA BARBARA",UNINCORPORATED,-120.41811524000001,34.897739860000001
90054607,2015,2015-11-19,9750,2015-11-14,1430,012697,,6,2,9,4200,0,3,5,,2,020,"HARRIS GRADE RD",SR-135,5280.00,S,N,A,-,Y,,,,,,,,,,Y,4,0,1,1,A,-,03,22350,,N,F,I,A,A,H,-,A,A,0,,,Y,,Y,,C,02,0,0,1,0,0,0,0,0,1,"- ","- ",37.754080000000002,-120.43237000000001,"SANTA BARBARA",UNINCORPORATED,-120.43200225,34.757194370000001
90056187,2015,2015-11-20,9750,2015-11-13,1625,016773,,5,2,9,4200,0,3,5,,2,020,"HARP ROAD","CLARK AVENUE",0.00,,Y,A,-,N,,,,,,,,,,N,4,0,1,2,A,-,10,21950,A,N,G,B,B,A,H,-,A,A,0,Y,,,,Y,,D,22,0,0,1,0,1,0,0,0,0,"- ","- ",34.865020000000001,-120.41457,"SANTA BARBARA",UNINCORPORATED,-120.41442997999999,34.865000039999998
90056386,2015,2015-11-20,9750,2015-11-18,1625,012697,,3,2,5,4204,0,1,2,,2,001,"US-101 S/B TO DONOVAN ROAD","DONOVAN ROAD",50.00,N,N,A,-,Y,,,101,,,,R,,S,N,4,0,1,2,A,-,21,22106,,N,C,C,A,A,H,-,A,A,0,,,,,Y,,A,01,0,0,1,0,0,0,0,0,0,"- ","- ",34.967939999999999,-120.42466,"SANTA BARBARA","SANTA MARIA",-120.42466,34.967939999999999
90057671,2015,2015-11-23,9755,2015-11-14,1900,020202,,6,2,9,4200,0,3,5,,2,040,"BRINKERHOFF AVE","LONG VALLEY RD",275.00,S,N,A,-,N,,,,,,,,,,Y,3,0,1,1,A,-,01,23152,A,N,E,I,A,A,H,-,D,D,0,,,,,Y,Y,D,22,0,1,0,0,0,0,0,0,0,"- ","- ",34.661729999999999,-120.05698,"SANTA BARBARA",UNINCORPORATED,-120.0565084,34.662253790000001
90057742,2015,2015-11-23,9755,2015-11-21,0440,019464,,6,3,9,4200,0,1,3,,1,042,"SR-154 WESTBOUND","RANCHO ALEGRE (2860 SR-154)",410.00,W,N,A,-,Y,,,154,,,,,,W,Y,3,0,1,1,A,-,01,23152,A,N,E,I,A,A,H,-,D,D,0,,,,,Y,Y,A,01,0,1,0,0,0,0,0,0,0,"- ","- ",34.568660000000001,-119.95258,"SANTA BARBARA",UNINCORPORATED,-119.95267541,34.568603420000002
90057765,2015,2015-11-23,9755,2015-11-22,2231,019292,,7,3,9,4200,0,1,2,,2,004,"US-101 S/B","GAVIOTA STATE BEACH RD",2640.00,N,N,A,-,Y,,,101,,,,,,S,Y,3,0,1,2,A,-,03,22350,,M,C,C,A,A,H,-,C,D,0,,,Y,,Y,,-,99,0,1,0,0,0,0,0,0,1,"- ","- ",34.486400000000003,-120.22792,"SANTA BARBARA",UNINCORPORATED,-120.22796907,34.486448520000003
90057788,2015,2015-11-23,9755,2015-11-22,2312,017910,,7,3,9,4200,0,1,2,,2,004,"US-101 N/B","OLD COAST HWY",7392.00,S,N,B,-,Y,,,101,,,,,,N,Y,3,0,1,2,A,-,03,22350,,N,C,C,A,A,H,-,C,D,0,,,,Y,Y,,A,01,0,1,0,0,0,0,0,0,0,"- ","- ",34.526470000000003,-120.19803,"SANTA BARBARA",UNINCORPORATED,-120.19809183,34.526526330000003
90058950,2015,2015-11-24,9755,2015-11-22,1625,013618,,7,2,9,4200,0,1,3,,1,055,"RT 1","FIREFIGHTER ROAD",3696.00,N,N,A,-,Y,,,1,,,,,,,Y,3,0,1,2,A,-,07,21658,A,N,C,C,A,A,H,-,A,D,0,,,Y,,Y,,A,01,0,1,0,0,0,0,0,0,1,"- ","- ",34.7669,-120.51245,"SANTA BARBARA",UNINCORPORATED,-120.51234058999999,34.76687733
90059030,2015,2015-11-24,9760,2015-11-13,1358,019831,,5,1,9,4200,0,1,3,,1,014,"SR-192 (E. VALLEY ROAD)","HOT SPRINGS RD",0.00,,Y,A,-,Y,,,192,,,,,,,Y,3,0,1,2,D,-,00,,,N,D,C,A,A,H,-,A,A,0,,,,,Y,,-,"- ",0,1,0,0,0,0,0,0,0,"- ","- ",34.435969999999998,-119.64153,"SANTA BARBARA",UNINCORPORATED,-119.64152932,34.435963549999997
90059097,2015,2015-11-24,9760,2015-11-15,1805,019831,,7,2,9,4200,0,1,2,,1,030,"US-101 SOUTHBOUND","FAIRVIEW AVE",800.00,N,N,A,-,Y,,,101,,,,,,S,Y,4,0,2,1,A,-,08,22107,,N,E,I,A,A,H,-,C,D,0,,,,,Y,,A,01,0,0,2,0,0,0,0,0,0,"- ","- ",34.438760000000002,-119.83954,"SANTA BARBARA",UNINCORPORATED,-119.83954417,34.438803190000002
90059138,2015,2016-01-15,9760,2015-11-16,1250,021061,,1,1,5,4203,0,1,2,,2,011,"US-101 N/B","CARRILLO ST",1584.00,S,N,A,-,Y,,,101,,,,,,N,Y,3,0,1,3,A,-,03,22350,,N,C,C,A,A,H,-,A,D,0,,,,,Y,,D,22,0,1,0,0,0,0,0,0,0,"- ","- ",34.413269999999997,-119.70323,"SANTA BARBARA","SANTA BARBARA",-119.70326398,34.413204880000002
90059151,2015,2015-11-24,9755,2015-11-24,1230,018264,,2,1,9,4200,0,3,5,,2,040,"EDISON ST","NUMANCIA ST",75.00,S,N,A,-,N,,,,,,,,,,N,4,0,1,2,A,-,03,22350,,N,C,C,A,A,H,-,A,D,0,,,,,Y,,A,01,0,0,1,0,0,0,0,0,0,"- ","- ",34.610849999999999,-120.08183,"SANTA BARBARA",UNINCORPORATED,-120.08179,34.611224030000002
90059156,2015,2015-11-24,9760,2015-11-17,1535,017662,,2,2,9,4200,0,3,5,,2,001,"N. JAMESON LANE","LA VEREDA ROAD",0.00,,Y,A,-,N,,,,,,,,,,Y,2,0,1,2,A,-,09,21802,A,N,D,C,A,A,H,-,A,A,0,,,Y,,Y,,A,07,1,0,0,0,0,0,0,0,1,"- ","- ",34.422930000000001,-119.63368,"SANTA BARBARA",UNINCORPORATED,-119.63306991,34.422990050000003
90059168,2015,2015-11-24,9760,2015-11-17,1750,017097,,2,2,5,4203,0,1,2,,2,020,"US-101 N/B","LAS POSITAS RD",300.00,N,N,A,-,Y,,,101,,,,,,N,N,4,0,1,2,A,-,03,22350,,N,C,C,A,A,H,-,C,D,0,,,,,Y,,D,22,0,0,1,0,0,0,0,0,0,"- ","- ",34.4283,-119.73641000000001,"SANTA BARBARA","SANTA BARBARA",-119.73640975000001,34.428302109999997
90059304,2015,2015-11-25,9750,2015-11-24,0910,014358,,2,1,9,4200,0,1,3,,1,022,"SR 1 SOUTHBOUND","SAN ANTONIO ROAD EAST",1056.00,S,N,A,-,Y,,,1,,,,,,S,Y,4,0,1,1,A,-,08,22107,,N,F,A,A,A,H,-,A,D,0,,,,,Y,,D,22,0,0,1,0,0,0,0,0,0,"- ","- ",34.774700000000003,-120.49078,"SANTA BARBARA",UNINCORPORATED,-120.49077955,34.774673640000003
90059555,2015,2015-11-25,9760,2015-11-17,2214,020528,,2,3,9,4200,0,3,5,,2,005,"EL COLEGIO RD","CAMINO DEL SUR",0.00,,Y,A,-,N,,,,,,,,,,N,4,0,1,2,A,-,09,21801,A,N,H,G,A,A,H,-,C,A,0,,Y,,,Y,,A,01,0,0,1,0,0,0,1,0,0,"- ","- ",34.417349999999999,-119.86245,"SANTA BARBARA",UNINCORPORATED,-119.86253997,34.417310110000003
90059632,2015,2015-11-25,9760,2015-11-18,1725,017097,,3,2,5,4203,0,1,2,,2,011,"US-101 S/B","MISSION ST",1056.00,N,N,A,-,Y,,,101,,,,,,S,N,4,0,1,4,A,-,03,22350,,N,C,C,A,A,H,-,D,D,0,,,,,Y,,A,08,0,0,1,0,0,0,0,0,0,"- ","- ",34.42651,-119.72521,"SANTA BARBARA","SANTA BARBARA",-119.72520711,34.426525150000003
90061431,2015,2015-11-30,9755,2015-11-26,1209,012436,,4,1,9,4200,0,1,2,,2,004,US-101NB,SR-154,7392.00,N,N,A,-,Y,,,101,,,,,,,Y,4,0,1,1,A,-,08,22107,,N,E,I,A,A,H,-,A,D,0,,,,,Y,,A,01,0,0,1,0,0,0,0,0,0,"- ","- ",34.701720000000002,-120.16793,"SANTA BARBARA",UNINCORPORATED,-120.16796381,34.701693499999998
90061819,2015,2015-11-30,9750,2015-11-24,1304,016170,,2,1,9,4200,0,1,3,,1,022,"SR-1 S/B (CABRILLO HIGHWAY)","SAN ANTONIO ROAD WEST",1056.00,N,N,A,-,Y,,,1,,,,,,S,Y,4,0,1,1,A,-,08,22107,,N,F,A,A,A,H,-,A,D,0,,,,,Y,,A,01,0,0,1,0,0,0,0,0,0,"- ","- ",34.774819999999998,-120.49218,"SANTA BARBARA",UNINCORPORATED,-120.49218719,34.774785649999998
90062529,2015,2015-12-01,9760,2015-11-19,1500,017662,,4,2,9,4200,0,3,5,,2,005,"EL COLEGIO RD","CAMINO CORTO",0.00,,Y,A,-,N,,,,,,,,,,N,4,0,1,2,A,-,17,21451,A,N,D,G,A,A,H,-,A,A,0,,Y,,,Y,,A,08,0,0,1,0,0,0,1,0,0,"- ","- ",34.417380000000001,-119.86660000000001,"SANTA BARBARA",UNINCORPORATED,-119.86655992999999,34.417450109999997
90062642,2015,2015-12-01,9755,2015-11-24,1735,012436,,2,2,9,4200,0,1,3,,2,041,SR-246,"HILL HAVEN RD",0.00,,Y,B,-,Y,,,246,,,,,,,Y,4,0,1,2,A,-,03,22350,,N,C,C,A,A,H,-,D,D,0,,,,,Y,,A,01,0,0,1,0,0,0,0,0,0,"- ","- ",34.601730000000003,-120.12291,"SANTA BARBARA",UNINCORPORATED,-120.12294786,34.601777040000002
90062935,2015,2015-12-01,9760,2015-11-21,0049,019819,,6,3,5,4203,0,1,2,,2,011,"US-101 S/B","MILPAS ST",528.00,S,N,A,-,Y,,,101,,,,,,S,Y,4,0,1,1,A,-,08,22107,,N,E,I,A,A,H,-,C,D,0,,,,,Y,,A,01,0,0,1,0,0,0,0,0,0,"- ","- ",34.419620000000002,-119.67198999999999,"SANTA BARBARA","SANTA BARBARA",-119.67199536,34.419729789999998
90063025,2015,2015-12-01,9760,2015-11-21,1903,019831,,6,2,5,4203,0,1,2,,2,020,"US-101 NB (EL CAMINO REAL)","TURNPIKE ROAD",314.00,N,N,A,-,Y,,,,,,,,,,Y,4,0,1,1,A,-,08,22107,,N,E,I,A,A,H,-,C,D,0,,,,,Y,,A,01,0,0,1,0,0,0,0,0,0,"- ","- ",34.442309999999999,-119.79082,"SANTA BARBARA","SANTA BARBARA",-119.78925,34.442439999999998
90090287,2015,2016-01-07,9755,2015-12-29,1110,012518,,2,1,9,4200,0,3,5,,2,040,"BALLARD CANYON ROAD SOUTHBOUND","VIA DE LOS RANCHOS",30.00,N,N,A,-,N,,,,,,,,,,N,2,0,2,1,A,-,08,22107,,N,F,A,A,A,H,-,A,D,0,,,Y,,Y,,C,02,1,1,0,0,0,0,0,0,2,"- ","- ",34.642420000000001,-120.13874,"SANTA BARBARA",UNINCORPORATED,-120.13872864,34.642440620000002
90090844,2015,2016-01-07,9750,2015-12-30,1953,020121,,3,2,9,4200,0,1,3,,1,011,"SR-166 E/B","SIMAS RD.",0.00,,Y,A,-,Y,,,166,,,,,,E,Y,3,0,2,2,A,-,12,22450,A,N,D,C,A,A,H,-,C,A,0,,,,,Y,,-,"- ",0,1,1,0,0,0,0,0,0,"- ","- ",34.957419999999999,-120.55822000000001,"SANTA BARBARA",UNINCORPORATED,-120.55822001999999,34.957414659999998
90092250,2015,2016-01-26,9750,2015-12-28,0645,015514,,1,1,9,4200,0,1,3,,1,022,"SR-1 S/B","NORTH Y",1584.00,S,N,C,-,Y,,,1,,,,,,S,Y,4,0,2,2,A,-,03,22350,,N,C,C,A,B,H,-,B,D,0,,,,,Y,,D,22,0,0,2,0,0,0,0,0,0,"- ","- ",34.839709999999997,-120.45162999999999,"SANTA BARBARA",UNINCORPORATED,-120.45189351,34.839683899999997
90095430,2015,2016-01-14,9755,2015-12-18,0650,016999,,5,1,9,4200,0,1,3,,1,053,"SR-246 E/B","RIVERVIEW DR",6494.00,W,N,A,-,Y,,,246,,,,,,E,Y,2,0,1,1,A,-,08,22107,,N,F,A,A,A,H,-,B,D,0,,,,,Y,,A,07,1,0,0,0,0,0,0,0,0,"- ","- ",34.622950000000003,-120.23047,"SANTA BARBARA",UNINCORPORATED,-120.23040717000001,34.622679269999999
90096360,2015,2016-01-15,9760,2015-11-17,0755,16739,,2,1,4,4214,0,1,2,,1,030,"US-101 S/B (EL CAMINO REAL)","LOS CARNEROS RD.",528.00,N,N,A,-,Y,,,101,,,,,,S,N,4,0,1,2,A,-,03,22350,,N,C,C,A,A,H,-,A,D,0,,,,,Y,,A,01,0,0,1,0,0,0,0,0,0,"- ","- ",34.437139999999999,-119.85427,"SANTA BARBARA",GOLETA,-119.85431773000001,34.437404000000001
90102331,2015,2016-01-26,9760,2015-12-27,0040,020757,,7,3,5,4203,0,1,2,,2,011,"US-101 N/B","SALINAS STREET",413.00,S,N,A,-,Y,,,101,,,,,,N,Y,4,0,1,2,A,-,03,22350,,N,C,C,A,A,H,-,C,D,0,,,,,Y,,A,07,0,0,1,0,0,0,0,0,0,"- ","- ",34.421709999999997,-119.66499,"SANTA BARBARA","SANTA BARBARA",-119.66498506000001,34.421693189999999
90129147,2015,2016-03-09,9760,2015-10-30,2140,020323,,5,2,9,4200,0,2,4,,1,021,"HOLLISTER AVENUE","ARBOLEDA RD",69.00,W,N,A,-,N,,,,,,,,,,Y,1,1,0,3,A,-,11,21954,A,F,G,B,E,A,H,-,D,D,0,Y,,,,Y,Y,N,60,0,0,0,1,0,0,0,0,0,"- ","- ",34.439700000000002,-119.77245000000001,"SANTA BARBARA",UNINCORPORATED,-119.77252253,34.439686369999997
90140509,2015,2016-03-21,9760,2015-10-17,0110,020511,,6,3,9,4200,0,1,2,,2,010,"US-101 S/B (EL CAMINO REAL)","EVANS AVE",2357.00,N,N,A,-,Y,,,101,,,,,,S,Y,1,1,0,3,A,-,08,22107,,N,B,E,A,A,H,-,D,D,0,,,,Y,Y,,A,08,0,0,0,0,0,0,0,0,0,"- ","- ",34.420749999999998,-119.60638,"SANTA BARBARA",UNINCORPORATED,-119.60637885,34.420670899999998
90165556,2015,2016-04-26,9755,2015-12-06,1040,013618,,7,1,9,4200,0,3,5,,2,050,"HARRIS GRADE ROAD","BURTON MESA BLVD",1584.00,N,N,A,-,N,,,,,,,,,,Y,2,0,3,1,A,-,08,22107,,F,F,A,A,A,H,-,A,D,0,,,,,Y,,A,01,1,1,1,0,0,0,0,0,0,"- ","- ",34.693249999999999,-120.44618,"SANTA BARBARA",UNINCORPORATED,-120.44561538000001,34.694442199999997
90078966,2015,2015-12-21,9755,2015-12-14,1319,014934,,1,1,9,4200,0,3,5,,2,050,"OCEAN AVE","FLORADALE AVE",0.00,,Y,A,-,Y,,,,,,,,,,Y,3,0,2,2,A,-,09,21801,A,N,D,C,A,A,H,-,A,A,0,,,,,Y,,A,07,0,2,0,0,0,0,0,0,0,"- ","- ",34.639960000000002,-120.49333,"SANTA BARBARA",UNINCORPORATED,-120.49315996,34.63988003
90078987,2015,2015-12-21,9755,2015-12-20,1040,015973,,7,1,9,4200,0,1,3,,1,042,SR-154,"LAKEVIEW RD",4224.00,E,N,A,-,Y,,,154,,,,,,,Y,3,0,2,1,A,-,08,22107,,N,E,I,A,A,H,-,A,D,0,,,,,Y,,A,01,0,2,0,0,0,0,0,0,0,"- ","- ",34.567399999999999,-119.94242,"SANTA BARBARA",UNINCORPORATED,-119.94242319999999,34.567391860000001
90079007,2015,2015-12-21,9755,2015-12-11,1720,017255,,5,2,9,4200,0,1,2,,2,004,"US-101 N/B",SR-1,8976.00,N,N,A,-,Y,,,101,,,,,,N,Y,2,0,2,1,A,-,03,22350,,N,E,I,A,B,H,-,A,D,0,,,,,Y,,D,22,1,0,1,0,0,0,0,0,0,"- ","- ",34.523409999999998,-120.20438,"SANTA BARBARA",UNINCORPORATED,-120.20438944999999,34.523481199999999
90079341,2015,2015-12-21,9755,2015-12-19,1020,015973,,6,1,9,4200,0,1,3,,1,042,SR-154,"ZACA STATION RD.",1056.00,E,N,C,-,Y,,,154,,,,,,,Y,3,0,2,2,A,-,03,22350,,N,B,C,A,B,H,-,A,D,0,,,,,Y,,A,07,0,1,1,0,0,0,0,0,0,"- ","- ",34.681199999999997,-120.15040999999999,"SANTA BARBARA",UNINCORPORATED,-120.15041506,34.681223080000002